epoch,accuracy,dice_avg,dice_liver,dice_tumor,iou_liver,iou_tumor,learning_rate,loss,precision_liver,precision_tumor,recall_liver,recall_tumor,val_accuracy,val_dice_avg,val_dice_liver,val_dice_tumor,val_iou_liver,val_iou_tumor,val_loss,val_precision_liver,val_precision_tumor,val_recall_liver,val_recall_tumor
0,0.9146478176116943,0.4015679657459259,0.8006619215011597,0.0024739515502005816,0.6915498971939087,0.00124799192417413,4.199999966658652e-05,0.8484665751457214,0.7933815121650696,0.02807631716132164,0.8186497688293457,0.07669006288051605,0.22430390119552612,0.08040909469127655,0.1608181893825531,3.924902625129789e-09,0.08771178871393204,3.924902625129789e-09,3.078549385070801,0.08771178871393204,0.0,1.0,0.0
1,0.9864141941070557,0.5155919194221497,0.9113031029701233,0.11988084763288498,0.837766706943512,0.07682079076766968,4.199999966658652e-05,0.4719192385673523,0.9008527398109436,0.38216546177864075,0.9252069592475891,0.0823841542005539,0.9057421684265137,0.20292194187641144,0.4058437645435333,1.1323076876124105e-07,0.2560279071331024,1.1323076876124105e-07,1.1158134937286377,0.3715904951095581,0.0,0.46046483516693115,0.0
2,0.9903616309165955,0.6847019791603088,0.9368837475776672,0.4325198233127594,0.8816618323326111,0.32099229097366333,4.199999966658652e-05,0.4296719431877136,0.9300363659858704,0.6204439401626587,0.9455257654190063,0.36630985140800476,0.9289669990539551,0.2753574252128601,0.5507147312164307,7.182816830209049e-08,0.3824514150619507,7.182816830209049e-08,0.8716138601303101,0.5039061307907104,0.0,0.6195201277732849,0.0
3,0.9922316670417786,0.7747329473495483,0.9487761855125427,0.6006897687911987,0.9027538299560547,0.470340371131897,4.199999966658652e-05,0.4093165993690491,0.9437031745910645,0.720737099647522,0.9550305008888245,0.5454885363578796,0.9349969625473022,0.3055651783943176,0.6071462035179138,0.003984116017818451,0.43868952989578247,0.0020964881405234337,0.8005708456039429,0.5330324172973633,0.028571419417858124,0.7209399342536926,0.0021413275972008705
4,0.9930288791656494,0.7999747395515442,0.9535762667655945,0.6463733911514282,0.9114744067192078,0.5181317925453186,4.199999966658652e-05,0.3989369571208954,0.9487254619598389,0.7466912865638733,0.9594091176986694,0.5993145108222961,0.9704742431640625,0.44658440351486206,0.7831124663352966,0.11005616933107376,0.6456961035728455,0.0840851292014122,0.5262242555618286,0.8461369276046753,0.18325255811214447,0.7330052852630615,0.10486336052417755
5,0.9936555624008179,0.8167767524719238,0.9583340287208557,0.6752196550369263,0.9201263189315796,0.5457208752632141,4.199999966658652e-05,0.3913843035697937,0.9551663994789124,0.777362585067749,0.9622974395751953,0.6323047876358032,0.9868301153182983,0.5760001540184021,0.9074444770812988,0.24455581605434418,0.8315189480781555,0.17350175976753235,0.43198081851005554,0.8850395679473877,0.5729354619979858,0.9321563243865967,0.18148906528949738
6,0.9944056868553162,0.8348277807235718,0.9631462097167969,0.7065098285675049,0.9290082454681396,0.5826008319854736,4.199999966658652e-05,0.38441401720046997,0.960009753704071,0.7983176708221436,0.9669822454452515,0.6615411639213562,0.9934207201004028,0.7997708916664124,0.9540519714355469,0.6454898715019226,0.9122728705406189,0.5238851308822632,0.38941776752471924,0.9720227718353271,0.8454617857933044,0.9369724988937378,0.5631110668182373
7,0.9949749112129211,0.8618517518043518,0.9664424061775208,0.757260799407959,0.9351871013641357,0.6330879330635071,4.199999966658652e-05,0.37936797738075256,0.9630690217018127,0.8206446170806885,0.9704355001449585,0.7185690402984619,0.9952957034111023,0.8824697732925415,0.9677924513816833,0.7971470355987549,0.9376250505447388,0.6716071963310242,0.3785128891468048,0.9619917869567871,0.8766412138938904,0.9737502932548523,0.7414062023162842
8,0.9953709244728088,0.863921046257019,0.9691554307937622,0.7586866617202759,0.9402558207511902,0.6421462297439575,4.199999966658652e-05,0.375570148229599,0.966697096824646,0.8262384533882141,0.9720985293388367,0.7228753566741943,0.9959503412246704,0.8955440521240234,0.9717886447906494,0.8192993402481079,0.9451503753662109,0.7015833854675293,0.3729807734489441,0.9798369407653809,0.8698845505714417,0.9639438390731812,0.7807941436767578
9,0.9955536127090454,0.8637115955352783,0.9705874919891357,0.7568362355232239,0.9429309964179993,0.6451675295829773,4.199999966658652e-05,0.37283438444137573,0.967837393283844,0.8274472951889038,0.9738240838050842,0.7256554961204529,0.9963549971580505,0.8749571442604065,0.9752883911132812,0.7746257781982422,0.9517934322357178,0.6538457274436951,0.3692968487739563,0.9745444655418396,0.884260356426239,0.9760799407958984,0.7310115098953247
10,0.9964739084243774,0.8678436875343323,0.9767504334449768,0.7589369416236877,0.9545995593070984,0.648735523223877,4.199999966658652e-05,0.3671635091304779,0.9746217131614685,0.8177118897438049,0.979104220867157,0.7318756580352783,0.9957638382911682,0.9052731394767761,0.9697197079658508,0.8408266305923462,0.9412569999694824,0.728800356388092,0.37052762508392334,0.9912267923355103,0.8259416222572327,0.9491795301437378,0.8625311255455017
11,0.9963971972465515,0.8936876654624939,0.9759259223937988,0.8114495873451233,0.9530617594718933,0.7062875628471375,4.199999966658652e-05,0.36621567606925964,0.9744895100593567,0.8565812110900879,0.9776685833930969,0.7883331179618835,0.9964278936386108,0.8913320302963257,0.9757453799247742,0.8069188594818115,0.9526602029800415,0.7010231614112854,0.36595672369003296,0.9868084788322449,0.9127122759819031,0.9649584293365479,0.7594350576400757
12,0.9961349368095398,0.8805015683174133,0.9740394353866577,0.7869638204574585,0.9495193958282471,0.6817370057106018,4.199999966658652e-05,0.36650142073631287,0.9718780517578125,0.8471731543540955,0.9765524864196777,0.760138750076294,0.9964678883552551,0.9016835689544678,0.9762140512466431,0.8271528482437134,0.9535639882087708,0.709708034992218,0.36570340394973755,0.9704660773277283,0.7794343829154968,0.9820907115936279,0.889031171798706
13,0.9968115091323853,0.901032567024231,0.9787478446960449,0.8233171105384827,0.9584285020828247,0.7201807498931885,4.199999966658652e-05,0.36246296763420105,0.977402925491333,0.8580440282821655,0.9802959561347961,0.8075408935546875,0.9966955780982971,0.8945390582084656,0.9773233532905579,0.811754584312439,0.9556664228439331,0.7144472002983093,0.36268940567970276,0.9883900284767151,0.845583975315094,0.9665241241455078,0.7848680019378662
14,0.9969849586486816,0.9038687348365784,0.9800087213516235,0.8277289867401123,0.9608414173126221,0.7300472855567932,4.199999966658652e-05,0.3606269359588623,0.9787033200263977,0.8568622469902039,0.9814914464950562,0.8099027276039124,0.9967941045761108,0.9200286865234375,0.9771158695220947,0.8629414439201355,0.9553015232086182,0.7641790509223938,0.36203014850616455,0.9864391088485718,0.8811607360839844,0.9680130481719971,0.8533725738525391
15,0.9970314502716064,0.9034563302993774,0.980328381061554,0.8265840411186218,0.9614533185958862,0.7274368405342102,4.199999966658652e-05,0.3595743179321289,0.9793784618377686,0.8463818430900574,0.9814651608467102,0.815525233745575,0.9973706007003784,0.9212074279785156,0.9816232323646545,0.8607916831970215,0.9639290571212769,0.7632792592048645,0.3585146963596344,0.9796690344810486,0.9433504343032837,0.9836078882217407,0.800527036190033
16,0.9974533915519714,0.9240440130233765,0.9831404089927673,0.8649477362632751,0.9668624401092529,0.7725792527198792,4.199999966658652e-05,0.3570007085800171,0.98199462890625,0.8839789628982544,0.9843889474868774,0.8525559306144714,0.9971630573272705,0.9276158213615417,0.9800185561180115,0.8752131462097168,0.9608371257781982,0.7822818756103516,0.35881373286247253,0.987831711769104,0.9566106200218201,0.9723480939865112,0.8112872838973999
17,0.9975250959396362,0.918047308921814,0.9835863709449768,0.852508008480072,0.9677276015281677,0.7638828158378601,4.199999966658652e-05,0.35609427094459534,0.9824948906898499,0.8792965412139893,0.984763503074646,0.8378042578697205,0.9973751902580261,0.913249671459198,0.9822475910186768,0.8442515730857849,0.9651361107826233,0.7582895159721375,0.35738736391067505,0.984812319278717,0.8540343642234802,0.9797167778015137,0.8365762829780579
18,0.9975792765617371,0.9252499938011169,0.9840000867843628,0.8665000200271606,0.9685226678848267,0.7796897888183594,4.199999966658652e-05,0.35534289479255676,0.9830763936042786,0.8910607099533081,0.9850202202796936,0.8557155132293701,0.9974679350852966,0.900277316570282,0.9823325276374817,0.8182219862937927,0.9652969241142273,0.7394720315933228,0.35633429884910583,0.9798493385314941,0.8558099269866943,0.9848653674125671,0.7874362468719482
19,0.9975475072860718,0.927470862865448,0.9837515354156494,0.8711905479431152,0.9680434465408325,0.7883164882659912,4.199999966658652e-05,0.35493573546409607,0.9828463196754456,0.8818514347076416,0.9847779870033264,0.8663490414619446,0.9972164630889893,0.9339897036552429,0.9808995127677917,0.8870800733566284,0.9625380039215088,0.8013474345207214,0.3566781282424927,0.9719621539115906,0.8778549432754517,0.9900224804878235,0.9026973247528076
20,0.9975472092628479,0.9262793064117432,0.9837807416915894,0.8687782287597656,0.9681085348129272,0.7782663106918335,4.199999966658652e-05,0.3544287085533142,0.9829696416854858,0.8984537720680237,0.9847372174263,0.8552756309509277,0.9976757764816284,0.9381275177001953,0.9836400747299194,0.8926147222518921,0.9678246974945068,0.8084056973457336,0.354553759098053,0.987947940826416,0.900063157081604,0.979377806186676,0.8893903493881226
21,0.9978433847427368,0.9186869263648987,0.9857746958732605,0.8515990972518921,0.9719663262367249,0.7632207274436951,4.199999966658652e-05,0.3526342511177063,0.9849551916122437,0.8784013986587524,0.986656665802002,0.8440583944320679,0.9975296258926392,0.8887302875518799,0.9824674725532532,0.7949928045272827,0.9655605554580688,0.6972540020942688,0.35507529973983765,0.9841625094413757,0.9280707836151123,0.9807995557785034,0.7185331583023071
22,0.9978098273277283,0.9165838360786438,0.985523521900177,0.8476442694664001,0.9714758396148682,0.7647415995597839,4.199999966658652e-05,0.35252636671066284,0.9849574565887451,0.8610110282897949,0.9861509203910828,0.8415396213531494,0.9976574778556824,0.9382555484771729,0.9835669994354248,0.8929442763328552,0.9676835536956787,0.8097748756408691,0.3540653884410858,0.9870766997337341,0.8748602271080017,0.9801061153411865,0.9154266119003296
23,0.9978508949279785,0.9208657741546631,0.985668420791626,0.8560630083084106,0.9717641472816467,0.7776852250099182,4.199999966658652e-05,0.3519173860549927,0.9850518107414246,0.8764220476150513,0.9863529801368713,0.8490719795227051,0.997648298740387,0.9180131554603577,0.9838935732841492,0.8521324992179871,0.9683048725128174,0.7698434591293335,0.3532102704048157,0.9882902503013611,0.8693220019340515,0.9795435070991516,0.8422339558601379
24,0.9979457855224609,0.9301978349685669,0.9863877296447754,0.8740078210830688,0.9731512665748596,0.7993068099021912,4.199999966658652e-05,0.351134330034256,0.9858644604682922,0.8796428442001343,0.986954927444458,0.8737269043922424,0.9973992705345154,0.9304287433624268,0.9821151494979858,0.8787424564361572,0.9648754000663757,0.7930514812469482,0.3543115258216858,0.9910513162612915,0.9116755723953247,0.9733650088310242,0.8621717691421509
25,0.9980506896972656,0.9288735389709473,0.9868782758712769,0.8708686232566833,0.9741168022155762,0.7939722537994385,4.199999966658652e-05,0.3504881262779236,0.9863924384117126,0.8921771049499512,0.9874156713485718,0.8590403199195862,0.9977645874023438,0.9320757389068604,0.9843666553497314,0.8797848224639893,0.9692262411117554,0.7934877872467041,0.3525959253311157,0.9830846190452576,0.9210777878761292,0.9856727719306946,0.8482682704925537
26,0.9980201721191406,0.9370167255401611,0.9868273138999939,0.8872067928314209,0.9740139842033386,0.8097972869873047,4.199999966658652e-05,0.35021668672561646,0.9861639142036438,0.8946779370307922,0.9875529408454895,0.8853053450584412,0.9977081418037415,0.9404517412185669,0.9848086833953857,0.896094560623169,0.9700796604156494,0.8128889203071594,0.35152801871299744,0.9823700785636902,0.8883352875709534,0.9872720837593079,0.907423198223114
27,0.99820876121521,0.9286826848983765,0.9881036877632141,0.869261622428894,0.9764983654022217,0.7969301342964172,4.199999966658652e-05,0.3491858243942261,0.9877538084983826,0.8821329474449158,0.988495409488678,0.8619427680969238,0.9979095458984375,0.9275729656219482,0.9853193759918213,0.8698264956474304,0.9710826277732849,0.7967929840087891,0.35104483366012573,0.9854831695556641,0.8599168658256531,0.9851734638214111,0.881883442401886
28,0.9982406497001648,0.9229559898376465,0.988219678401947,0.8576918840408325,0.9767277240753174,0.7855115532875061,4.199999966658652e-05,0.348775178194046,0.9879074692726135,0.874118983745575,0.9885776042938232,0.8546068072319031,0.9979699850082397,0.9234893918037415,0.9856593608856201,0.8613196015357971,0.9717354774475098,0.7867197394371033,0.3507375419139862,0.9850377440452576,0.8935295939445496,0.9862921833992004,0.8373257517814636
29,0.9982454180717468,0.9431408643722534,0.9882581830024719,0.8980236053466797,0.9768002033233643,0.832315981388092,4.199999966658652e-05,0.34839239716529846,0.9877108931541443,0.9060009717941284,0.9888531565666199,0.8948900699615479,0.9979995489120483,0.947150707244873,0.985780656337738,0.9085208773612976,0.9719802737236023,0.8351709842681885,0.35058894753456116,0.9847850203514099,0.9113176465034485,0.986786961555481,0.9075822234153748
30,0.9983149766921997,0.9392379522323608,0.9888387322425842,0.889637291431427,0.9779338240623474,0.819416344165802,4.199999966658652e-05,0.34798306226730347,0.9884790182113647,0.8959934115409851,0.9892379641532898,0.888088583946228,0.9979104399681091,0.9434277415275574,0.98543381690979,0.9014216065406799,0.9712961316108704,0.8265960216522217,0.3504728078842163,0.9883828163146973,0.909028947353363,0.9825182557106018,0.9025104641914368
31,0.9974561929702759,0.9179700613021851,0.9829151630401611,0.8530247211456299,0.9666793346405029,0.7780948877334595,4.199999966658652e-05,0.3522854149341583,0.9826428294181824,0.8741569519042969,0.983416736125946,0.8397626280784607,0.9947839379310608,0.8774150609970093,0.9632186889648438,0.7916117310523987,0.9291753172874451,0.6792968511581421,0.3673980236053467,0.9750118851661682,0.8740327954292297,0.9518780708312988,0.7299681901931763
32,0.9968558549880981,0.9206907749176025,0.9786775708198547,0.8627042174339294,0.958347499370575,0.7720218896865845,4.199999966658652e-05,0.35487309098243713,0.9785177111625671,0.8869125247001648,0.9790380597114563,0.8546109199523926,0.9970583915710449,0.9252463579177856,0.9800248146057129,0.8704681396484375,0.9608593583106995,0.7791556715965271,0.35404133796691895,0.9716410040855408,0.877471923828125,0.9886144399642944,0.8825024962425232
33,0.9980950951576233,0.9363528490066528,0.9871623516082764,0.8855433464050293,0.9746799468994141,0.8119272589683533,4.199999966658652e-05,0.34855204820632935,0.986634373664856,0.8920380473136902,0.9877501726150513,0.8844391107559204,0.9979699850082397,0.9408839344978333,0.9859120845794678,0.8958558440208435,0.972226619720459,0.8217413425445557,0.3501890301704407,0.9877982139587402,0.8943239450454712,0.9840507507324219,0.9015886187553406
34,0.9983714818954468,0.9471455216407776,0.9891651272773743,0.9051263332366943,0.9785738587379456,0.8323661088943481,4.199999966658652e-05,0.34709373116493225,0.9887940883636475,0.9164069890975952,0.9895668625831604,0.9014705419540405,0.9978906512260437,0.9462983012199402,0.9850940108299255,0.9075022339820862,0.9706491231918335,0.8330855369567871,0.3500434160232544,0.9920619130134583,0.9018580913543701,0.9782531261444092,0.916832685470581
35,0.9987460970878601,0.959774911403656,0.9915693402290344,0.9279804229736328,0.9832916259765625,0.8690488934516907,2.099999983329326e-05,0.3455306589603424,0.9910153746604919,0.9335517287254333,0.9921491146087646,0.926227867603302,0.9983071684837341,0.9514051675796509,0.9881430268287659,0.9146673679351807,0.9765715003013611,0.8459023833274841,0.3484838604927063,0.9884945154190063,0.937691867351532,0.9877995848655701,0.8953725695610046
36,0.9989571571350098,0.9587851166725159,0.9930557012557983,0.9245141744613647,0.9862126708030701,0.8707126379013062,2.099999983329326e-05,0.34459683299064636,0.9926678538322449,0.9288005232810974,0.9934529662132263,0.9238523244857788,0.9984084963798523,0.9530682563781738,0.988873302936554,0.917262852191925,0.977999746799469,0.8515647649765015,0.34800946712493896,0.9904607534408569,0.953772783279419,0.987297773361206,0.8847513794898987
37,0.9990231990814209,0.9622873067855835,0.9934567809104919,0.9311182498931885,0.9870031476020813,0.8763436675071716,2.099999983329326e-05,0.3442014753818512,0.9930736422538757,0.9325881004333496,0.9938520789146423,0.9323103427886963,0.9984234571456909,0.9518833756446838,0.9890692830085754,0.9146974682807922,0.97838294506073,0.846932053565979,0.3473837375640869,0.9904554486274719,0.9069468975067139,0.9876921772956848,0.9277305006980896
38,0.9990602135658264,0.9573255777359009,0.9937250018119812,0.9209258556365967,0.9875343441963196,0.8686807751655579,2.099999983329326e-05,0.34397178888320923,0.9934715032577515,0.9244611859321594,0.9939855337142944,0.9201772212982178,0.9983944892883301,0.9385020732879639,0.9888926148414612,0.8881111741065979,0.9780377149581909,0.8289914727210999,0.3475874364376068,0.9902287125587463,0.8802841305732727,0.9875661730766296,0.8984777331352234
39,0.9991104602813721,0.9571622610092163,0.9940708875656128,0.9202536940574646,0.9882147908210754,0.8701654076576233,2.099999983329326e-05,0.34369292855262756,0.9937814474105835,0.9308901429176331,0.9943662881851196,0.9175772666931152,0.9984264969825745,0.956021249294281,0.9889664649963379,0.9230757355690002,0.9781815409660339,0.8597867488861084,0.3473997414112091,0.9911857843399048,0.9106686115264893,0.9867643713951111,0.9392510056495667
40,0.9991198778152466,0.9559585452079773,0.9941038489341736,0.9178136587142944,0.9882808923721313,0.8672487139701843,2.099999983329326e-05,0.34350359439849854,0.9937587976455688,0.9234272241592407,0.9944561123847961,0.9164570569992065,0.9984256029129028,0.9598530530929565,0.9889975190162659,0.930708646774292,0.9782475233078003,0.8733905553817749,0.3472750186920166,0.9882855415344238,0.916828453540802,0.9897177219390869,0.9455491900444031
41,0.999104917049408,0.9576454162597656,0.99402916431427,0.921261727809906,0.9881333708763123,0.871934175491333,2.099999983329326e-05,0.3434743881225586,0.9937816858291626,0.9320184588432312,0.9942852258682251,0.92417311668396,0.9984527826309204,0.9442618489265442,0.9892261624336243,0.8992974758148193,0.9786899089813232,0.8361455798149109,0.34677818417549133,0.9902130365371704,0.9011430144309998,0.9882469177246094,0.9075074791908264
42,0.9991154670715332,0.9708153605461121,0.9940000176429749,0.9476298689842224,0.9880771636962891,0.9018998742103577,2.099999983329326e-05,0.34337317943573,0.9937343597412109,0.9450838565826416,0.9942721724510193,0.9516143202781677,0.9984207153320312,0.9632020592689514,0.9889769554138184,0.9374274611473083,0.978201687335968,0.8829717040061951,0.34738728404045105,0.9910804033279419,0.9439125061035156,0.9868902564048767,0.9324405789375305
43,0.9991645216941833,0.9654099345207214,0.9944128394126892,0.9364064931869507,0.9888917803764343,0.8902979493141174,2.099999983329326e-05,0.34307578206062317,0.9941112399101257,0.9381963610649109,0.994719386100769,0.9364556074142456,0.9984118938446045,0.9595707058906555,0.9888309240341187,0.9303101897239685,0.9779148101806641,0.8718060255050659,0.34750664234161377,0.9902045726776123,0.9386710524559021,0.987468957901001,0.9259605407714844
44,0.9991599321365356,0.9629911184310913,0.9943896532058716,0.931591808795929,0.9888461232185364,0.8858192563056946,2.099999983329326e-05,0.3429765999317169,0.9943119883537292,0.9358059167861938,0.9944744110107422,0.9351232051849365,0.9983615279197693,0.9610888957977295,0.9883752465248108,0.9338027834892273,0.9770268797874451,0.8774784207344055,0.3474261462688446,0.9843289256095886,0.9435200691223145,0.9924665093421936,0.9254644513130188
45,0.9991597533226013,0.9653556942939758,0.9943722486495972,0.9363391995429993,0.9888113141059875,0.8932320475578308,2.099999983329326e-05,0.34288036823272705,0.9940551519393921,0.9391847848892212,0.9946986436843872,0.9360244274139404,0.9983441233634949,0.94227135181427,0.9885043501853943,0.8960383534431458,0.9772740006446838,0.8411612510681152,0.347823828458786,0.9851164221763611,0.8850463032722473,0.9919286966323853,0.9081826210021973
46,0.999144971370697,0.9590149521827698,0.9942651391029358,0.9237648248672485,0.988600492477417,0.8752312660217285,2.099999983329326e-05,0.3428640365600586,0.9939521551132202,0.9365221261978149,0.9945871829986572,0.9221411943435669,0.9983144998550415,0.9391108751296997,0.988391637802124,0.8898299932479858,0.9770559668540955,0.8300731778144836,0.34732043743133545,0.9918898940086365,0.8817501068115234,0.9849222302436829,0.8995529413223267
47,0.9991672039031982,0.9629641175270081,0.9944393038749695,0.931489109992981,0.9889433979988098,0.8860470056533813,2.099999983329326e-05,0.3426901698112488,0.9943830370903015,0.9312555193901062,0.9945048689842224,0.9376465082168579,0.9983007907867432,0.9393667578697205,0.9881942272186279,0.8905391693115234,0.9766715168952942,0.8324431777000427,0.34729722142219543,0.9878641366958618,0.9185390472412109,0.9885319471359253,0.8659512400627136
48,0.9993515610694885,0.9765405058860779,0.9956471920013428,0.9574331641197205,0.9913346767425537,0.9197224378585815,1.049999991664663e-05,0.34197762608528137,0.9953774809837341,0.9560855031013489,0.9959210157394409,0.9597897529602051,0.9985766410827637,0.9601413011550903,0.9899159073829651,0.9303668141365051,0.9800382852554321,0.8717178106307983,0.3464282751083374,0.9900934100151062,0.9389503598213196,0.9897460341453552,0.9235135912895203
49,0.999453604221344,0.9714309573173523,0.9963228106498718,0.9465391039848328,0.9926760196685791,0.90901780128479,1.049999991664663e-05,0.34162312746047974,0.996052086353302,0.948070764541626,0.9965974688529968,0.9465680122375488,0.9985412359237671,0.9630786776542664,0.9898318648338318,0.9363256692886353,0.9798791408538818,0.8821489214897156,0.34616050124168396,0.9908092021942139,0.9630544781684875,0.9888613224029541,0.9120093584060669
50,0.999497652053833,0.9790759086608887,0.9966657757759094,0.9614861011505127,0.9933552742004395,0.929155170917511,1.049999991664663e-05,0.34140926599502563,0.9965867400169373,0.9625093340873718,0.9967465996742249,0.9644903540611267,0.9985531568527222,0.9649841785430908,0.9900408983230591,0.939927339553833,0.9802824258804321,0.887906014919281,0.34567490220069885,0.9889926910400391,0.9483043551445007,0.9910975098609924,0.9326158761978149
51,0.999489426612854,0.9703674912452698,0.9965966939926147,0.9441379308700562,0.9932190775871277,0.9090254306793213,1.049999991664663e-05,0.34140074253082275,0.9964777231216431,0.9469625353813171,0.9967176914215088,0.9475561380386353,0.998563826084137,0.9576582312583923,0.9900386333465576,0.9252777695655823,0.9802794456481934,0.8653494119644165,0.3459653854370117,0.988533616065979,0.9359901547431946,0.9915567636489868,0.9177050590515137
52,0.9995092749595642,0.9742558002471924,0.9967237114906311,0.9517876505851746,0.9934718608856201,0.9188809394836426,1.049999991664663e-05,0.34129032492637634,0.99663907289505,0.9513354301452637,0.9968101382255554,0.9535304307937622,0.9985223412513733,0.9549595713615417,0.9897654056549072,0.9201535582542419,0.979743242263794,0.8594618439674377,0.34602952003479004,0.987652599811554,0.926452100276947,0.9918956756591797,0.9185659289360046
53,0.9995046257972717,0.9703218340873718,0.9967165589332581,0.9439272880554199,0.993456244468689,0.9120436906814575,1.049999991664663e-05,0.3412342369556427,0.9965627789497375,0.9435094594955444,0.9968713521957397,0.9454014301300049,0.9985247850418091,0.9646084308624268,0.9898417592048645,0.9393749833106995,0.9798959493637085,0.8865896463394165,0.3458521366119385,0.9882330894470215,0.9448035359382629,0.9914596080780029,0.9344794750213623
54,0.9995344281196594,0.9761847853660583,0.9968946576118469,0.9554743766784668,0.9938115477561951,0.9247341752052307,1.049999991664663e-05,0.34108567237854004,0.996781587600708,0.9538937211036682,0.99700927734375,0.958682119846344,0.9985275268554688,0.9483876824378967,0.9897196292877197,0.907055675983429,0.979656994342804,0.8474481105804443,0.34624701738357544,0.9899935722351074,0.9140820503234863,0.98945152759552,0.9267752170562744
55,0.999534547328949,0.9800017476081848,0.9969114065170288,0.9630917310714722,0.9938434362411499,0.9301689863204956,1.049999991664663e-05,0.34100085496902466,0.9968351721763611,0.9632507562637329,0.9969896674156189,0.9636772274971008,0.9985321164131165,0.9649248719215393,0.989712655544281,0.9401369690895081,0.9796440005302429,0.8880609273910522,0.34631508588790894,0.988639235496521,0.9424481987953186,0.9907945990562439,0.9386924505233765
56,0.9995545148849487,0.9825990200042725,0.9970523715019226,0.9681453704833984,0.9941244721412659,0.93974769115448,1.049999991664663e-05,0.3409005105495453,0.9969643354415894,0.9649184942245483,0.9971418976783752,0.9719706773757935,0.9985446333885193,0.9607189297676086,0.990030825138092,0.9314071536064148,0.9802647233009338,0.8743544816970825,0.34576213359832764,0.9891136288642883,0.9295800924301147,0.9909570217132568,0.9345526695251465
57,0.9995291829109192,0.9798058867454529,0.9968790411949158,0.9627328515052795,0.9937793016433716,0.9296140074729919,1.049999991664663e-05,0.3409234583377838,0.9967436194419861,0.9602195620536804,0.9970170855522156,0.9669502377510071,0.9985360503196716,0.9647918939590454,0.9895303845405579,0.9400533437728882,0.9792924523353577,0.8882696032524109,0.3463236093521118,0.9910558462142944,0.9509251117706299,0.9880169034004211,0.9305890798568726
58,0.9995610117912292,0.9821697473526001,0.9970916509628296,0.9672478437423706,0.9942008852958679,0.9374157786369324,1.049999991664663e-05,0.3407754898071289,0.9970346689224243,0.965654730796814,0.997150182723999,0.9696829915046692,0.9985525608062744,0.9636439681053162,0.9899095296859741,0.9373782277107239,0.9800293445587158,0.8844015598297119,0.34576305747032166,0.9886205792427063,0.9562972187995911,0.9912082552909851,0.9217070937156677
59,0.9995554089546204,0.975542426109314,0.9970262050628662,0.9540576934814453,0.9940723180770874,0.9219463467597961,1.049999991664663e-05,0.34072279930114746,0.99687659740448,0.9507550001144409,0.9971786737442017,0.9583494663238525,0.9985324144363403,0.962323784828186,0.9899032115936279,0.9347444772720337,0.9800148010253906,0.8791987895965576,0.3461257815361023,0.9913928508758545,0.9244014024734497,0.9884264469146729,0.9461705088615417
60,0.9995222687721252,0.9798898100852966,0.9967959523200989,0.9629840850830078,0.9936150908470154,0.9305844902992249,1.049999991664663e-05,0.3408244252204895,0.996753990650177,0.960507869720459,0.9968395829200745,0.9662293791770935,0.9985119700431824,0.9402342438697815,0.9896417260169983,0.8908268213272095,0.9795003533363342,0.8378891944885254,0.34646332263946533,0.9906617999076843,0.8946039080619812,0.9886303544044495,0.8903816938400269
61,0.9996054768562317,0.9740936756134033,0.9973600506782532,0.9508273601531982,0.9947359561920166,0.9240576028823853,5.249999958323315e-06,0.34052979946136475,0.9972792267799377,0.9482385516166687,0.9974416494369507,0.9540925621986389,0.9985830783843994,0.9582495093345642,0.9900036454200745,0.9264951944351196,0.9802134037017822,0.8697499632835388,0.34601983428001404,0.9908629655838013,0.9188464879989624,0.9891538023948669,0.9375741481781006
62,0.9996717572212219,0.9823189377784729,0.997809648513794,0.9668277502059937,0.9956314563751221,0.9395765066146851,5.249999958323315e-06,0.3402739465236664,0.9977045655250549,0.9651884436607361,0.997916042804718,0.9711824059486389,0.9986270070075989,0.9665157198905945,0.9903041124343872,0.9427276849746704,0.9808028936386108,0.8931328058242798,0.34613218903541565,0.9898396134376526,0.9478203654289246,0.9907763600349426,0.9385268688201904
63,0.9996787905693054,0.9847344160079956,0.9978381991386414,0.9716312289237976,0.9956876635551453,0.9471670389175415,5.249999958323315e-06,0.3402407765388489,0.9977048635482788,0.9678270816802979,0.9979724884033203,0.9766373634338379,0.9986224174499512,0.9582219123840332,0.9902660250663757,0.9261776208877563,0.9807262420654297,0.8709284067153931,0.3459848165512085,0.9895744919776917,0.9392555952072144,0.9909641742706299,0.9144390821456909
64,0.9996984004974365,0.9769472479820251,0.9980046153068542,0.955889880657196,0.9960188269615173,0.929511547088623,5.249999958323315e-06,0.3401271104812622,0.9979951977729797,0.9502677321434021,0.9980146884918213,0.9622887969017029,0.9985708594322205,0.9647833108901978,0.9899736642837524,0.9395928382873535,0.9801524877548218,0.8870317339897156,0.3462466299533844,0.988910436630249,0.9403514266014099,0.9910458922386169,0.9396489858627319
65,0.9996928572654724,0.9839559197425842,0.997976541519165,0.9699358344078064,0.9959629774093628,0.9434410929679871,5.249999958323315e-06,0.3401269018650055,0.9978973865509033,0.9677579998970032,0.9980566501617432,0.9725998640060425,0.998612642288208,0.9387136697769165,0.9903654456138611,0.8870620727539062,0.9809211492538452,0.8358380198478699,0.3458479344844818,0.9907656908035278,0.8811547160148621,0.989972710609436,0.9095843434333801
66,0.9997138381004333,0.985515832901001,0.9980719685554504,0.9729606509208679,0.9961520433425903,0.9486146569252014,5.249999958323315e-06,0.34001433849334717,0.9980013370513916,0.970817506313324,0.9981427192687988,0.9758106470108032,0.9986047148704529,0.9300281405448914,0.9900223612785339,0.8700340390205383,0.9802488684654236,0.8260905742645264,0.3463714122772217,0.9898895025253296,0.8745143413543701,0.9901607632637024,0.8664345741271973
67,0.9997218251228333,0.9754230976104736,0.9981304407119751,0.9527153968811035,0.996269702911377,0.9291582703590393,5.249999958323315e-06,0.33993780612945557,0.9980508685112,0.9533531665802002,0.9982110857963562,0.9547924995422363,0.99859219789505,0.9095180034637451,0.9899959564208984,0.829039990901947,0.9801997542381287,0.7856241464614868,0.34599724411964417,0.9901363253593445,0.8249059915542603,0.9898610711097717,0.8337541818618774
68,0.9997437000274658,0.980933427810669,0.9982869029045105,0.9635798931121826,0.9965817332267761,0.940544068813324,2.6249999791616574e-06,0.33986762166023254,0.9983028173446655,0.9631399512290955,0.9982714056968689,0.9660832285881042,0.9986160397529602,0.9677139520645142,0.9901269674301147,0.945300817489624,0.9804555773735046,0.8979973793029785,0.3461649417877197,0.9897197484970093,0.9435908794403076,0.9905407428741455,0.9478076100349426
69,0.9997852444648743,0.9837819933891296,0.9985811114311218,0.9689826965332031,0.9971672892570496,0.949313759803772,2.6249999791616574e-06,0.33971187472343445,0.9985555410385132,0.9654901027679443,0.9986072778701782,0.9728383421897888,0.9986215233802795,0.9676250219345093,0.9901770949363708,0.9450727105140686,0.9805524945259094,0.8968299031257629,0.3461434543132782,0.9901800751686096,0.9374868869781494,0.9901816844940186,0.9537835121154785
70,0.9997857809066772,0.986513078212738,0.9985598921775818,0.9744657874107361,0.9971247315406799,0.9522192478179932,2.6249999791616574e-06,0.3396952748298645,0.9985346794128418,0.9746777415275574,0.9985852241516113,0.9762491583824158,0.9986224174499512,0.9648625254631042,0.9903804063796997,0.9393447041511536,0.9809499979019165,0.8877413868904114,0.3456602394580841,0.9897060394287109,0.9402661323547363,0.9910605549812317,0.9392692446708679
71,0.9997837543487549,0.9828652143478394,0.9985367655754089,0.9671941995620728,0.9970782399177551,0.9462226629257202,2.6249999791616574e-06,0.33968856930732727,0.9985156059265137,0.965724766254425,0.9985578060150146,0.9689816832542419,0.998630702495575,0.9646347761154175,0.9903466701507568,0.9389228820800781,0.9808850288391113,0.8870380520820618,0.3464566171169281,0.98968106508255,0.9420528411865234,0.9910179972648621,0.9382070899009705
72,0.9997820854187012,0.9866082072257996,0.998552143573761,0.9746646285057068,0.9971092939376831,0.951996922492981,2.6249999791616574e-06,0.33968302607536316,0.9985526204109192,0.9733358025550842,0.9985519647598267,0.9773877859115601,0.9986163377761841,0.9599015712738037,0.9900565147399902,0.929746687412262,0.9803169369697571,0.871318519115448,0.346428781747818,0.9892962574958801,0.940016508102417,0.9908229112625122,0.922310471534729
73,0.9997945427894592,0.9852180480957031,0.9986518025398254,0.9717844128608704,0.9973079562187195,0.9546927809715271,2.6249999791616574e-06,0.3396064341068268,0.9986298084259033,0.9681028127670288,0.9986739158630371,0.9758150577545166,0.9986111521720886,0.9663481116294861,0.9901590943336487,0.9425373077392578,0.9805182814598083,0.8925994634628296,0.3460884988307953,0.9896337389945984,0.9403594732284546,0.9906899929046631,0.9458452463150024
74,0.99980628490448,0.988807201385498,0.9986997246742249,0.9789148569107056,0.9974032044410706,0.9592629075050354,1.3124999895808287e-06,0.3395608961582184,0.9986971020698547,0.9736442565917969,0.9987026453018188,0.9847667217254639,0.9985958933830261,0.9630818963050842,0.9899378418922424,0.9362260699272156,0.9800876379013062,0.8815312385559082,0.34630316495895386,0.9895842671394348,0.9389466047286987,0.990297794342041,0.9341578483581543
75,0.9998109936714172,0.9887491464614868,0.998735785484314,0.978762686252594,0.9974756836891174,0.9592511057853699,1.3124999895808287e-06,0.3395121097564697,0.9987512826919556,0.9748823046684265,0.9987203478813171,0.9829978942871094,0.9986029267311096,0.965237557888031,0.9899817109107971,0.9404935240745544,0.9801701903343201,0.8888100385665894,0.3465222418308258,0.9897986054420471,0.9393404126167297,0.9901719093322754,0.9427886009216309
76,0.9998083710670471,0.9885616302490234,0.9987454414367676,0.9783779382705688,0.9974947571754456,0.958924412727356,1.3124999895808287e-06,0.33952704071998596,0.998755693435669,0.9767995476722717,0.998735249042511,0.9805963635444641,0.998618483543396,0.9650524854660034,0.9902990460395813,0.9398056268692017,0.9807891249656677,0.8886736035346985,0.34622830152511597,0.9898357391357422,0.9465065002441406,0.9907691478729248,0.93650221824646
77,0.9997923970222473,0.9828211069107056,0.9985940456390381,0.967048168182373,0.9971939325332642,0.9459213018417358,1.3124999895808287e-06,0.33959072828292847,0.998583972454071,0.9623082876205444,0.9986041188240051,0.9722756147384644,0.9985989332199097,0.9369446039199829,0.9902347326278687,0.8836541175842285,0.9806679487228394,0.8286859393119812,0.34589481353759766,0.9902509450912476,0.8816521167755127,0.9902244806289673,0.8958330750465393
78,0.9998128414154053,0.9895673394203186,0.9987595081329346,0.9803752899169922,0.9975229501724243,0.9620739221572876,1.3124999895808287e-06,0.33949989080429077,0.9987090229988098,0.977935791015625,0.9988100528717041,0.983061671257019,0.9986337423324585,0.9632740616798401,0.9904395937919617,0.9361085295677185,0.9810663461685181,0.8834041357040405,0.345488965511322,0.9902577996253967,0.9354583621025085,0.9906267523765564,0.9377158284187317
79,0.999809980392456,0.989439070224762,0.9987235069274902,0.9801540374755859,0.9974517822265625,0.9617764949798584,9.999999974752427e-07,0.33951106667518616,0.9986836910247803,0.9779139161109924,0.9987643361091614,0.9828518033027649,0.9986019730567932,0.9651625156402588,0.9903490543365479,0.939975917339325,0.9808874726295471,0.8898324370384216,0.3456903100013733,0.9902185797691345,0.9330049157142639,0.9904852509498596,0.9503934383392334
80,0.9998084902763367,0.9888859391212463,0.998707115650177,0.9790656566619873,0.9974185824394226,0.960074782371521,9.999999974752427e-07,0.33952438831329346,0.998700737953186,0.9755884408950806,0.9987136721611023,0.9834515452384949,0.9986337423324585,0.9508542418479919,0.9905784130096436,0.9111300110816956,0.9813383221626282,0.847694456577301,0.3457718789577484,0.9904521703720093,0.9309592247009277,0.9907093048095703,0.9047473073005676
81,0.9998300075531006,0.9891277551651001,0.9988768100738525,0.9793789386749268,0.9977562427520752,0.9606056809425354,9.999999974752427e-07,0.33942627906799316,0.9988777041435242,0.9757885932922363,0.9988756775856018,0.9839513301849365,0.998626708984375,0.966472327709198,0.9902716279029846,0.9426730871200562,0.9807379245758057,0.8927128314971924,0.3460496664047241,0.9897475242614746,0.9425904154777527,0.9908022284507751,0.9438596963882446
82,0.9998247027397156,0.989144504070282,0.9988425970077515,0.9794464111328125,0.997688353061676,0.9603691101074219,9.999999974752427e-07,0.3394152820110321,0.9988102912902832,0.9767811298370361,0.9988744258880615,0.9824667572975159,0.9986251592636108,0.9670657515525818,0.9902828335762024,0.9438486695289612,0.9807610511779785,0.8950344324111938,0.3464832007884979,0.9897387027740479,0.9478209614753723,0.990833580493927,0.9414287805557251
83,0.9998359084129333,0.9892395734786987,0.998914361000061,0.9795651435852051,0.9978311657905579,0.960727334022522,9.999999974752427e-07,0.33935436606407166,0.9989147782325745,0.9756774306297302,0.998913586139679,0.983980119228363,0.9986202716827393,0.9659067392349243,0.9903236627578735,0.9414896965026855,0.9808372259140015,0.8905327320098877,0.34623730182647705,0.9901111125946045,0.9429733157157898,0.9905420541763306,0.9410580992698669
84,0.9998413920402527,0.9890201687812805,0.9989289045333862,0.9791118502616882,0.9978602528572083,0.9601695537567139,9.999999974752427e-07,0.33934181928634644,0.9988949298858643,0.9754924774169922,0.9989621043205261,0.9835030436515808,0.998604416847229,0.9613710641860962,0.9902359843254089,0.9325065016746521,0.9806684255599976,0.8774616718292236,0.34609806537628174,0.9901087880134583,0.9404057264328003,0.9903671741485596,0.9273483753204346
85,0.9998297095298767,0.9896897673606873,0.9988635182380676,0.9805159568786621,0.9977306127548218,0.9623898267745972,9.999999974752427e-07,0.339377224445343,0.998866856098175,0.9782634973526001,0.9988605976104736,0.9831357002258301,0.9985937476158142,0.9678714871406555,0.9901278018951416,0.9456149935722351,0.9804554581642151,0.8978453278541565,0.3458676040172577,0.9896215796470642,0.9481422305107117,0.990641713142395,0.9440810680389404
86,0.9998177886009216,0.9900575280189514,0.9988081455230713,0.9813077449798584,0.9976198077201843,0.9637687802314758,9.999999974752427e-07,0.3394179940223694,0.998771607875824,0.9780211448669434,0.9988444447517395,0.9851033091545105,0.9986578226089478,0.9600236415863037,0.990243673324585,0.9298035502433777,0.980681300163269,0.8775972127914429,0.3469080328941345,0.9899575710296631,0.9263988733291626,0.9905364513397217,0.9355976581573486
87,0.9998162984848022,0.9879263043403625,0.998792827129364,0.9770601391792297,0.9975897073745728,0.9562434554100037,9.999999974752427e-07,0.33942607045173645,0.9988002777099609,0.9746999144554138,0.9987857937812805,0.9800643920898438,0.9986261129379272,0.9679615497589111,0.9905062317848206,0.9454168081283569,0.9811975359916687,0.8975743651390076,0.34562957286834717,0.9898371696472168,0.9458830952644348,0.991180956363678,0.945417046546936
88,0.9998196959495544,0.9902640581130981,0.998807966709137,0.981719970703125,0.9976203441619873,0.9651310443878174,9.999999974752427e-07,0.3393746316432953,0.998797595500946,0.9783328771591187,0.9988187551498413,0.9859116077423096,0.9986273050308228,0.9636467695236206,0.9903702735900879,0.9369232058525085,0.9809294939041138,0.8832975029945374,0.3460499942302704,0.9901064038276672,0.9279742240905762,0.9906423687934875,0.9487203359603882
0,0.969392716884613,0.43910840153694153,0.8432668447494507,0.034949950873851776,0.7449943423271179,0.02310323528945446,4.199999966658652e-05,0.5530769228935242,0.8309146165847778,0.13248339295387268,0.8626360297203064,0.031909167766571045,0.9046130180358887,0.1775529980659485,0.3551059365272522,6.489742787607611e-08,0.216984361410141,6.489742787607611e-08,1.263909935951233,0.35754430294036865,0.0,0.3586294949054718,0.0
1,0.9885455965995789,0.6716681122779846,0.9255741238594055,0.4177621603012085,0.8619989156723022,0.3036958575248718,4.199999966658652e-05,0.41339993476867676,0.9190069437026978,0.6252725720405579,0.9345815777778625,0.3520931899547577,0.6689251661300659,0.14912579953670502,0.29825153946876526,5.441766148805982e-08,0.17623057961463928,5.441766148805982e-08,1.5677158832550049,0.17799454927444458,0.0,0.9496956467628479,0.0
2,0.9925945997238159,0.7717714905738831,0.9514307975769043,0.5921120643615723,0.9075508713722229,0.46513089537620544,4.199999966658652e-05,0.38724207878112793,0.9451351761817932,0.752522885799408,0.9588149189949036,0.5301000475883484,0.9283941388130188,0.27819785475730896,0.556395411491394,2.825657077210053e-07,0.38728588819503784,2.825657077210053e-07,0.8057233691215515,0.5210031270980835,0.0,0.6089795827865601,0.0
3,0.9938313961029053,0.8290544748306274,0.9593421816825867,0.6987673044204712,0.9219890832901001,0.5681111216545105,4.199999966658652e-05,0.37740615010261536,0.954415500164032,0.8160153031349182,0.9651539325714111,0.6512777805328369,0.9453881978988647,0.3419657051563263,0.6826112270355225,0.001320244395174086,0.5231344103813171,0.0006712533067911863,0.6603652238845825,0.5916242003440857,0.03999991714954376,0.8257725238800049,0.0006711409077979624
4,0.994456946849823,0.8297557830810547,0.962888777256012,0.6966226696968079,0.9285873174667358,0.5762081742286682,4.199999966658652e-05,0.3723052144050598,0.9580333232879639,0.762127697467804,0.9685975909233093,0.6693809628486633,0.9657650589942932,0.3885631859302521,0.7348585724830627,0.04226790368556976,0.5857843160629272,0.026327814906835556,0.5300588011741638,0.8892797231674194,0.22730813920497894,0.6327031254768372,0.02718518301844597
5,0.9953703284263611,0.8630290031433105,0.9691067337989807,0.7569514513015747,0.940148115158081,0.6440724730491638,4.199999966658652e-05,0.36655449867248535,0.9656392931938171,0.8186553120613098,0.9730051159858704,0.7249270081520081,0.9895700216293335,0.5956642627716064,0.928844153881073,0.2624843120574951,0.8674307465553284,0.17929817736148834,0.398086279630661,0.9328510761260986,0.6795054078102112,0.9251282215118408,0.18307630717754364
6,0.9957235455513,0.8797267079353333,0.9713460803031921,0.7881077527999878,0.9443840980529785,0.6784940361976624,4.199999966658652e-05,0.36351725459098816,0.9682033061981201,0.8322806358337402,0.9749892354011536,0.7687004208564758,0.9951327443122864,0.8303885459899902,0.9664539098739624,0.6943234205245972,0.9351441264152527,0.5613635778427124,0.3675402104854584,0.9769302606582642,0.907673716545105,0.9562855362892151,0.5859609842300415
7,0.9962747693061829,0.8968148827552795,0.9754309058189392,0.8181989789009094,0.9520763158798218,0.7117595672607422,4.199999966658652e-05,0.3601285517215729,0.9724418520927429,0.858704149723053,0.9786775708198547,0.7955164313316345,0.9966235160827637,0.9084943532943726,0.977540135383606,0.839448869228363,0.956089198589325,0.7306093573570251,0.35871025919914246,0.9788210391998291,0.8839579820632935,0.9762973785400391,0.8119681477546692
8,0.9965729713439941,0.8945481181144714,0.9770199060440063,0.812076210975647,0.9551397562026978,0.7111669778823853,4.199999966658652e-05,0.3582693040370941,0.9751309752464294,0.8599246740341187,0.9792044758796692,0.7883028388023376,0.9964056611061096,0.9155035614967346,0.9757838249206543,0.8552231788635254,0.9527486562728882,0.7542929649353027,0.35843712091445923,0.9665641784667969,0.8886843919754028,0.9852191805839539,0.8336001634597778
9,0.9967798590660095,0.9045922160148621,0.9782116413116455,0.8309723734855652,0.9574192762374878,0.7360647320747375,4.199999966658652e-05,0.3567289412021637,0.9756872057914734,0.865505576133728,0.9809929728507996,0.8212972283363342,0.9962790012359619,0.9213562607765198,0.9751232266426086,0.8675895929336548,0.9514907598495483,0.769710898399353,0.3573886752128601,0.9868749380111694,0.9405872225761414,0.9637029767036438,0.8089624643325806
10,0.9970880150794983,0.9051710367202759,0.9805507659912109,0.8297911286354065,0.9618782997131348,0.7388060688972473,4.199999966658652e-05,0.3547135889530182,0.9788728356361389,0.8577376008033752,0.9823704361915588,0.8172571659088135,0.9965438842773438,0.9198984503746033,0.9765282273292542,0.8632687926292419,0.9541577100753784,0.7648504376411438,0.35687360167503357,0.9671685099601746,0.8539579510688782,0.9861209392547607,0.8790481090545654
11,0.9973682165145874,0.9215322732925415,0.9824657440185547,0.8605987429618835,0.9655656218528748,0.7684094905853271,4.199999966658652e-05,0.35302621126174927,0.9809709787368774,0.8838628530502319,0.9840641617774963,0.8478638529777527,0.9973822236061096,0.8981066942214966,0.9823399186134338,0.813873291015625,0.9653138518333435,0.7343486547470093,0.3523867726325989,0.9819872975349426,0.830401599407196,0.9827219247817993,0.8059719800949097
12,0.9974506497383118,0.9311321377754211,0.9831761121749878,0.8790879249572754,0.9669287800788879,0.7901709675788879,4.199999966658652e-05,0.35216599702835083,0.9819425344467163,0.8979060649871826,0.9845167398452759,0.8696795105934143,0.9973129034042358,0.9079064726829529,0.9821015000343323,0.8337116837501526,0.96484375,0.7446332573890686,0.3524668216705322,0.9802024364471436,0.8564128875732422,0.9840461611747742,0.8253223896026611
13,0.9975748658180237,0.9289352893829346,0.9837805032730103,0.8740898966789246,0.9681034684181213,0.7933606505393982,4.199999966658652e-05,0.3514581620693207,0.982377290725708,0.8893058896064758,0.9852747321128845,0.8648152351379395,0.997519850730896,0.9107843041419983,0.9832410216331482,0.838327169418335,0.9670549631118774,0.7528160214424133,0.35084524750709534,0.9852015972137451,0.8597304821014404,0.9813024401664734,0.8251845836639404
14,0.9976370930671692,0.9326684474945068,0.9840933084487915,0.8812435269355774,0.9687215685844421,0.7989961504936218,4.199999966658652e-05,0.3509048521518707,0.9830210208892822,0.8969272375106812,0.9852690100669861,0.8739560842514038,0.9973708987236023,0.877704918384552,0.9820553064346313,0.7733547687530518,0.9647623300552368,0.6878907680511475,0.351918488740921,0.9886038899421692,0.7438633441925049,0.9756154417991638,0.8158828020095825
15,0.9981964826583862,0.929930567741394,0.9878475069999695,0.8720138072967529,0.9760093688964844,0.7979727983474731,2.099999983329326e-05,0.3485155999660492,0.9867298007011414,0.8847233057022095,0.9890238046646118,0.8658562302589417,0.9980767965316772,0.9488282799720764,0.986844003200531,0.9108125567436218,0.9740371704101562,0.8395823836326599,0.3490363657474518,0.9857942461967468,0.9281383752822876,0.9879060387611389,0.8966543674468994
16,0.9983927011489868,0.950697660446167,0.9891642928123474,0.9122310876846313,0.9785778522491455,0.8484892249107361,2.099999983329326e-05,0.34754177927970886,0.9881401658058167,0.9189366698265076,0.9902403950691223,0.9079946279525757,0.9980719089508057,0.9441817402839661,0.9872003197669983,0.9011631011962891,0.974731981754303,0.8265207409858704,0.347817063331604,0.9886477589607239,0.8859531283378601,0.9857660531997681,0.9213076829910278
17,0.9985280632972717,0.9573848843574524,0.9900329113006592,0.9247375726699829,0.9802747368812561,0.8627398014068604,2.099999983329326e-05,0.34684666991233826,0.988822340965271,0.9338207840919495,0.9912825226783752,0.9188935160636902,0.9981225728988647,0.9474354386329651,0.9871160984039307,0.9077550768852234,0.974571943283081,0.8352366089820862,0.3478256165981293,0.9871962666511536,0.9197387099266052,0.9870445728302002,0.8997500538825989
18,0.9986392259597778,0.9558992981910706,0.9909189343452454,0.9208794236183167,0.9820102453231812,0.8587125539779663,2.099999983329326e-05,0.34626951813697815,0.990032434463501,0.9342431426048279,0.9918251037597656,0.9134939312934875,0.9980276226997375,0.9497645497322083,0.9866098165512085,0.912919282913208,0.9735826253890991,0.8421669006347656,0.3482637107372284,0.9922935962677002,0.9090064764022827,0.9810050129890442,0.9185090661048889
19,0.9986569881439209,0.9575876593589783,0.9908909797668457,0.9242842793464661,0.9819574952125549,0.8688750267028809,2.099999983329326e-05,0.3460654318332672,0.9901227355003357,0.9283570647239685,0.9916837215423584,0.9225413799285889,0.9979669451713562,0.9523410201072693,0.9861962199211121,0.9184855818748474,0.9727775454521179,0.8502703905105591,0.3483695983886719,0.9830287098884583,0.8873710036277771,0.9893919229507446,0.9527705907821655
20,0.9986563324928284,0.9474496245384216,0.9909948110580444,0.9039047956466675,0.9821575880050659,0.8444108366966248,2.099999983329326e-05,0.3457558751106262,0.9901978373527527,0.9156790375709534,0.9918133020401001,0.897032618522644,0.9982190132141113,0.9557536244392395,0.988095223903656,0.9234119653701782,0.9764794707298279,0.859976589679718,0.3466789722442627,0.9880610108375549,0.9247297644615173,0.9881399273872375,0.923183798789978
21,0.9986956715583801,0.9488576650619507,0.991203784942627,0.9065112471580505,0.9825690984725952,0.8477725982666016,2.099999983329326e-05,0.3455609381198883,0.9903613328933716,0.9168017506599426,0.9920725226402283,0.9020209312438965,0.9981247186660767,0.9447550773620605,0.9872143268585205,0.9022958874702454,0.9747602939605713,0.8294050097465515,0.3475119471549988,0.9895842671394348,0.9074127078056335,0.9848690629005432,0.9066938161849976
22,0.9987305998802185,0.9590205550193787,0.9915014505386353,0.9265400767326355,0.9831527471542358,0.8711986541748047,2.099999983329326e-05,0.3453122079372406,0.9909085035324097,0.9391394853591919,0.992113471031189,0.9238731861114502,0.9980581402778625,0.9517607092857361,0.9870412945747375,0.9164801239967346,0.9744211435317993,0.8486487865447998,0.34700271487236023,0.9834240078926086,0.9490363597869873,0.9906934499740601,0.8893550634384155
23,0.9987838864326477,0.9406578540802002,0.9918627738952637,0.8894534111022949,0.9838629961013794,0.8339356780052185,2.099999983329326e-05,0.3449349105358124,0.9913332462310791,0.8996210694313049,0.9924033880233765,0.885911226272583,0.9981417655944824,0.9380890130996704,0.9875036478042603,0.8886743187904358,0.9753227233886719,0.8148530721664429,0.34685200452804565,0.9866008758544922,0.8982737064361572,0.9884184002876282,0.9011865854263306
24,0.9987826347351074,0.9570012092590332,0.9917142987251282,0.9222877025604248,0.983574628829956,0.8672497272491455,2.099999983329326e-05,0.3449186086654663,0.9910688996315002,0.9306749701499939,0.9923744797706604,0.9178392887115479,0.9980975389480591,0.9556024074554443,0.9872177243232727,0.9239872097969055,0.9747679829597473,0.8597700595855713,0.34659838676452637,0.9851167798042297,0.9209322333335876,0.9893359541893005,0.9298125505447388
25,0.9988205432891846,0.962503969669342,0.9920822381973267,0.9329265356063843,0.9842951893806458,0.8781964182853699,2.099999983329326e-05,0.3445397615432739,0.9914115071296692,0.9374557733535767,0.9927709102630615,0.9316872358322144,0.9982766509056091,0.9360668659210205,0.9883190393447876,0.8838146328926086,0.9769183397293091,0.8217037320137024,0.3462944030761719,0.9883174300193787,0.8793724179267883,0.9883294105529785,0.8905251026153564
26,0.9986875057220459,0.9467226266860962,0.9912228584289551,0.9022224545478821,0.9826114177703857,0.8415939211845398,2.099999983329326e-05,0.34502112865448,0.9906286001205444,0.9151725769042969,0.99184250831604,0.8990081548690796,0.9982327222824097,0.9343675971031189,0.9877591133117676,0.8809759616851807,0.9758255481719971,0.816148042678833,0.3472307622432709,0.9880821704864502,0.9200066328048706,0.987449049949646,0.8477216958999634
27,0.9988741874694824,0.9617946743965149,0.9924604296684265,0.931128740310669,0.9850396513938904,0.8788669109344482,2.099999983329326e-05,0.34415188431739807,0.9920384883880615,0.9336210489273071,0.9928916096687317,0.9337737560272217,0.9982403516769409,0.9461566209793091,0.9882964491844177,0.9040164947509766,0.9768692851066589,0.8336849212646484,0.3461841642856598,0.9888967871665955,0.8869081139564514,0.9877025485038757,0.9366577863693237
28,0.9987955689430237,0.9580716490745544,0.9920179843902588,0.9241251349449158,0.9841699004173279,0.87104332447052,2.099999983329326e-05,0.34436047077178955,0.9914485812187195,0.9347242116928101,0.9926077127456665,0.9207956790924072,0.9981228709220886,0.9390059113502502,0.9871571063995361,0.8908547163009644,0.9746569991111755,0.8319344520568848,0.3466517925262451,0.9869188666343689,0.8939918279647827,0.9874024391174316,0.8890129923820496
29,0.9988471269607544,0.9557770490646362,0.9923136830329895,0.9192402362823486,0.984751284122467,0.8698512315750122,2.099999983329326e-05,0.3440851867198944,0.991926908493042,0.9203335642814636,0.9927128553390503,0.9237050414085388,0.9981884956359863,0.9492223858833313,0.9877893328666687,0.9106554985046387,0.975883424282074,0.8416329026222229,0.3464277386665344,0.9867408871650696,0.9392770528793335,0.9888535141944885,0.8867800235748291
30,0.9990931153297424,0.9721295833587646,0.9939141273498535,0.9503450989723206,0.9879077076911926,0.906646728515625,1.049999991664663e-05,0.3431667685508728,0.9934695363044739,0.9511258006095886,0.9943696856498718,0.9501983523368835,0.9984191656112671,0.9629565477371216,0.9893302321434021,0.9365827441215515,0.978891909122467,0.8817389011383057,0.34534192085266113,0.9912765622138977,0.93581223487854,0.987397313117981,0.9385766386985779
31,0.999229907989502,0.9684032201766968,0.9948334693908691,0.9419729709625244,0.989724338054657,0.9012798070907593,1.049999991664663e-05,0.34265807271003723,0.9944304823875427,0.9462203979492188,0.9952428340911865,0.9396680593490601,0.9984552264213562,0.946687638759613,0.9897165894508362,0.9036584496498108,0.9796473979949951,0.8392210602760315,0.344853937625885,0.990909218788147,0.9146549701690674,0.9885322451591492,0.9117472767829895
32,0.999268651008606,0.9720875024795532,0.9950592517852783,0.9491158127784729,0.9901719689369202,0.9126269817352295,1.049999991664663e-05,0.34246695041656494,0.9946078658103943,0.9487711191177368,0.9955158829689026,0.9502503275871277,0.9984805583953857,0.9593896269798279,0.9895967245101929,0.9291825294494629,0.9794161915779114,0.8700198531150818,0.34578296542167664,0.9894917011260986,0.9118411540985107,0.9897076487541199,0.9500678181648254
33,0.9992767572402954,0.9649417996406555,0.9951571822166443,0.934726357460022,0.9903654456138611,0.8948121070861816,1.049999991664663e-05,0.3424040973186493,0.9948477745056152,0.9410210251808167,0.9954730868339539,0.9378861784934998,0.9984002709388733,0.9434550404548645,0.9891652464866638,0.8977449536323547,0.9785700440406799,0.8444998860359192,0.3451118767261505,0.9911626577377319,0.8862543702125549,0.9871814250946045,0.9100322127342224
34,0.9993217587471008,0.9761039614677429,0.9954037666320801,0.9568042159080505,0.990854799747467,0.9190970063209534,1.049999991664663e-05,0.34218594431877136,0.9950065016746521,0.9578971266746521,0.995809018611908,0.9573322534561157,0.998447597026825,0.9631475210189819,0.989623486995697,0.9366716146469116,0.9794654250144958,0.8822762966156006,0.3449570834636688,0.9909223914146423,0.9248749613761902,0.9883323907852173,0.9493991136550903
35,0.9993643164634705,0.9737269878387451,0.9957174062728882,0.9517366290092468,0.991474449634552,0.9175613522529602,1.049999991664663e-05,0.3419320583343506,0.9954157471656799,0.9506092667579651,0.9960229396820068,0.9538754820823669,0.998494565486908,0.9634477496147156,0.9897003769874573,0.9371953010559082,0.9796224236488342,0.8829617500305176,0.34533393383026123,0.991324245929718,0.9311395287513733,0.988088846206665,0.9456502795219421
36,0.9993702173233032,0.9781561493873596,0.9957826733589172,0.9605302214622498,0.9916032552719116,0.9255937337875366,1.049999991664663e-05,0.34188002347946167,0.9955174922943115,0.959421694278717,0.9960520267486572,0.962943434715271,0.9984610080718994,0.939362645149231,0.9894738793373108,0.8892516493797302,0.9791802167892456,0.8307484984397888,0.3451182246208191,0.9900016188621521,0.8976736664772034,0.9889521598815918,0.8842708468437195
37,0.999371349811554,0.9742078185081482,0.9957550764083862,0.9526604413986206,0.9915498495101929,0.9192231893539429,1.049999991664663e-05,0.34180980920791626,0.9954525828361511,0.9521324038505554,0.9960615634918213,0.9542391896247864,0.9984509348869324,0.9538500905036926,0.9896220564842224,0.918077826499939,0.9794619679450989,0.8625388145446777,0.3448968827724457,0.9884873032569885,0.9132297039031982,0.9907681345939636,0.9392214417457581
38,0.9993605613708496,0.9703800678253174,0.9957263469696045,0.9450342655181885,0.9914920926094055,0.9131676554679871,1.049999991664663e-05,0.34177589416503906,0.9955114722251892,0.9424610733985901,0.9959453344345093,0.9483234286308289,0.9984179735183716,0.9615082740783691,0.9891675710678101,0.9338487982749939,0.9785780906677246,0.8775256276130676,0.3453402817249298,0.9874833822250366,0.9168174862861633,0.9908656477928162,0.9526381492614746
39,0.9994028210639954,0.9778270125389099,0.9960227012634277,0.9596312642097473,0.9920799136161804,0.9250175356864929,1.049999991664663e-05,0.3415664732456207,0.9958012104034424,0.9593839049339294,0.9962476491928101,0.9628943800926208,0.9984646439552307,0.9599368572235107,0.9896528720855713,0.9302207231521606,0.9795219302177429,0.8742835521697998,0.34501346945762634,0.987415611743927,0.9234539270401001,0.9919065237045288,0.9381144046783447
40,0.9994004964828491,0.9782641530036926,0.9959288239479065,0.9605996608734131,0.9918942451477051,0.926114559173584,1.049999991664663e-05,0.3415161371231079,0.9955853223800659,0.9590900540351868,0.9962767958641052,0.9634682536125183,0.9983871579170227,0.9558961987495422,0.9889212846755981,0.9228713512420654,0.9780960083007812,0.8634104132652283,0.34602028131484985,0.993058979511261,0.913652241230011,0.9848262667655945,0.9434124827384949
41,0.9994765520095825,0.9771779775619507,0.9964669942855835,0.957888662815094,0.992962658405304,0.9288463592529297,5.249999958323315e-06,0.3412293493747711,0.9962155222892761,0.9569737911224365,0.9967224597930908,0.9596140384674072,0.9985308647155762,0.9615040421485901,0.9898988604545593,0.9331092238426208,0.9800078868865967,0.8761345148086548,0.34486302733421326,0.9907746911048889,0.9152820706367493,0.9890327453613281,0.9547713994979858
42,0.9995384216308594,0.9769493341445923,0.9968659281730652,0.9570326209068298,0.9937556982040405,0.9279688000679016,5.249999958323315e-06,0.3410455584526062,0.9966781735420227,0.955726146697998,0.9970555901527405,0.9599466919898987,0.9985687136650085,0.956540584564209,0.9901694655418396,0.9229115843772888,0.9805372357368469,0.8679218888282776,0.34504714608192444,0.9900912642478943,0.9147961139678955,0.9902543425559998,0.937060534954071
43,0.9995741844177246,0.9833665490150452,0.9971160292625427,0.969616711139679,0.9942514300346375,0.9425758123397827,5.249999958323315e-06,0.34089192748069763,0.9968646764755249,0.9692494869232178,0.9973687529563904,0.9720551371574402,0.998575747013092,0.9677164554595947,0.9903616905212402,0.9450711607933044,0.9809128046035767,0.8964999914169312,0.3445656895637512,0.990170955657959,0.9389533400535583,0.9905605316162109,0.9525867700576782
44,0.9995825290679932,0.976101815700531,0.9971839785575867,0.9550195932388306,0.9943859577178955,0.9240262508392334,5.249999958323315e-06,0.3408249616622925,0.9969807267189026,0.9534926414489746,0.9973905086517334,0.9580148458480835,0.9985525608062744,0.9480869770050049,0.990151584148407,0.9060224890708923,0.9805018901824951,0.8586375713348389,0.34488001465797424,0.9904217720031738,0.8975834846496582,0.9898879528045654,0.9154016971588135
45,0.9995934367179871,0.9782614707946777,0.9972743988037109,0.959248423576355,0.9945662021636963,0.931821346282959,5.249999958323315e-06,0.3407523036003113,0.9970594644546509,0.9597852230072021,0.9974910616874695,0.9598645567893982,0.9985754489898682,0.963480532169342,0.9903895854949951,0.9365714192390442,0.9809689521789551,0.884528398513794,0.34413692355155945,0.9901100993156433,0.9386227130889893,0.9906737804412842,0.9383939504623413
46,0.999616265296936,0.978505551815033,0.9974190592765808,0.9595920443534851,0.9948531985282898,0.932462215423584,5.249999958323315e-06,0.3406418561935425,0.9972001910209656,0.9606584906578064,0.9976386427879333,0.9597457647323608,0.9985561966896057,0.9571951031684875,0.990185022354126,0.9242053031921387,0.9805719256401062,0.8656471371650696,0.3444702625274658,0.990263819694519,0.9067339301109314,0.9901114702224731,0.9448050856590271
47,0.9996243119239807,0.9823185205459595,0.997454822063446,0.9671821594238281,0.9949245452880859,0.9394988417625427,5.249999958323315e-06,0.34056586027145386,0.9972847700119019,0.9713453054428101,0.9976264238357544,0.96629798412323,0.9985580444335938,0.9671643972396851,0.990099310874939,0.9442293643951416,0.9804012775421143,0.8958601355552673,0.3448307514190674,0.9889234900474548,0.9364452362060547,0.9912830591201782,0.9537185430526733
48,0.9996569752693176,0.9860765933990479,0.9976940155029297,0.9744594693183899,0.9953997731208801,0.9511634707450867,5.249999958323315e-06,0.3404148519039154,0.997540295124054,0.9717751145362854,0.9978484511375427,0.9781208038330078,0.9985348582267761,0.9646736979484558,0.9900932312011719,0.9392544627189636,0.9803881049156189,0.8887961506843567,0.3444806933403015,0.9888030290603638,0.9391205310821533,0.9913934469223022,0.9415580034255981
49,0.9996635913848877,0.9867408871650696,0.9977553486824036,0.9757265448570251,0.9955228567123413,0.9543049335479736,2.6249999791616574e-06,0.34037888050079346,0.9975763559341431,0.9732186794281006,0.9979360699653625,0.9785903692245483,0.9986016750335693,0.9677774906158447,0.9904675483703613,0.945087194442749,0.9811239838600159,0.8973907232284546,0.3442302644252777,0.9907336235046387,0.9342071413993835,0.9902049899101257,0.9571667313575745
50,0.9996942281723022,0.9771586060523987,0.9979438781738281,0.9563735723495483,0.9958973526954651,0.9348326921463013,2.6249999791616574e-06,0.340276300907135,0.9977899789810181,0.956336259841919,0.9980983734130859,0.9568018913269043,0.9985977411270142,0.9660715460777283,0.9903148412704468,0.9418280720710754,0.9808235764503479,0.8919119238853455,0.34494832158088684,0.9902352094650269,0.935224175453186,0.990398645401001,0.950026273727417
51,0.9997087717056274,0.9835137724876404,0.998050332069397,0.9689772129058838,0.9961091876029968,0.9449367523193359,2.6249999791616574e-06,0.3402031362056732,0.9979303479194641,0.9745162129402161,0.9981709122657776,0.9683535099029541,0.9985934495925903,0.93907630443573,0.9904172420501709,0.8877354264259338,0.9810245633125305,0.8343175649642944,0.34418079257011414,0.9911713600158691,0.880832314491272,0.9896711707115173,0.9005639553070068
52,0.9996956586837769,0.9859556555747986,0.9979463219642639,0.9739649891853333,0.9959038496017456,0.9509027600288391,2.6249999791616574e-06,0.34021052718162537,0.9977308511734009,0.974000871181488,0.9981629252433777,0.9746096134185791,0.9985934495925903,0.9482245445251465,0.9904232621192932,0.9060256481170654,0.9810343980789185,0.8586958050727844,0.34441277384757996,0.9902022480964661,0.8951402902603149,0.9906498193740845,0.9182113409042358
53,0.9997248649597168,0.9873602390289307,0.9981675744056702,0.9765527844429016,0.9963430762290955,0.9550530314445496,2.6249999791616574e-06,0.34012776613235474,0.9980807304382324,0.9738308787345886,0.9982550740242004,0.9796140193939209,0.9986019730567932,0.9650953412055969,0.9903221726417542,0.9398682117462158,0.9808392524719238,0.888518214225769,0.3446464538574219,0.9901676177978516,0.9302018880844116,0.9904842376708984,0.9516745805740356
54,0.9997402429580688,0.9836103916168213,0.998258650302887,0.9689621925354004,0.9965250492095947,0.9494785070419312,1.3124999895808287e-06,0.3400377929210663,0.9981389045715332,0.9666412472724915,0.9983798265457153,0.971534788608551,0.998614490032196,0.9700977206230164,0.9905043244361877,0.9496909379959106,0.981193482875824,0.9048108458518982,0.3447694778442383,0.9906720519065857,0.9424800276756287,0.9903423190116882,0.9579115509986877
55,0.9997200965881348,0.9881318807601929,0.9980788230895996,0.9781846404075623,0.9961698055267334,0.9579746723175049,1.3124999895808287e-06,0.3401554226875305,0.9979395866394043,0.9763889312744141,0.9982192516326904,0.9806973934173584,0.9985812306404114,0.9626075625419617,0.9904003739356995,0.9348146915435791,0.9809895157814026,0.8817116022109985,0.3442617654800415,0.9898110032081604,0.9235324263572693,0.9909955859184265,0.9494174718856812
56,0.9997570514678955,0.9871375560760498,0.9983728528022766,0.9759020209312439,0.9967525601387024,0.9543052911758423,1.3124999895808287e-06,0.3399769067764282,0.9982729554176331,0.9755932688713074,0.9984735250473022,0.976716160774231,0.9986114501953125,0.9697575569152832,0.9906901717185974,0.9488247036933899,0.9815589785575867,0.9039415121078491,0.34402865171432495,0.9900269508361816,0.9415035843849182,0.9913621544837952,0.9568397998809814
57,0.9997293949127197,0.985790491104126,0.9981876611709595,0.9733933210372925,0.9963852763175964,0.9517867565155029,1.3124999895808287e-06,0.3400827646255493,0.9980722665786743,0.9728565216064453,0.9983034729957581,0.9749249219894409,0.9985708594322205,0.9692026376724243,0.990395724773407,0.9480092525482178,0.9809796214103699,0.9023382663726807,0.34460487961769104,0.9911638498306274,0.9392522573471069,0.9896330237388611,0.9577276110649109
58,0.9997574090957642,0.9773129820823669,0.9983839988708496,0.9562416076660156,0.9967747330665588,0.9351294040679932,1.3124999895808287e-06,0.33994346857070923,0.9982517957687378,0.9559488892555237,0.9985169172286987,0.958222508430481,0.9986163377761841,0.9438774585723877,0.9906690716743469,0.8970860242843628,0.9815170764923096,0.8453049659729004,0.34406912326812744,0.990385115146637,0.8892908692359924,0.9909600615501404,0.9081361293792725
59,0.9997733235359192,0.9869828224182129,0.9984687566757202,0.9754971265792847,0.9969437122344971,0.9560286998748779,1.3124999895808287e-06,0.3399134874343872,0.9984047412872314,0.9794780611991882,0.9985337853431702,0.9759567975997925,0.9986038208007812,0.9641691446304321,0.9907698631286621,0.9375688433647156,0.9817134141921997,0.8859266638755798,0.3436654210090637,0.9898450970649719,0.9278275966644287,0.9917020201683044,0.95307457447052
60,0.9997539520263672,0.9888083934783936,0.9983618259429932,0.9792554378509521,0.9967308640480042,0.959973931312561,9.999999974752427e-07,0.3399427533149719,0.9982917308807373,0.9778034687042236,0.9984323978424072,0.9810810685157776,0.9985873699188232,0.9675478339195251,0.9905649423599243,0.9445305466651917,0.9813147783279419,0.8956418037414551,0.34403732419013977,0.9898586273193359,0.9311491250991821,0.9912755489349365,0.9595053195953369
61,0.9997574687004089,0.9878542423248291,0.9983584880828857,0.9773498773574829,0.996724009513855,0.9567196369171143,9.999999974752427e-07,0.3399118185043335,0.9982376098632812,0.9746461510658264,0.9984796047210693,0.9808584451675415,0.9985845685005188,0.9515783190727234,0.9902318716049194,0.9129245281219482,0.9806647300720215,0.8708693981170654,0.34441670775413513,0.9904335737228394,0.9073695540428162,0.9900344014167786,0.9193992018699646
62,0.9997686147689819,0.988628625869751,0.998435378074646,0.9788216352462769,0.9968774318695068,0.9596933722496033,9.999999974752427e-07,0.3398718535900116,0.9983388781547546,0.9760362505912781,0.9985330104827881,0.9821270704269409,0.9985867142677307,0.9651357531547546,0.9904411435127258,0.9398303031921387,0.981072187423706,0.8882662057876587,0.3441234827041626,0.9905882477760315,0.9259313344955444,0.990297257900238,0.9571464657783508
63,0.9997808337211609,0.9839169979095459,0.9985209107398987,0.9693126678466797,0.9970477223396301,0.9503636956214905,9.999999974752427e-07,0.33980968594551086,0.9983818531036377,0.9679575562477112,0.9986608624458313,0.9716448187828064,0.9986026287078857,0.9647457599639893,0.990455687046051,0.9390360116958618,0.9810963273048401,0.8890345692634583,0.3442918360233307,0.9901842474937439,0.9380764961242676,0.9907330274581909,0.9445459246635437
64,0.9997538924217224,0.9884837865829468,0.9983267188072205,0.978641152381897,0.9966612458229065,0.9589742422103882,9.999999974752427e-07,0.3399306833744049,0.9982171654701233,0.9794375896453857,0.9984371662139893,0.9783303737640381,0.9985876679420471,0.9680967926979065,0.9904905557632446,0.9457031488418579,0.9811644554138184,0.8976795077323914,0.3442688286304474,0.9900286197662354,0.9468136429786682,0.9909607768058777,0.9460266828536987
65,0.9997684955596924,0.9880313873291016,0.9984381198883057,0.9776251316070557,0.9968824982643127,0.9573453664779663,9.999999974752427e-07,0.3398311138153076,0.9983267784118652,0.97699373960495,0.9985501170158386,0.9793826937675476,0.9985885620117188,0.9679511189460754,0.9902119636535645,0.9456900954246521,0.9806230664253235,0.8980647325515747,0.3447100520133972,0.9906763434410095,0.9415454864501953,0.9897521734237671,0.9519402980804443
66,0.9997629523277283,0.9903804063796997,0.9984093308448792,0.982352077960968,0.9968245625495911,0.9656478762626648,9.999999974752427e-07,0.3398618698120117,0.9982960224151611,0.9805561304092407,0.9985229969024658,0.984323263168335,0.9985662698745728,0.9658721089363098,0.9904433488845825,0.9413009881973267,0.9810727834701538,0.8903663158416748,0.34407588839530945,0.9906454682350159,0.932243824005127,0.9902461767196655,0.9521791338920593
67,0.9997604489326477,0.9876479506492615,0.9983770847320557,0.9769185781478882,0.9967617988586426,0.9560561180114746,9.999999974752427e-07,0.3398623764514923,0.9982647895812988,0.9763611555099487,0.9984903931617737,0.9783080816268921,0.9986059665679932,0.9665349721908569,0.9905199408531189,0.9425500631332397,0.981223464012146,0.8924401998519897,0.34445250034332275,0.9907392263412476,0.9326225519180298,0.9903076887130737,0.9541852474212646
68,0.9997738003730774,0.9847159385681152,0.998445451259613,0.9709867238998413,0.9968969821929932,0.9532491564750671,9.999999974752427e-07,0.33979088068008423,0.998352587223053,0.9679442644119263,0.9985386729240417,0.9743033051490784,0.9986135959625244,0.9468225240707397,0.990549623966217,0.903095543384552,0.9812851548194885,0.853750467300415,0.34439077973365784,0.991056501865387,0.8907179832458496,0.9900464415550232,0.9177401065826416
69,0.9998000264167786,0.9851683974266052,0.9986318349838257,0.9717049598693848,0.9972681403160095,0.9544859528541565,9.999999974752427e-07,0.3397130072116852,0.9985398054122925,0.9706419110298157,0.9987242817878723,0.9732328057289124,0.9985918998718262,0.9477983117103577,0.9905169010162354,0.90507972240448,0.981219470500946,0.8575158715248108,0.34377339482307434,0.9903811812400818,0.9054922461509705,0.9906572103500366,0.9061551094055176
70,0.9997986555099487,0.9854902625083923,0.9986811876296997,0.9722997546195984,0.9973659515380859,0.95558762550354,9.999999974752427e-07,0.339669793844223,0.9986380934715271,0.9706532955169678,0.9987242221832275,0.9743497371673584,0.9986218214035034,0.9668958783149719,0.9903953671455383,0.9433964490890503,0.9809821248054504,0.8947271704673767,0.34466344118118286,0.9903972744941711,0.934988260269165,0.990398108959198,0.9547622799873352
71,0.999805748462677,0.990098237991333,0.998699963092804,0.9814974069595337,0.997403621673584,0.9646137356758118,9.999999974752427e-07,0.33965516090393066,0.9986021518707275,0.9792289137840271,0.998797595500946,0.9840894937515259,0.9986327886581421,0.9621742367744446,0.9905044436454773,0.9338440895080566,0.9811971187591553,0.8833547234535217,0.34482207894325256,0.9904780387878418,0.9311779737472534,0.9905380010604858,0.9386419653892517
72,0.9997849464416504,0.9908401966094971,0.9985684752464294,0.9831115007400513,0.9971428513526917,0.967109739780426,9.999999974752427e-07,0.33972030878067017,0.9984486103057861,0.9826774597167969,0.998689591884613,0.9837923645973206,0.998582124710083,0.9449966549873352,0.9905360341072083,0.8994572162628174,0.9812557697296143,0.849017858505249,0.3440374433994293,0.9906156659126282,0.8971598744392395,0.9904638528823853,0.9055833220481873
73,0.9997909069061279,0.9891620874404907,0.9985934495925903,0.9797303676605225,0.9971921443939209,0.9612123370170593,9.999999974752427e-07,0.33967125415802,0.9985044598579407,0.9761777520179749,0.9986835718154907,0.9835960865020752,0.9986026287078857,0.9595934152603149,0.9907087683677673,0.9284780621528625,0.9815923571586609,0.8726690411567688,0.3442623019218445,0.9907506704330444,0.9243581891059875,0.9906736612319946,0.9395323991775513
74,0.999794602394104,0.9836361408233643,0.9986187219619751,0.9686537981033325,0.9972423315048218,0.95130455493927,9.999999974752427e-07,0.3396274149417877,0.9985289573669434,0.9685829281806946,0.9987092018127441,0.9697962403297424,0.9985952973365784,0.9467318058013916,0.9902766346931458,0.9031869769096375,0.9807472825050354,0.8544952869415283,0.34518539905548096,0.9906657338142395,0.8912901282310486,0.989891767501831,0.9168394207954407
0,0.9261954426765442,0.3910302221775055,0.7797715663909912,0.002288853283971548,0.6660580635070801,0.001173109281808138,4.199999966658652e-05,0.8413304686546326,0.7489124536514282,0.036411210894584656,0.8621774911880493,0.01586223766207695,0.2724679708480835,0.083310067653656,0.16662003099918365,1.1097898067191636e-07,0.09112554788589478,1.1097898067191636e-07,2.7414169311523438,0.09112568944692612,0.0,0.9999839663505554,0.0
1,0.9865477085113525,0.5524458885192871,0.9112903475761414,0.19360172748565674,0.8379694223403931,0.13003870844841003,4.199999966658652e-05,0.4693441689014435,0.9062258005142212,0.48322924971580505,0.920393705368042,0.14140093326568604,0.8464853167533875,0.15912172198295593,0.3182433843612671,4.703865386090911e-08,0.18992409110069275,4.703865386090911e-08,1.3549821376800537,0.23473228514194489,0.0,0.5089003443717957,0.0
2,0.990720272064209,0.7255028486251831,0.9385412335395813,0.5124647617340088,0.8846185207366943,0.3890766203403473,4.199999966658652e-05,0.42784541845321655,0.9346054792404175,0.6721315979957581,0.9442414045333862,0.44307994842529297,0.904675304889679,0.12830351293087006,0.25660693645477295,7.101753141114386e-08,0.1482132375240326,7.101753141114386e-08,0.876485288143158,0.3063405752182007,0.0,0.22864994406700134,0.0
3,0.9920639991760254,0.763099193572998,0.9480820298194885,0.5781158208847046,0.9014829397201538,0.4529971778392792,4.199999966658652e-05,0.41088590025901794,0.9449917078018188,0.7043625712394714,0.9524317383766174,0.5309692621231079,0.9315603375434875,0.08894231915473938,0.17788457870483398,4.9789910860909004e-08,0.0995524674654007,4.9789910860909004e-08,0.7480214834213257,0.9142234921455383,0.0,0.10095272213220596,0.0
4,0.9933525919914246,0.7981831431388855,0.9557242393493652,0.6406423449516296,0.9154242873191833,0.5187598466873169,4.199999966658652e-05,0.398802250623703,0.9534931182861328,0.7438784837722778,0.9590361714363098,0.5970713496208191,0.96917325258255,0.4037279486656189,0.760117769241333,0.04733828082680702,0.6170543432235718,0.027682065963745117,0.5240195989608765,0.9083751440048218,0.35999900102615356,0.6577470302581787,0.027682006359100342
5,0.9937211871147156,0.8186798095703125,0.9576542377471924,0.6797054409980774,0.9191049933433533,0.5527783632278442,4.199999966658652e-05,0.3927316963672638,0.9550620913505554,0.7855669260025024,0.9614810347557068,0.6350862383842468,0.9865002632141113,0.6799877285957336,0.906322181224823,0.45365315675735474,0.8289844393730164,0.3273548185825348,0.43488192558288574,0.9376132488250732,0.7602578997612,0.8782773613929749,0.3471948206424713
6,0.994957447052002,0.8346701264381409,0.9666149020195007,0.7027252316474915,0.9354697465896606,0.5826595425605774,4.199999966658652e-05,0.38328269124031067,0.965068519115448,0.7879552245140076,0.968647301197052,0.6649611592292786,0.9937124848365784,0.7892930507659912,0.9565650224685669,0.6220213174819946,0.9168049693107605,0.48887813091278076,0.39135247468948364,0.9707435369491577,0.8565685153007507,0.9429119825363159,0.5176730155944824
7,0.9951777458190918,0.865380048751831,0.9681834578514099,0.7625764608383179,0.9384164214134216,0.6457334160804749,4.199999966658652e-05,0.37960270047187805,0.9674966931343079,0.8119677901268005,0.9694059491157532,0.7354984879493713,0.9946169853210449,0.8489944338798523,0.9637527465820312,0.7342361211776733,0.9301031231880188,0.5993351340293884,0.38025906682014465,0.975657045841217,0.9534620642662048,0.9522002935409546,0.6194393038749695
8,0.9956134557723999,0.8749662637710571,0.9709967970848083,0.7789356112480164,0.9436874389648438,0.6643810868263245,4.199999966658652e-05,0.37532660365104675,0.9695337414741516,0.8431110382080078,0.9728361368179321,0.7458052635192871,0.9959045648574829,0.897301197052002,0.9716688394546509,0.822933554649353,0.9449395537376404,0.7052045464515686,0.37459343671798706,0.9803130626678467,0.8765307068824768,0.9632349610328674,0.7810806035995483
9,0.9960829019546509,0.8757240772247314,0.9740144610404968,0.777433454990387,0.9493996500968933,0.6685268878936768,4.199999966658652e-05,0.3713313937187195,0.9727432727813721,0.8337509036064148,0.975633442401886,0.7505065202713013,0.9954360723495483,0.9059218764305115,0.9678853750228882,0.8439586162567139,0.9378126263618469,0.7365363836288452,0.3733791708946228,0.9891735315322876,0.843250572681427,0.9475650787353516,0.8567547798156738
10,0.9960889220237732,0.8764559030532837,0.9741703867912292,0.7787416577339172,0.9496909976005554,0.6663589477539062,4.199999966658652e-05,0.36971715092658997,0.9740316271781921,0.8385806083679199,0.9746851325035095,0.7577792406082153,0.9963623285293579,0.9075260758399963,0.9752973914146423,0.839755117893219,0.9518192410469055,0.7313335537910461,0.36855340003967285,0.9716461896896362,0.8725634217262268,0.9790673851966858,0.8156718611717224
11,0.9963807463645935,0.9011134505271912,0.9758923053741455,0.8263337016105652,0.9530041217803955,0.7221246957778931,4.199999966658652e-05,0.36709681153297424,0.9751131534576416,0.855959415435791,0.9770259857177734,0.807452380657196,0.9963085651397705,0.9028636813163757,0.9745404720306396,0.8311870098114014,0.9504525065422058,0.7413289546966553,0.36644572019577026,0.9863629937171936,0.8531420230865479,0.9631192684173584,0.8256996273994446
12,0.9966466426849365,0.8932713270187378,0.9778349995613098,0.8087084293365479,0.9566732048988342,0.7059246897697449,4.199999966658652e-05,0.36474648118019104,0.9772859215736389,0.8498060703277588,0.9786360263824463,0.7881311178207397,0.9967330694198608,0.9147076606750488,0.9778045415878296,0.8516109585762024,0.9565824866294861,0.7471657395362854,0.36338651180267334,0.9874479174613953,0.8297860622406006,0.9683974385261536,0.8783676624298096
13,0.9966316223144531,0.9052186608314514,0.9776771068572998,0.8327598571777344,0.9563782215118408,0.7319300770759583,4.199999966658652e-05,0.363759309053421,0.9771471619606018,0.8753986954689026,0.9784730672836304,0.8159571290016174,0.9966375827789307,0.9230872392654419,0.9771645069122314,0.8690100908279419,0.9553805589675903,0.7707809209823608,0.3628259301185608,0.9829425811767578,0.9277575612068176,0.9714846014976501,0.8216841816902161
14,0.9966982007026672,0.8837364315986633,0.977942705154419,0.7895298600196838,0.9568980932235718,0.686472475528717,4.199999966658652e-05,0.362509548664093,0.978057861328125,0.8409126996994019,0.9781343936920166,0.7701351642608643,0.9970806837081909,0.9128978848457336,0.9801350235939026,0.8456606864929199,0.961056113243103,0.7452394962310791,0.3616379499435425,0.9766707420349121,0.8611676692962646,0.9836491346359253,0.8404018878936768
15,0.9972106218338013,0.9034435749053955,0.9816058874130249,0.8252811431884766,0.963905930519104,0.7340161204338074,4.199999966658652e-05,0.35933631658554077,0.980849027633667,0.8530622720718384,0.9825090169906616,0.8116329908370972,0.9973788261413574,0.9188157916069031,0.9822193384170532,0.8554124236106873,0.9650710821151733,0.7734966278076172,0.358428955078125,0.9822144508361816,0.8682853579521179,0.9822335839271545,0.8438947200775146
16,0.9972383975982666,0.9257038831710815,0.9815494418144226,0.8698582649230957,0.9638038873672485,0.7807271480560303,4.199999966658652e-05,0.35848942399024963,0.9813070893287659,0.8996714949607849,0.9819828867912292,0.8554643988609314,0.9970571994781494,0.9063431620597839,0.9790765643119812,0.8336098194122314,0.9590474963188171,0.7453508973121643,0.3599361777305603,0.9886900186538696,0.8190032243728638,0.9696988463401794,0.8534583449363708
17,0.9973899126052856,0.9215643405914307,0.9827095866203308,0.8604201674461365,0.9660344123840332,0.7732508778572083,4.199999966658652e-05,0.35711994767189026,0.9824120402336121,0.8788555264472961,0.9831474423408508,0.8521283864974976,0.997267484664917,0.9332613945007324,0.9811035990715027,0.8854189515113831,0.9629253149032593,0.8012195825576782,0.3576975166797638,0.9817311763763428,0.8975241184234619,0.9805005788803101,0.8841643333435059
18,0.9975278377532959,0.9278479218482971,0.9835672974586487,0.8721283078193665,0.9676917791366577,0.7915103435516357,4.199999966658652e-05,0.3559280037879944,0.9831593036651611,0.8846767544746399,0.9840986728668213,0.865547776222229,0.9974237084388733,0.9377090930938721,0.9825628399848938,0.8928550481796265,0.9657377004623413,0.8079298138618469,0.35594943165779114,0.9798679947853088,0.9331228733062744,0.9852967262268066,0.8579179644584656
19,0.9976811408996582,0.9259380102157593,0.984575092792511,0.8673009276390076,0.9696366786956787,0.7838606834411621,4.199999966658652e-05,0.35475829243659973,0.9838871955871582,0.8782966136932373,0.9853641986846924,0.8648423552513123,0.9970889091491699,0.9052901268005371,0.9802864193916321,0.8302940130233765,0.9613519310951233,0.7284058928489685,0.3573007881641388,0.986807644367218,0.9472730755805969,0.973890483379364,0.7649370431900024
20,0.9976763725280762,0.9179891347885132,0.9846898913383484,0.8512880802154541,0.9698583483695984,0.7683148980140686,4.199999966658652e-05,0.3543317914009094,0.9846465587615967,0.8728169798851013,0.984798789024353,0.8398521542549133,0.9971920847892761,0.9020255208015442,0.9802485704421997,0.8238023519515991,0.9612762331962585,0.7476859092712402,0.3567045331001282,0.9882268309593201,0.8348935842514038,0.9724242687225342,0.8148569464683533
21,0.9979203939437866,0.9224538207054138,0.9863097667694092,0.8585981726646423,0.9730044603347778,0.7821290493011475,4.199999966658652e-05,0.3526565134525299,0.9859265089035034,0.8653028011322021,0.9867449998855591,0.8572819232940674,0.997662365436554,0.9405394196510315,0.9841709136962891,0.8969078660011292,0.9688467979431152,0.8149233460426331,0.35409411787986755,0.9816691875457764,0.945664644241333,0.9866968393325806,0.8552651405334473
22,0.9979673027992249,0.9387043714523315,0.9864635467529297,0.8909451365470886,0.9733028411865234,0.8159120082855225,4.199999966658652e-05,0.3519900143146515,0.9862542152404785,0.9053434133529663,0.9867249131202698,0.8837599158287048,0.9975067377090454,0.9399310946464539,0.9830278754234314,0.8968345522880554,0.9666390419006348,0.8171348571777344,0.3533517122268677,0.9907242059707642,0.9393160939216614,0.9754659533500671,0.8613761067390442
23,0.9978824853897095,0.9405803680419922,0.9857844710350037,0.8953769207000732,0.9719945788383484,0.8161437511444092,4.199999966658652e-05,0.3520019054412842,0.9855861067771912,0.9083451628684998,0.9860764145851135,0.8900372982025146,0.9977273344993591,0.9102789163589478,0.9838079810142517,0.8367499709129333,0.9681492447853088,0.7502799034118652,0.35367029905319214,0.9854758977890015,0.868116557598114,0.9821765422821045,0.8164108395576477
24,0.9979667067527771,0.9383643865585327,0.9864295721054077,0.8902987837791443,0.9732421636581421,0.8110231161117554,4.199999966658652e-05,0.35125887393951416,0.9862193465232849,0.9143297672271729,0.9867163300514221,0.8827728033065796,0.9977673292160034,0.9425097107887268,0.985027551651001,0.8999916911125183,0.9705097675323486,0.8226049542427063,0.35188302397727966,0.9845092296600342,0.8975678086280823,0.9855667948722839,0.9065444469451904
25,0.9980600476264954,0.9418948888778687,0.9871433973312378,0.8966464400291443,0.974626898765564,0.8231440186500549,4.199999966658652e-05,0.35057082772254944,0.9868125915527344,0.9079643487930298,0.9875278472900391,0.8904653787612915,0.9978488087654114,0.9443569183349609,0.9849302768707275,0.9037839770317078,0.970320463180542,0.8283263444900513,0.3516841232776642,0.9912744164466858,0.9125131368637085,0.9786792993545532,0.899367094039917
26,0.9983012676239014,0.9341722726821899,0.9885975122451782,0.8797471523284912,0.9774640798568726,0.8145376443862915,4.199999966658652e-05,0.34917718172073364,0.9882028102874756,0.891632616519928,0.9890315532684326,0.8787920475006104,0.9977352619171143,0.9433642029762268,0.9847365617752075,0.9019916653633118,0.9699413180351257,0.8245021104812622,0.3512920141220093,0.9872087836265564,0.8918489813804626,0.9822951555252075,0.9167253971099854
27,0.9981747269630432,0.945560097694397,0.9878381490707397,0.9032814502716064,0.9759786128997803,0.840227484703064,4.199999966658652e-05,0.3493795692920685,0.9879209399223328,0.9081183075904846,0.987806499004364,0.9023182392120361,0.9978951811790466,0.9354460835456848,0.9856084585189819,0.8852840662002563,0.9716341495513916,0.7987539768218994,0.35138434171676636,0.9842321872711182,0.938185453414917,0.9869977831840515,0.8479963541030884
28,0.9983288049697876,0.9460533261299133,0.9887357950210571,0.9033709168434143,0.9777320027351379,0.8388274908065796,4.199999966658652e-05,0.34848156571388245,0.9887242317199707,0.911593496799469,0.9887809753417969,0.9016273617744446,0.9977395534515381,0.937299907207489,0.9840543270111084,0.8905449509620667,0.9686287641525269,0.811169445514679,0.3520098924636841,0.9868592619895935,0.8822984099388123,0.9812884330749512,0.9065015316009521
29,0.9983267784118652,0.9474620223045349,0.988850474357605,0.9060735106468201,0.9779567122459412,0.8431459665298462,4.199999966658652e-05,0.3481675386428833,0.9886324405670166,0.9129474759101868,0.9891016483306885,0.9028031229972839,0.997873842716217,0.9451856017112732,0.9851994514465332,0.9051720499992371,0.9708428382873535,0.8286848664283752,0.3509928584098816,0.98464035987854,0.9274713397026062,0.9857655167579651,0.886026918888092
30,0.9984843730926514,0.9490985870361328,0.989932119846344,0.9082652926445007,0.9800718426704407,0.8481494784355164,4.199999966658652e-05,0.34731119871139526,0.9897757768630981,0.9098894000053406,0.9901123642921448,0.9094183444976807,0.9977636933326721,0.942038357257843,0.9841469526290894,0.8999298810958862,0.9688109755516052,0.8265748023986816,0.3512808084487915,0.9927089810371399,0.904439389705658,0.9757459163665771,0.9113958477973938
31,0.9983876943588257,0.9467076063156128,0.9892359375953674,0.9041794538497925,0.9787101149559021,0.834629237651825,4.199999966658652e-05,0.3474962115287781,0.9890691637992859,0.9175540208816528,0.9894317388534546,0.9004017114639282,0.9978601336479187,0.9359997510910034,0.9854640960693359,0.8865351676940918,0.9713554978370667,0.8050922155380249,0.3500506579875946,0.9859150648117065,0.902193546295166,0.985024631023407,0.874789297580719
32,0.9984176754951477,0.950936496257782,0.9894798994064331,0.9123927354812622,0.9791877269744873,0.8495174646377563,4.199999966658652e-05,0.34720125794410706,0.989345908164978,0.9212692379951477,0.9896498322486877,0.9075726270675659,0.9979504346847534,0.9411895871162415,0.9861878156661987,0.8961915373802185,0.9727706909179688,0.8221766948699951,0.34897446632385254,0.9878681302070618,0.8669112324714661,0.9845218658447266,0.9296441674232483
33,0.9984526634216309,0.9457835555076599,0.9896643161773682,0.9019026160240173,0.9795480370521545,0.8392110466957092,4.199999966658652e-05,0.34692656993865967,0.9897270202636719,0.9049842953681946,0.9896226525306702,0.9056469798088074,0.997947096824646,0.942507803440094,0.9858624339103699,0.899152934551239,0.9721314907073975,0.8223018050193787,0.34985411167144775,0.9831336736679077,0.9629709124565125,0.988615095615387,0.8511175513267517
34,0.9984299540519714,0.9533626437187195,0.9894157648086548,0.917309582233429,0.9790703654289246,0.8518305420875549,4.199999966658652e-05,0.34688350558280945,0.9893160462379456,0.9206447601318359,0.9895575046539307,0.9196441769599915,0.9966980218887329,0.9367684721946716,0.9773285388946533,0.8962081670761108,0.9557008147239685,0.8143821954727173,0.354894757270813,0.9962631464004517,0.8877479434013367,0.9591405987739563,0.9091187119483948
35,0.9988554120063782,0.9625868797302246,0.9923097491264343,0.9328638315200806,0.9847442507743835,0.8839689493179321,2.099999983329326e-05,0.34506186842918396,0.9921522736549377,0.9351247549057007,0.9924852848052979,0.9332607984542847,0.9983792304992676,0.9579789638519287,0.9888441562652588,0.9271137118339539,0.977944552898407,0.8655243515968323,0.34766554832458496,0.9867901802062988,0.9194458723068237,0.9909135699272156,0.9367429614067078
36,0.999068021774292,0.9712376594543457,0.9937781691551208,0.9486968517303467,0.987638533115387,0.9041116833686829,2.099999983329326e-05,0.3440941274166107,0.9936480522155762,0.948225200176239,0.9939205646514893,0.9504520893096924,0.9983361959457397,0.958777666091919,0.9884989857673645,0.9290561676025391,0.9772689342498779,0.8684924244880676,0.34716346859931946,0.9864243865013123,0.9431931376457214,0.9905907511711121,0.9162555932998657
37,0.9991381168365479,0.9688087701797485,0.9943169951438904,0.9433002471923828,0.9887019991874695,0.8985671401023865,2.099999983329326e-05,0.34368380904197693,0.9941498041152954,0.9493517279624939,0.9944937229156494,0.9426923394203186,0.9984719753265381,0.9601115584373474,0.9894226789474487,0.9308000802993774,0.9790722131729126,0.8733327388763428,0.3469720780849457,0.9898116588592529,0.9125354290008545,0.9890387654304504,0.9511343240737915
38,0.9992190599441528,0.9670619964599609,0.9947695136070251,0.939354658126831,0.9895957708358765,0.893062949180603,2.099999983329326e-05,0.3432804048061371,0.9945599436759949,0.9451642036437988,0.9949854016304016,0.9395164251327515,0.9984136819839478,0.9562476873397827,0.9891785383224487,0.9233169555664062,0.978593111038208,0.8630648851394653,0.3470213711261749,0.9914824962615967,0.9443750977516174,0.9868954420089722,0.9101676940917969
39,0.9992498159408569,0.9705137610435486,0.9949724078178406,0.9460548162460327,0.9899978637695312,0.9029685854911804,2.099999983329326e-05,0.3430590331554413,0.9948676824569702,0.9488358497619629,0.995082676410675,0.9466550946235657,0.998453676700592,0.961605966091156,0.9897247552871704,0.9334871768951416,0.979661226272583,0.8776920437812805,0.34611427783966064,0.9883812665939331,0.9342436194419861,0.9910776615142822,0.9346897006034851
40,0.9991886615753174,0.9635298252105713,0.9946026802062988,0.9324569702148438,0.9892670512199402,0.8860300183296204,2.099999983329326e-05,0.3431626558303833,0.9944736361503601,0.9354575872421265,0.9947405457496643,0.9321186542510986,0.9984683394432068,0.9631249904632568,0.989298403263092,0.9369516968727112,0.9788316488265991,0.8823760151863098,0.34657496213912964,0.9909999370574951,0.9124744534492493,0.9876086711883545,0.964698314666748
41,0.9992486834526062,0.9654657244682312,0.9949947595596313,0.9359363317489624,0.9900427460670471,0.8975205421447754,2.099999983329326e-05,0.34284740686416626,0.9948706030845642,0.9359641075134277,0.9951235055923462,0.9374062418937683,0.9984323382377625,0.9660497903823853,0.9894001483917236,0.9426994919776917,0.9790273904800415,0.8925274610519409,0.34622788429260254,0.9918245673179626,0.9481542110443115,0.9869936108589172,0.9382064938545227
42,0.9992688894271851,0.9744857549667358,0.9951174259185791,0.9538536071777344,0.9902858734130859,0.9134538173675537,2.099999983329326e-05,0.3426641523838043,0.9950095415115356,0.9505406022071838,0.9952322244644165,0.9588524103164673,0.9984301924705505,0.9555418491363525,0.9892818331718445,0.921801745891571,0.9788015484809875,0.860575258731842,0.34589695930480957,0.9901665449142456,0.9128041863441467,0.988402247428894,0.9383218884468079
43,0.9992627501487732,0.9684851765632629,0.9950699806213379,0.9418999552726746,0.9901924729347229,0.9014290571212769,2.099999983329326e-05,0.3425949513912201,0.9949149489402771,0.9424376487731934,0.9952324628829956,0.9435049295425415,0.998421311378479,0.9633932709693909,0.9893369078636169,0.93744957447052,0.9789050221443176,0.8833593726158142,0.3459731340408325,0.9913101196289062,0.9376333355903625,0.9873749017715454,0.9383637309074402
44,0.9992675185203552,0.9715642333030701,0.9951120018959045,0.948016345500946,0.9902750253677368,0.9083672165870667,2.099999983329326e-05,0.34248295426368713,0.9949963092803955,0.9536824822425842,0.9952349066734314,0.9488279223442078,0.9983938336372375,0.962119460105896,0.9886731505393982,0.935565710067749,0.9776104092597961,0.8811824917793274,0.34739387035369873,0.9876003861427307,0.9392525553703308,0.9897592663764954,0.9327616691589355
45,0.9992358684539795,0.9659230709075928,0.9949179291725159,0.9369288086891174,0.9898910522460938,0.8994124531745911,2.099999983329326e-05,0.3425680100917816,0.9949023723602295,0.938022255897522,0.9949387311935425,0.937096357345581,0.9983459711074829,0.949723482131958,0.9888252019882202,0.9106219410896301,0.9779020547866821,0.8457520008087158,0.3466901481151581,0.9914911389350891,0.9482128620147705,0.9861791729927063,0.8904800415039062
46,0.9991835951805115,0.9713230729103088,0.9945569634437561,0.9480890035629272,0.9891775250434875,0.910824179649353,2.099999983329326e-05,0.3426603376865387,0.9944308996200562,0.9478331208229065,0.9946920275688171,0.9497599005699158,0.9983664155006409,0.9481191039085388,0.988789439201355,0.9074488282203674,0.9778330326080322,0.8414551019668579,0.3471396565437317,0.9871256351470947,0.9102461338043213,0.9904680848121643,0.9165075421333313
47,0.9994010925292969,0.9658499360084534,0.9959676861763,0.9357324242591858,0.991971492767334,0.8995077013969421,1.049999991664663e-05,0.3418733477592468,0.9958992600440979,0.935829758644104,0.9960414171218872,0.9372285604476929,0.9985558986663818,0.9458267092704773,0.9901463985443115,0.9015073180198669,0.9804907441139221,0.8509911298751831,0.3457868695259094,0.9905727505683899,0.892902672290802,0.9897249341011047,0.9115851521492004
48,0.999523401260376,0.9799385666847229,0.9967935681343079,0.9630836248397827,0.9936102032661438,0.9326455593109131,1.049999991664663e-05,0.3413936495780945,0.9966752529144287,0.9661335945129395,0.9969151020050049,0.9639999866485596,0.9986123442649841,0.9633591175079346,0.9903925061225891,0.9363257884979248,0.9809718132019043,0.8818569779396057,0.3460933268070221,0.9914343953132629,0.9299139380455017,0.9893571734428406,0.9452240467071533
49,0.9995719194412231,0.9762251973152161,0.9971449375152588,0.9553058743476868,0.9943085312843323,0.9251880049705505,1.049999991664663e-05,0.3411718010902405,0.9970545172691345,0.9519988298416138,0.9972374439239502,0.960724413394928,0.9985800385475159,0.9321677684783936,0.990265965461731,0.8740695714950562,0.9807240962982178,0.8193422555923462,0.3453831374645233,0.9897946715354919,0.8804095387458801,0.9907425045967102,0.8697852492332458
50,0.9995626211166382,0.9838619232177734,0.9970810413360596,0.9706424474716187,0.99418044090271,0.9437370300292969,1.049999991664663e-05,0.34113484621047974,0.99701327085495,0.9690879583358765,0.9971508979797363,0.972779393196106,0.9985934495925903,0.946485698223114,0.9904066324234009,0.9025647044181824,0.9810028076171875,0.852192223072052,0.3458629548549652,0.9902204275131226,0.9063767194747925,0.9905983209609985,0.9000197649002075
51,0.9995773434638977,0.9826110601425171,0.9971520304679871,0.9680699706077576,0.994321882724762,0.9402208924293518,1.049999991664663e-05,0.3410322964191437,0.9971029758453369,0.9669020771980286,0.997203528881073,0.9715476036071777,0.9985635280609131,0.9653018116950989,0.990130603313446,0.940473198890686,0.9804598093032837,0.8890134692192078,0.34563228487968445,0.9900019764900208,0.9498757719993591,0.9902660250663757,0.9331445097923279
52,0.999652087688446,0.9857070446014404,0.9976654648780823,0.9737489223480225,0.9953434467315674,0.9498727321624756,5.249999958323315e-06,0.34075409173965454,0.9975923299789429,0.9727416038513184,0.997739851474762,0.9757906198501587,0.998610258102417,0.9679268598556519,0.9904776215553284,0.9453759789466858,0.9811384081840515,0.8973413705825806,0.34561607241630554,0.990050196647644,0.9385861158370972,0.9909102916717529,0.953053891658783
53,0.9996780157089233,0.9798036217689514,0.9977880716323853,0.9618195295333862,0.9955883622169495,0.9372654557228088,5.249999958323315e-06,0.34066712856292725,0.9977152347564697,0.9612472653388977,0.9978621006011963,0.9644720554351807,0.9986441135406494,0.9487601518630981,0.9904512763023376,0.9070692658424377,0.9810907244682312,0.8602707386016846,0.34572067856788635,0.9914454817771912,0.9068034887313843,0.9894622564315796,0.9078560471534729
54,0.9997006058692932,0.9877649545669556,0.9980059862136841,0.9775238037109375,0.9960205554962158,0.9564739465713501,5.249999958323315e-06,0.34053635597229004,0.9980213642120361,0.9744293689727783,0.9979907870292664,0.9810124039649963,0.9985934495925903,0.9450982809066772,0.9902541637420654,0.8999424576759338,0.9807054996490479,0.8484072089195251,0.3454338312149048,0.9895283579826355,0.8954320549964905,0.9909874200820923,0.9072829484939575
55,0.9997265338897705,0.9848339557647705,0.998137354850769,0.9715307354927063,0.9962826371192932,0.9468215703964233,5.249999958323315e-06,0.34044456481933594,0.9981309771537781,0.9678027629852295,0.9981444478034973,0.9766585826873779,0.9986047148704529,0.9121817946434021,0.9902896285057068,0.8340738415718079,0.9807744026184082,0.7930564284324646,0.34565725922584534,0.9900755882263184,0.8324265480041504,0.990509033203125,0.8362436890602112
56,0.999708354473114,0.9770824313163757,0.99805748462677,0.9561075568199158,0.9961233735084534,0.9342163801193237,5.249999958323315e-06,0.3404512405395508,0.9980988502502441,0.9524286389350891,0.9980167150497437,0.9604265093803406,0.9986297488212585,0.9642655849456787,0.9902490973472595,0.9382820725440979,0.9806935787200928,0.885069727897644,0.3460521697998047,0.9892117381095886,0.9493333697319031,0.9912965297698975,0.9291664361953735
57,0.9997296333312988,0.9828501343727112,0.9981653690338135,0.9675350189208984,0.9963389039039612,0.9468181133270264,5.249999958323315e-06,0.3403485119342804,0.9981512427330017,0.9623638391494751,0.9981799125671387,0.9735996723175049,0.9985910058021545,0.9659507870674133,0.9905886650085449,0.941312849521637,0.9813581109046936,0.8904073238372803,0.34487399458885193,0.9897798299789429,0.9411768913269043,0.9914024472236633,0.9431599378585815
58,0.9997397661209106,0.988284707069397,0.998248279094696,0.9783211350440979,0.9965043067932129,0.9582868814468384,2.6249999791616574e-06,0.34029337763786316,0.9982193112373352,0.9740368723869324,0.9982778429985046,0.9830358028411865,0.9986154437065125,0.9645734429359436,0.9903929829597473,0.9387538433074951,0.9809766411781311,0.8864693641662598,0.34558963775634766,0.9902893900871277,0.9432405233383179,0.9905006289482117,0.9374702572822571
59,0.9997619390487671,0.9834305047988892,0.9984111785888672,0.9684494137763977,0.9968283772468567,0.948509156703949,2.6249999791616574e-06,0.3401976525783539,0.9983764886856079,0.9677303433418274,0.9984458088874817,0.9698234796524048,0.9985986351966858,0.966168224811554,0.9903389811515808,0.9419975280761719,0.9808698296546936,0.8915696740150452,0.3452491760253906,0.9903082251548767,0.9321647882461548,0.9903760552406311,0.954282820224762
60,0.9997612833976746,0.9880321621894836,0.9984153509140015,0.9776489734649658,0.9968367218971252,0.9573450684547424,2.6249999791616574e-06,0.3401859998703003,0.9984228610992432,0.9726284146308899,0.9984084963798523,0.9836755394935608,0.9986178874969482,0.9406148791313171,0.9903649687767029,0.8908649682998657,0.9809181690216064,0.8363803029060364,0.34602802991867065,0.9900990128517151,0.8896157741546631,0.9906349778175354,0.8936429023742676
61,0.9997743964195251,0.9849610328674316,0.9984757304191589,0.9714465141296387,0.9969573020935059,0.9540529847145081,2.6249999791616574e-06,0.3401356637477875,0.9984338283538818,0.9687767028808594,0.9985178112983704,0.9743726253509521,0.9986340403556824,0.9482994079589844,0.9904325008392334,0.9061660766601562,0.9810518622398376,0.8587512373924255,0.3460676968097687,0.9914411306381226,0.9060854315757751,0.9894306063652039,0.9071559906005859
62,0.9997686743736267,0.984773576259613,0.9984663128852844,0.9710809588432312,0.9969386458396912,0.9478609561920166,2.6249999791616574e-06,0.34014806151390076,0.998475968837738,0.9683723449707031,0.9984569549560547,0.974322497844696,0.9986294507980347,0.9569660425186157,0.9903696179389954,0.9235624670982361,0.9809332489967346,0.8676332235336304,0.34586280584335327,0.990104079246521,0.9343889355659485,0.9906439185142517,0.925563633441925
63,0.9997910261154175,0.9896470904350281,0.9985606670379639,0.980732798576355,0.9971266388893127,0.9625852704048157,1.3124999895808287e-06,0.3400595486164093,0.9985097646713257,0.9764754772186279,0.9986120462417603,0.9854245185852051,0.9986364841461182,0.9629382491111755,0.9907958507537842,0.9350807070732117,0.9817648530006409,0.8831484317779541,0.34498360753059387,0.9911612868309021,0.9399800896644592,0.9904381036758423,0.9318814277648926
64,0.9998055100440979,0.9891641139984131,0.9986833333969116,0.9796451330184937,0.9973708391189575,0.9607179760932922,1.3124999895808287e-06,0.3399735987186432,0.9986340403556824,0.977440595626831,0.9987329840660095,0.9821252226829529,0.9986501932144165,0.9619612097740173,0.9906449317932129,0.9332773685455322,0.9814715385437012,0.8814750909805298,0.3451579809188843,0.9908111691474915,0.9243465662002563,0.9904817342758179,0.9518219232559204
65,0.999789297580719,0.9847867488861084,0.9985360503196716,0.9710378050804138,0.9970782995223999,0.9533784985542297,1.3124999895808287e-06,0.3400769829750061,0.9984923005104065,0.968883216381073,0.998579740524292,0.9734675884246826,0.9986331462860107,0.9583107233047485,0.9905667304992676,0.9260547757148743,0.9813186526298523,0.8741554021835327,0.34514671564102173,0.9904708862304688,0.9228990077972412,0.9906653761863708,0.9341881275177002
66,0.999804675579071,0.9897745251655579,0.9987038373947144,0.9808453917503357,0.9974122047424316,0.9627829194068909,1.3124999895808287e-06,0.33996227383613586,0.9987082481384277,0.9772035479545593,0.9987002015113831,0.9848121404647827,0.998636782169342,0.9548723101615906,0.990562379360199,0.9191820621490479,0.9813106656074524,0.8593189716339111,0.34583938121795654,0.990222156047821,0.9105304479598999,0.9909088611602783,0.9301056861877441
67,0.9998136162757874,0.9830412864685059,0.9987459778785706,0.967336893081665,0.9974959492683411,0.9480400085449219,1.3124999895808287e-06,0.3399285078048706,0.9987071752548218,0.9631833434104919,0.9987855553627014,0.9723771810531616,0.998614490032196,0.9649965763092041,0.990369975566864,0.9396229386329651,0.9809320569038391,0.8877396583557129,0.3453395366668701,0.9906638860702515,0.9370429515838623,0.9900795817375183,0.9442146420478821
68,0.9998058080673218,0.9900091290473938,0.9986939430236816,0.9813244342803955,0.9973922967910767,0.9639146327972412,9.999999974752427e-07,0.33992326259613037,0.9986853003501892,0.9789928197860718,0.9987029433250427,0.9839180707931519,0.998655378818512,0.9658510088920593,0.9906642436981201,0.9410375356674194,0.9815055727958679,0.8898968696594238,0.3458351790904999,0.9905737042427063,0.9383501410484314,0.9907585382461548,0.9455686807632446
69,0.9998041391372681,0.9903232455253601,0.9987006187438965,0.9819458723068237,0.9974049925804138,0.9650093913078308,9.999999974752427e-07,0.3399386703968048,0.9986908435821533,0.9800916910171509,0.9987106919288635,0.984104335308075,0.9986343383789062,0.9664565920829773,0.9904552698135376,0.942457914352417,0.9810964465141296,0.8924245238304138,0.345864862203598,0.9903669953346252,0.9398144483566284,0.9905478954315186,0.9473135471343994
70,0.9998037219047546,0.9893025159835815,0.9986662268638611,0.9799388647079468,0.9973373413085938,0.9618000984191895,9.999999974752427e-07,0.33995410799980164,0.9986261129379272,0.9810944199562073,0.9987068772315979,0.980103075504303,0.9986675977706909,0.9619963765144348,0.9906390905380249,0.9333536028862,0.9814581274986267,0.879387378692627,0.3458261489868164,0.9914340376853943,0.938901424407959,0.9898530840873718,0.9312981963157654
71,0.9998090267181396,0.9852501749992371,0.9987409710884094,0.9717589616775513,0.9974860548973083,0.9548527598381042,9.999999974752427e-07,0.3399180471897125,0.9987395405769348,0.9686875939369202,0.9987430572509766,0.9756216406822205,0.9986163377761841,0.9670401811599731,0.9905393123626709,0.9435407519340515,0.9812619686126709,0.894266664981842,0.34514540433883667,0.9898102283477783,0.9445315003395081,0.9912726879119873,0.9437013268470764
72,0.9998116493225098,0.9843276739120483,0.9987486004829407,0.9699069261550903,0.9975011348724365,0.9514176845550537,9.999999974752427e-07,0.33988654613494873,0.9987345337867737,0.9692491888999939,0.9987632036209106,0.9712284803390503,0.9986294507980347,0.9340517520904541,0.9905902147293091,0.8775132894515991,0.9813608527183533,0.8317525386810303,0.3452763855457306,0.9903630614280701,0.8753953576087952,0.990824282169342,0.8980200886726379
0,0.9350490570068359,0.3982503414154053,0.794161856174469,0.0023388960398733616,0.6827618479728699,0.0011811619624495506,4.199999966658652e-05,0.7514057159423828,0.7671985626220703,0.05616150051355362,0.8528199195861816,0.043765079230070114,0.23676513135433197,0.08004819601774216,0.16009628772735596,1.1809006394969401e-07,0.08719814568758011,1.1809006394969401e-07,3.422757148742676,0.08719814568758011,0.0,1.0,0.0
1,0.9880057573318481,0.5741000175476074,0.9211502075195312,0.2270495593547821,0.8544235825538635,0.15300501883029938,4.199999966658652e-05,0.44498416781425476,0.9117568135261536,0.5726009011268616,0.9331205487251282,0.16423772275447845,0.6435455083847046,0.14072228968143463,0.28144457936286926,5.700195870872449e-08,0.16479700803756714,5.700195870872449e-08,1.8747608661651611,0.16617585718631744,0.0,0.953309953212738,0.0
2,0.9906288385391235,0.7313885688781738,0.9382436275482178,0.5245338678359985,0.883938193321228,0.3970872759819031,4.199999966658652e-05,0.41602039337158203,0.9336109161376953,0.7124676704406738,0.9445797801017761,0.44949349761009216,0.9272701740264893,0.21686626970767975,0.43373242020606995,7.649747146842856e-08,0.27877044677734375,7.649747146842856e-08,0.7323552966117859,0.5129102468490601,0.0,0.3864442706108093,0.0
3,0.9921648502349854,0.7877039313316345,0.9482677578926086,0.6271403431892395,0.9019110202789307,0.4934350848197937,4.199999966658652e-05,0.4008604884147644,0.9444917440414429,0.7604455351829529,0.9533538222312927,0.5628906488418579,0.9579678177833557,0.3436345160007477,0.6872689127922058,1.2138715987930482e-07,0.5280433297157288,1.2138715987930482e-07,0.5988919734954834,0.7318362593650818,0.0,0.654490053653717,0.0
4,0.9934396147727966,0.8059014678001404,0.9562746286392212,0.6555285453796387,0.9164280891418457,0.5280590057373047,4.199999966658652e-05,0.38977110385894775,0.9524461627006531,0.7675252556800842,0.9610843658447266,0.603554368019104,0.9701669216156006,0.4084198474884033,0.7563097476959229,0.06052989512681961,0.6101603507995605,0.03953320533037186,0.5115039348602295,0.9114159345626831,0.1572173684835434,0.6499927639961243,0.04027066379785538
5,0.9942551255226135,0.8270103931427002,0.962067723274231,0.691952645778656,0.927009105682373,0.5742051601409912,4.199999966658652e-05,0.3824774920940399,0.9591527581214905,0.7670639753341675,0.9656053185462952,0.6537840962409973,0.9870055913925171,0.7072824835777283,0.907565712928772,0.506999135017395,0.8313328623771667,0.3780410885810852,0.42331379652023315,0.9505462050437927,0.7851543426513672,0.8699709177017212,0.4044699966907501
6,0.995198130607605,0.8663325309753418,0.9681192636489868,0.7645459175109863,0.9382908344268799,0.6449503898620605,4.199999966658652e-05,0.37501025199890137,0.9661003947257996,0.8319051861763,0.970607578754425,0.7254278063774109,0.9944528341293335,0.8368614315986633,0.9623044729232788,0.7114183902740479,0.9274022579193115,0.5906404852867126,0.3809104561805725,0.9459639191627502,0.8343239426612854,0.9793388247489929,0.638384222984314
7,0.9956057667732239,0.868946373462677,0.9708290696144104,0.767063319683075,0.9433860778808594,0.647400975227356,4.199999966658652e-05,0.3712817430496216,0.9688167572021484,0.8329402804374695,0.9732269048690796,0.7371237874031067,0.99603271484375,0.8646576404571533,0.9735004901885986,0.7558146715164185,0.9484132528305054,0.6413118243217468,0.3691524863243103,0.9737191796302795,0.8862293362617493,0.9733301401138306,0.6844338774681091
8,0.9957267642021179,0.8811438679695129,0.971571147441864,0.7907164692878723,0.9447907209396362,0.6776602864265442,4.199999966658652e-05,0.3692632019519806,0.9695749878883362,0.838905930519104,0.973966121673584,0.75946444272995,0.9962484836578369,0.9057093858718872,0.974016547203064,0.8374022841453552,0.9493966102600098,0.7241987586021423,0.3668404519557953,0.9819962978363037,0.8786414861679077,0.9662235975265503,0.8078058362007141
9,0.9962350726127625,0.8910555243492126,0.9751396775245667,0.8069716095924377,0.9515432119369507,0.6971997022628784,4.199999966658652e-05,0.3657059073448181,0.9741615056991577,0.8508521318435669,0.9764007329940796,0.7839369177818298,0.9964831471443176,0.9200459122657776,0.9761353135108948,0.8639564514160156,0.9534108638763428,0.7626219391822815,0.3643784821033478,0.9829558730125427,0.8922917246818542,0.9694412350654602,0.8406466841697693
10,0.9962825775146484,0.8996661305427551,0.9753471612930298,0.8239852786064148,0.9519444108009338,0.7097585201263428,4.199999966658652e-05,0.36416614055633545,0.9743548631668091,0.8625451922416687,0.9766799211502075,0.8004708886146545,0.9966427683830261,0.9045050740242004,0.9779431819915771,0.8310669660568237,0.9568535685539246,0.7143096327781677,0.3615550100803375,0.9829890727996826,0.7825194001197815,0.9729635715484619,0.8943964242935181
11,0.9967460632324219,0.8912284970283508,0.9784327149391174,0.8040241003036499,0.95782071352005,0.6998868584632874,4.199999966658652e-05,0.3612483739852905,0.9775769710540771,0.8432523608207703,0.9794743061065674,0.78668212890625,0.9966949224472046,0.9144113659858704,0.9778128266334534,0.8510101437568665,0.9566055536270142,0.7442766427993774,0.36141473054885864,0.973544716835022,0.8892291784286499,0.9821516275405884,0.8218880295753479
12,0.9969836473464966,0.9223283529281616,0.9799768328666687,0.8646798729896545,0.9607743620872498,0.7681208848953247,4.199999966658652e-05,0.35937681794166565,0.9789106249809265,0.8879069685935974,0.9812297224998474,0.8504834771156311,0.9967660307884216,0.902564525604248,0.9779897332191467,0.827139139175415,0.9569475650787354,0.7302910089492798,0.3598763346672058,0.9881714582443237,0.8543651103973389,0.9680367112159729,0.8061895966529846
13,0.9968893527984619,0.9009642004966736,0.9793028831481934,0.8226253390312195,0.9594825506210327,0.7215015888214111,4.199999966658652e-05,0.35906681418418884,0.9785842299461365,0.8618156313896179,0.9802613258361816,0.8083615899085999,0.9966702461242676,0.8922587037086487,0.9775449633598328,0.8069726824760437,0.9561173915863037,0.6975683569908142,0.36024415493011475,0.9853900074958801,0.9109620451927185,0.9698776006698608,0.7578610181808472
14,0.9971717596054077,0.9166142344474792,0.9811009764671326,0.8521267175674438,0.9629364609718323,0.7592582106590271,4.199999966658652e-05,0.3574897348880768,0.9804195165634155,0.8804642558097839,0.9819046258926392,0.8342664837837219,0.9962655901908875,0.919471800327301,0.9743890166282654,0.8645545244216919,0.9500890970230103,0.7639721035957336,0.36041563749313354,0.9917959570884705,0.8145420551300049,0.9576497673988342,0.9245428442955017
15,0.9971673488616943,0.9145926833152771,0.981148898601532,0.8480360507965088,0.9630285501480103,0.753994345664978,4.199999966658652e-05,0.3565554916858673,0.9805516600608826,0.8830057382583618,0.9819216728210449,0.8316765427589417,0.9970632791519165,0.9284476637840271,0.9799760580062866,0.8769193291664124,0.9607588052749634,0.7861313819885254,0.35755497217178345,0.9746003746986389,0.9087779521942139,0.9854382276535034,0.8511865735054016
16,0.997321605682373,0.9248573780059814,0.9821489453315735,0.867565393447876,0.9649574756622314,0.7782021164894104,4.199999966658652e-05,0.35555949807167053,0.9817910194396973,0.8836490511894226,0.9826500415802002,0.8590219020843506,0.9974737763404846,0.9313183426856995,0.9828241467475891,0.8798127174377441,0.9662391543388367,0.7907286882400513,0.35505977272987366,0.9818557500839233,0.8929318785667419,0.9838142395019531,0.8771936297416687
17,0.9977236390113831,0.9283384084701538,0.9847346544265747,0.8719417452812195,0.9699596166610718,0.786542534828186,4.199999966658652e-05,0.3533007800579071,0.9841647148132324,0.8863441944122314,0.9853695631027222,0.8685932159423828,0.9974645972251892,0.9236779808998108,0.982332170009613,0.8650238513946533,0.9652944803237915,0.7822619080543518,0.35449832677841187,0.9818850755691528,0.8710595965385437,0.9827905297279358,0.8637738823890686
18,0.9977425336837769,0.9270434379577637,0.9849231839179993,0.869163990020752,0.9703176617622375,0.7815549969673157,4.199999966658652e-05,0.3526877462863922,0.9841163754463196,0.8905966281890869,0.9858278632164001,0.8599838018417358,0.9968988299369812,0.9201648235321045,0.9786520600318909,0.861677348613739,0.9582282304763794,0.7618283629417419,0.3561338484287262,0.9902968406677246,0.8331434726715088,0.9673101305961609,0.900783896446228
19,0.9977366924285889,0.9342341423034668,0.9849373698234558,0.8835312724113464,0.9703405499458313,0.80245041847229,4.199999966658652e-05,0.35234200954437256,0.9845767021179199,0.898506224155426,0.9853891134262085,0.8755134344100952,0.9976092576980591,0.9345051646232605,0.9838008880615234,0.885209321975708,0.9681331515312195,0.7998208403587341,0.35297173261642456,0.9808968305587769,0.925792932510376,0.9867411255836487,0.8571068644523621
20,0.9978297352790833,0.9250279068946838,0.9855705499649048,0.8644856810569763,0.9715713262557983,0.7793198227882385,4.199999966658652e-05,0.35157105326652527,0.9852913022041321,0.8952657580375671,0.9859373569488525,0.8510304093360901,0.9976626634597778,0.9194085597991943,0.9838104248046875,0.8550066351890564,0.9681535959243774,0.7734912633895874,0.3524700105190277,0.9824046492576599,0.8689220547676086,0.9852321743965149,0.8471150994300842
21,0.9980201125144958,0.9375715851783752,0.9869518280029297,0.8881914615631104,0.9742500185966492,0.8098480701446533,4.199999966658652e-05,0.35054707527160645,0.986579418182373,0.9042396545410156,0.9873763918876648,0.8792527914047241,0.9976422190666199,0.9390798807144165,0.9840444326400757,0.8941155076026917,0.9686045050621033,0.8107223510742188,0.35209932923316956,0.9834901690483093,0.9151577949523926,0.984619677066803,0.8767229318618774
22,0.9980722069740295,0.9349294900894165,0.9870749115943909,0.8827836513519287,0.9744977355003357,0.805539071559906,4.199999966658652e-05,0.34997624158859253,0.9866310954093933,0.8908013701438904,0.9875673055648804,0.8798800110816956,0.99773770570755,0.9379205107688904,0.9843072295188904,0.891533613204956,0.9691148400306702,0.8063751459121704,0.3518485128879547,0.9874057173728943,0.9319098591804504,0.981249988079071,0.8575400710105896
23,0.9980948567390442,0.9413353800773621,0.9873002767562866,0.8953714966773987,0.9749351739883423,0.8180195093154907,4.199999966658652e-05,0.34959423542022705,0.9869230389595032,0.9075205326080322,0.9877528548240662,0.8897441029548645,0.9974758625030518,0.921795129776001,0.9828773736953735,0.8607130646705627,0.9663469195365906,0.782218337059021,0.35234591364860535,0.9751052856445312,0.8929942846298218,0.9907893538475037,0.8332631587982178
24,0.9980455636978149,0.9386300444602966,0.9869033694267273,0.8903564214706421,0.9741680026054382,0.8174240589141846,4.199999966658652e-05,0.34951695799827576,0.9867904186248779,0.9026741981506348,0.9871058464050293,0.8844084143638611,0.9973733425140381,0.93744957447052,0.9823442697525024,0.8925546407699585,0.9653189182281494,0.8089536428451538,0.35229426622390747,0.9735229015350342,0.9549742341041565,0.9913538098335266,0.8425570726394653
25,0.9982064962387085,0.9417700171470642,0.988055408000946,0.8954845666885376,0.9764036536216736,0.8275859951972961,4.199999966658652e-05,0.3485403060913086,0.98760586977005,0.8952837586402893,0.9885430932044983,0.8986228704452515,0.9978097677230835,0.9470729827880859,0.9850586652755737,0.9090873003005981,0.9705687761306763,0.8348773717880249,0.35062453150749207,0.9866607785224915,0.9059197306632996,0.9834716320037842,0.9139459133148193
26,0.9983419179916382,0.943361759185791,0.9890133142471313,0.8977102041244507,0.9782763719558716,0.8275853991508484,4.199999966658652e-05,0.34779495000839233,0.9888534545898438,0.9213722944259644,0.9891989231109619,0.8925400376319885,0.9977569580078125,0.9448304772377014,0.9848867654800415,0.9047738909721375,0.9702330231666565,0.8289465308189392,0.3506878614425659,0.9825482964515686,0.9027320146560669,0.9872599840164185,0.9114930629730225
27,0.998412549495697,0.9478267431259155,0.9892933368682861,0.9063606858253479,0.9788287281990051,0.8395183682441711,4.199999966658652e-05,0.3473600149154663,0.9891287088394165,0.9136800169944763,0.9895003437995911,0.9030506014823914,0.9977710247039795,0.9282475113868713,0.9848161339759827,0.8716789484024048,0.9701000452041626,0.800598680973053,0.35045015811920166,0.9830115437507629,0.8701120615005493,0.9866480231285095,0.8769484162330627
28,0.9983831644058228,0.9409290552139282,0.989236056804657,0.8926210999488831,0.9787155389785767,0.8265386819839478,4.199999966658652e-05,0.34727534651756287,0.989040732383728,0.9007170796394348,0.9894649386405945,0.8925451636314392,0.9978796243667603,0.9477152824401855,0.9855755567550659,0.9098551273345947,0.9715750217437744,0.8376840949058533,0.3496137261390686,0.9860632419586182,0.9147496819496155,0.9851030111312866,0.9071813821792603
29,0.9984124898910522,0.935793936252594,0.9893755912780762,0.8822117447853088,0.9789891839027405,0.821137547492981,4.199999966658652e-05,0.34700554609298706,0.9892659187316895,0.8905413150787354,0.9895170331001282,0.8798913359642029,0.9978381395339966,0.9487890601158142,0.9854575395584106,0.9121208190917969,0.9713414907455444,0.839357316493988,0.3495772182941437,0.9817310571670532,0.938079297542572,0.9892239570617676,0.8894200921058655
30,0.9984778761863708,0.946808397769928,0.9899554252624512,0.9036611318588257,0.980118989944458,0.8431689739227295,4.199999966658652e-05,0.3465542197227478,0.9898406267166138,0.9080516695976257,0.9900964498519897,0.9031226634979248,0.9978299140930176,0.9337008595466614,0.9850398898124695,0.882361650466919,0.9705345630645752,0.8178544044494629,0.349092036485672,0.9908171892166138,0.8718110918998718,0.9793379306793213,0.8945676684379578
31,0.9985304474830627,0.9613692760467529,0.9901584386825562,0.9325799345970154,0.980515718460083,0.8755834102630615,4.199999966658652e-05,0.34614813327789307,0.9899719953536987,0.9381656646728516,0.9903736710548401,0.9295276403427124,0.9979144334793091,0.9486125111579895,0.985893189907074,0.9113316535949707,0.9721890091896057,0.8398504853248596,0.34898877143859863,0.9872354865074158,0.923838198184967,0.9845671057701111,0.9046560525894165
32,0.9985485672950745,0.9487256407737732,0.990294873714447,0.9071563482284546,0.9807853102684021,0.8423231244087219,4.199999966658652e-05,0.34591782093048096,0.9902488589286804,0.9181920886039734,0.9903671741485596,0.907707691192627,0.9974984526634216,0.9486504197120667,0.9824910163879395,0.9148096442222595,0.9655995965003967,0.8444862961769104,0.3514169454574585,0.994536817073822,0.9074360728263855,0.970751941204071,0.9245450496673584
33,0.9985458254814148,0.9528421759605408,0.9902550578117371,0.915428876876831,0.9807114601135254,0.8556675910949707,4.199999966658652e-05,0.34580889344215393,0.9901769757270813,0.9260159134864807,0.9903722405433655,0.9113560318946838,0.9980373978614807,0.9527574777603149,0.9867740869522095,0.9187407493591309,0.9738998413085938,0.8508538007736206,0.34786537289619446,0.9887799620628357,0.9137782454490662,0.9847821593284607,0.9247806668281555
34,0.9985953569412231,0.9600697159767151,0.9906291365623474,0.9295098185539246,0.9814401865005493,0.8700940012931824,4.199999966658652e-05,0.3454846441745758,0.9905648827552795,0.9315708875656128,0.9907092452049255,0.9298675656318665,0.9980322122573853,0.9543386101722717,0.9861284494400024,0.9225486516952515,0.9726472496986389,0.8574291467666626,0.3488669991493225,0.991537868976593,0.9070999622344971,0.9807860851287842,0.9399430751800537
35,0.9987325072288513,0.9562211632728577,0.9914755821228027,0.9209669232368469,0.9831039309501648,0.8644785284996033,4.199999966658652e-05,0.3447626829147339,0.9914137125015259,0.9230892658233643,0.9915527105331421,0.9237076640129089,0.9981155395507812,0.9383324384689331,0.9873210191726685,0.8893438577651978,0.9749675989151001,0.8293845653533936,0.34754809737205505,0.9884318709373474,0.9096232056617737,0.9862193465232849,0.8710895776748657
36,0.9988007545471191,0.9568753838539124,0.9919847846031189,0.9217657446861267,0.984103262424469,0.8671712279319763,4.199999966658652e-05,0.3443445563316345,0.9918313026428223,0.9247429370880127,0.9921523928642273,0.9259047508239746,0.9980370998382568,0.9386918544769287,0.9864134788513184,0.8909702897071838,0.9732025265693665,0.8201401233673096,0.348075270652771,0.9831507205963135,0.8948391675949097,0.9897127747535706,0.9129137396812439
37,0.9986841678619385,0.9566072225570679,0.9911717772483826,0.9220428466796875,0.9825075268745422,0.8613578677177429,4.199999966658652e-05,0.3447362780570984,0.9909489154815674,0.9249024391174316,0.9914153814315796,0.9250330328941345,0.9979095458984375,0.9318609833717346,0.9856621623039246,0.878059983253479,0.9717463850975037,0.7891524434089661,0.3484961986541748,0.9933040142059326,0.8426538109779358,0.978150486946106,0.93442702293396
38,0.9987238049507141,0.9556646943092346,0.9914743304252625,0.9198551774024963,0.983102560043335,0.8632131814956665,4.199999966658652e-05,0.3444732427597046,0.9913389682769775,0.9173839688301086,0.9916450381278992,0.9249933362007141,0.9979034662246704,0.9448021054267883,0.9855080246925354,0.9040960669517517,0.9714401960372925,0.8290817141532898,0.34845951199531555,0.9914125204086304,0.8736213445663452,0.9796875715255737,0.9421161413192749
39,0.9987642765045166,0.9579697251319885,0.991798996925354,0.9241406321525574,0.9837366342544556,0.8718950748443604,4.199999966658652e-05,0.34420666098594666,0.9918577075004578,0.9278172254562378,0.991753339767456,0.9276976585388184,0.9981805682182312,0.9372206330299377,0.9876000881195068,0.8868411779403687,0.9755123853683472,0.8256411552429199,0.34731268882751465,0.988975465297699,0.8637058734893799,0.9862381815910339,0.9137527346611023
40,0.999137282371521,0.9737764000892639,0.994198203086853,0.9533547759056091,0.9884702563285828,0.9121589064598083,2.099999983329326e-05,0.3426884412765503,0.9942351579666138,0.9522235989570618,0.9941730499267578,0.9552501440048218,0.9983987212181091,0.9589480757713318,0.9889798760414124,0.9289161562919617,0.9782083034515381,0.8708826303482056,0.34610602259635925,0.9873635768890381,0.9230745434761047,0.9906089305877686,0.9381115436553955
41,0.9993650913238525,0.976423442363739,0.9957653284072876,0.9570815563201904,0.9915685057640076,0.9195384383201599,2.099999983329326e-05,0.3417620360851288,0.9956555962562561,0.9563395977020264,0.9958792328834534,0.9595644474029541,0.9984604120254517,0.9426062107086182,0.9892919063568115,0.8959203362464905,0.9788199067115784,0.8410753011703491,0.3461305499076843,0.9881818890571594,0.9000503420829773,0.9904119968414307,0.8930982351303101
42,0.9994227886199951,0.9744927883148193,0.9961351156234741,0.9528505802154541,0.9923021197319031,0.919419527053833,2.099999983329326e-05,0.34147441387176514,0.995989978313446,0.9494377374649048,0.9962830543518066,0.9575434923171997,0.9985131621360779,0.9638664722442627,0.9897556900978088,0.9379770159721375,0.9797297716140747,0.8846393823623657,0.3451494872570038,0.9905011057853699,0.9372439384460449,0.989015519618988,0.9394324421882629
43,0.9994198679924011,0.9729867577552795,0.996162474155426,0.9498112201690674,0.9923563599586487,0.9105146527290344,2.099999983329326e-05,0.3413785994052887,0.9960665702819824,0.9533381462097168,0.9962626099586487,0.9522991180419922,0.9984628558158875,0.9559869170188904,0.9895898699760437,0.922383725643158,0.9794054627418518,0.8587690591812134,0.34539374709129333,0.9878384470939636,0.9467670917510986,0.9913523197174072,0.9026925563812256
44,0.9994505047798157,0.9680902361869812,0.9963057637214661,0.9398745894432068,0.9926409125328064,0.9051988124847412,2.099999983329326e-05,0.34122398495674133,0.9962614178657532,0.9381395578384399,0.9963529706001282,0.9432128667831421,0.9984433054924011,0.9496526122093201,0.9892900586128235,0.9100150465965271,0.9788153171539307,0.8439491987228394,0.345993310213089,0.9920150637626648,0.9163858890533447,0.9865894317626953,0.914171576499939
45,0.9994893074035645,0.9803099632263184,0.9965888857841492,0.9640313982963562,0.9932023882865906,0.9323747754096985,2.099999983329326e-05,0.34098759293556213,0.9964830279350281,0.9572930335998535,0.9966968297958374,0.9723118543624878,0.9984835982322693,0.9541350603103638,0.9896652102470398,0.9186049103736877,0.9795478582382202,0.8592175841331482,0.3456157445907593,0.9897553324699402,0.955933153629303,0.9895803928375244,0.8962268233299255
46,0.9994725584983826,0.9827396273612976,0.9964702725410461,0.9690089225769043,0.9929680824279785,0.9404939413070679,2.099999983329326e-05,0.3409753739833832,0.9963845014572144,0.9691007137298584,0.9965600371360779,0.9694841504096985,0.9984542727470398,0.9591322541236877,0.9894773960113525,0.9287869930267334,0.9791823625564575,0.8702661395072937,0.34537139534950256,0.9901019334793091,0.9416372179985046,0.9888588786125183,0.9198963642120361
47,0.9994849562644958,0.9788839221000671,0.9965665936470032,0.9612016081809998,0.9931585788726807,0.9267877340316772,2.099999983329326e-05,0.3408828377723694,0.9965616464614868,0.9572930932044983,0.9965741038322449,0.9664158821105957,0.9984591603279114,0.959083080291748,0.9893611669540405,0.928804874420166,0.9789531230926514,0.8706505298614502,0.34582874178886414,0.9912165999412537,0.9240145683288574,0.9875205159187317,0.9390348792076111
48,0.999603807926178,0.983624279499054,0.9973586201667786,0.9698901176452637,0.9947329759597778,0.942240834236145,1.049999991664663e-05,0.3404311239719391,0.9973366260528564,0.9668909311294556,0.9973812699317932,0.9737186431884766,0.9985449314117432,0.9650799036026001,0.9899864196777344,0.9401732683181763,0.9801791310310364,0.8884338140487671,0.34560009837150574,0.9882099628448486,0.9485613107681274,0.9917752146720886,0.9343379139900208
49,0.9996699690818787,0.9771082997322083,0.9977846741676331,0.956432044506073,0.9955809712409973,0.9299545288085938,1.049999991664663e-05,0.34018421173095703,0.9977256655693054,0.9556291103363037,0.9978442192077637,0.9585980772972107,0.9985934495925903,0.9645450711250305,0.990303099155426,0.9387869834899902,0.9807971119880676,0.8867846131324768,0.3454836905002594,0.9915114045143127,0.9548442363739014,0.989103376865387,0.9268494248390198
50,0.9996902942657471,0.9824485778808594,0.9979089498519897,0.9669885039329529,0.9958289861679077,0.9454013705253601,1.049999991664663e-05,0.34008607268333435,0.9979026913642883,0.9637284278869629,0.9979164600372314,0.9706028699874878,0.9985721111297607,0.9665015339851379,0.9901201128959656,0.942882776260376,0.9804408550262451,0.892849326133728,0.3453446626663208,0.9899404644966125,0.9535800814628601,0.9903038740158081,0.933595597743988
51,0.9996888041496277,0.9815328121185303,0.9979295134544373,0.9651360511779785,0.9958699941635132,0.9423835873603821,1.049999991664663e-05,0.3400380611419678,0.997921347618103,0.9636412262916565,0.9979381561279297,0.9672075510025024,0.9985537528991699,0.9596030712127686,0.9898788928985596,0.9293269515037537,0.979969322681427,0.8780706524848938,0.3454028367996216,0.9901721477508545,0.9239499568939209,0.9895921349525452,0.9489946961402893
52,0.9997180104255676,0.9841965436935425,0.9980798363685608,0.970313549041748,0.9961689114570618,0.9438030123710632,1.049999991664663e-05,0.33990341424942017,0.9980159997940063,0.9686915874481201,0.9981435537338257,0.9728674292564392,0.9985510110855103,0.9454072713851929,0.990141749382019,0.9006726145744324,0.9804831147193909,0.8505952954292297,0.3453368842601776,0.9895904660224915,0.8969984650611877,0.9906966686248779,0.9065564870834351
53,0.9997327923774719,0.9808042645454407,0.9982618689537048,0.9633463025093079,0.9965304732322693,0.939948558807373,1.049999991664663e-05,0.33980312943458557,0.9982770681381226,0.9621756076812744,0.9982472062110901,0.9668676853179932,0.9985507130622864,0.9684389233589172,0.9901067614555359,0.9467711448669434,0.9804133772850037,0.8996337652206421,0.34515732526779175,0.9904733300209045,0.9466677308082581,0.9897462725639343,0.9484267234802246
54,0.9997389316558838,0.9866982102394104,0.9982593059539795,0.9751371145248413,0.9965254068374634,0.9531140923500061,1.049999991664663e-05,0.3397381603717804,0.9982314109802246,0.973102867603302,0.9982876777648926,0.9787448048591614,0.9985207915306091,0.9631041884422302,0.9900022745132446,0.9362062215805054,0.9802093505859375,0.8853267431259155,0.34509968757629395,0.9905681014060974,0.9260515570640564,0.9894428849220276,0.9495087265968323
55,0.9997343420982361,0.9835174083709717,0.9982253313064575,0.9688093662261963,0.9964579939842224,0.9448407888412476,1.049999991664663e-05,0.3396875858306885,0.9982501864433289,0.9726310968399048,0.9981999397277832,0.9701205492019653,0.9985455274581909,0.9666435122489929,0.9898272752761841,0.9434596300125122,0.9798667430877686,0.8940122723579407,0.3453655242919922,0.990690290927887,0.9397090673446655,0.9889721870422363,0.9498874545097351
56,0.9997449517250061,0.9827793836593628,0.9982863068580627,0.9672722816467285,0.996579647064209,0.9466108679771423,1.049999991664663e-05,0.3396194577217102,0.9982587695121765,0.9661691188812256,0.9983146786689758,0.9686872363090515,0.9985580444335938,0.9481054544448853,0.9901436567306519,0.9060672521591187,0.9804853796958923,0.8465986847877502,0.3452460765838623,0.9911789894104004,0.8972394466400146,0.9891172051429749,0.9334577918052673
57,0.9997699856758118,0.9837483167648315,0.9984368085861206,0.9690597057342529,0.9968792796134949,0.9495689272880554,1.049999991664663e-05,0.33947956562042236,0.9984737634658813,0.9647620916366577,0.9984006285667419,0.9737429618835449,0.9985467791557312,0.9465919733047485,0.9901551008224487,0.9030285477638245,0.9805071353912354,0.8544681668281555,0.3451148569583893,0.989501416683197,0.9128650426864624,0.9908159375190735,0.8972467184066772
58,0.9997450113296509,0.9894830584526062,0.998313307762146,0.9806527495384216,0.9966333508491516,0.9624134302139282,1.049999991664663e-05,0.3395459055900574,0.9982916116714478,0.9785376191139221,0.9983356595039368,0.9829908013343811,0.9985561966896057,0.9586536884307861,0.9897620677947998,0.9275453686714172,0.9797425270080566,0.8719155788421631,0.3460030257701874,0.9901422262191772,0.9156481027603149,0.9893911480903625,0.9497178792953491
59,0.9997938275337219,0.989173173904419,0.9986541271209717,0.9796919822692871,0.997312605381012,0.9611442685127258,5.249999958323315e-06,0.3393551707267761,0.9986669421195984,0.9792225360870361,0.9986419677734375,0.9810363054275513,0.99859219789505,0.939751148223877,0.9902615547180176,0.8892405033111572,0.9807167053222656,0.8374878168106079,0.3452270030975342,0.9910374283790588,0.8911760449409485,0.9894918203353882,0.9022960662841797
60,0.999846875667572,0.9859168529510498,0.9989912509918213,0.9728426337242126,0.9979851245880127,0.9567902088165283,5.249999958323315e-06,0.3391462564468384,0.99901282787323,0.9713699817657471,0.998970091342926,0.9748767018318176,0.9986218214035034,0.9681363701820374,0.9904760718345642,0.9457966089248657,0.9811398983001709,0.8982394337654114,0.34519797563552856,0.9906430244445801,0.9447509050369263,0.9903137683868408,0.9483391046524048
61,0.9998610615730286,0.9824795722961426,0.9990805983543396,0.965878427028656,0.9981634020805359,0.9525322914123535,5.249999958323315e-06,0.33907097578048706,0.9991086721420288,0.9630506634712219,0.9990527629852295,0.9689487218856812,0.998598039150238,0.9707252383232117,0.9904894828796387,0.9509609341621399,0.9811652898788452,0.9074251055717468,0.3448803722858429,0.9896671772003174,0.954110860824585,0.9913167357444763,0.9483192563056946
62,0.9998517036437988,0.9816750288009644,0.9990174770355225,0.9643324017524719,0.9980378150939941,0.9497124552726746,5.249999958323315e-06,0.3390774130821228,0.9990392923355103,0.9600477814674377,0.9989961981773376,0.9690392017364502,0.9985904097557068,0.961930513381958,0.9903488159179688,0.9335124492645264,0.9808865189552307,0.8860388994216919,0.3451295495033264,0.9896117448806763,0.9253591895103455,0.9910907745361328,0.9569135904312134
63,0.9998474717140198,0.9909882545471191,0.9989659190177917,0.9830100536346436,0.9979353547096252,0.9675748348236084,5.249999958323315e-06,0.3390860855579376,0.9989690184593201,0.9804132580757141,0.998963475227356,0.9864229559898376,0.9986071586608887,0.9639585018157959,0.9903944134712219,0.9375225305557251,0.9809779524803162,0.8846576809883118,0.3454965651035309,0.9907271862030029,0.934079647064209,0.9900663495063782,0.9446672201156616
64,0.9998525381088257,0.9904802441596985,0.999025285243988,0.9819355010986328,0.9980536699295044,0.9671604633331299,5.249999958323315e-06,0.3390418291091919,0.9990680813789368,0.9785674810409546,0.9989830851554871,0.9872061014175415,0.9985845685005188,0.9684439301490784,0.9900932312011719,0.9467944502830505,0.9803881645202637,0.8997601270675659,0.3457959294319153,0.9892640709877014,0.9487470388412476,0.9909294843673706,0.946429967880249
65,0.9998476505279541,0.9917330145835876,0.9989826679229736,0.9844834208488464,0.9979679584503174,0.969961404800415,5.249999958323315e-06,0.33903008699417114,0.9989729523658752,0.9824777841567993,0.998991847038269,0.9867851138114929,0.9985564947128296,0.9597302079200745,0.9901867508888245,0.9292736649513245,0.98056960105896,0.8766240477561951,0.3450293242931366,0.9895747900009155,0.9331858158111572,0.9908044338226318,0.9397546648979187
66,0.9998586773872375,0.9923427700996399,0.9990701079368591,0.9856156706809998,0.9981423020362854,0.9718772768974304,5.249999958323315e-06,0.3389583230018616,0.9991317987442017,0.9817527532577515,0.9990087151527405,0.9897609949111938,0.998563826084137,0.969989001750946,0.9901072978973389,0.9498703479766846,0.9804156422615051,0.9052210450172424,0.3453595042228699,0.9898951649665833,0.9566861987113953,0.990322470664978,0.9443519711494446
67,0.9998812675476074,0.993040144443512,0.9991902709007263,0.9868903160095215,0.9983825087547302,0.9744226932525635,2.6249999791616574e-06,0.33888691663742065,0.999175488948822,0.9849395751953125,0.9992055296897888,0.9890519976615906,0.9985711574554443,0.9652085304260254,0.9901580810546875,0.9402590394020081,0.9805135130882263,0.8897284865379333,0.3452540636062622,0.9899665713310242,0.9436141848564148,0.9903534650802612,0.9419568777084351
68,0.9998847842216492,0.9870579242706299,0.9992378354072571,0.9748780727386475,0.9984776377677917,0.9616418480873108,2.6249999791616574e-06,0.338838666677475,0.9992504119873047,0.9768396615982056,0.9992253184318542,0.9743874073028564,0.9985693097114563,0.9702929854393005,0.9900159239768982,0.9505699872970581,0.9802401065826416,0.9065981507301331,0.34527382254600525,0.9898278713226318,0.9487726092338562,0.9902096390724182,0.9528802633285522
69,0.9999015927314758,0.9942951202392578,0.999338686466217,0.9892513155937195,0.9986788034439087,0.9788952469825745,2.6249999791616574e-06,0.33873748779296875,0.9993828535079956,0.9863641858100891,0.9992951154708862,0.9922535419464111,0.9986264109611511,0.966172456741333,0.9903117418289185,0.9420331716537476,0.9808151721954346,0.8937976956367493,0.34577029943466187,0.9908357858657837,0.9320712089538574,0.9897927045822144,0.9555867910385132
70,0.9999026656150818,0.9936869144439697,0.9993749856948853,0.9879991412162781,0.9987505078315735,0.9765212535858154,2.6249999791616574e-06,0.33873751759529114,0.9993591904640198,0.984140932559967,0.999390184879303,0.9921356439590454,0.9986010789871216,0.9669983386993408,0.9900680780410767,0.9439283609390259,0.9803388118743896,0.8961037397384644,0.34602728486061096,0.9901779294013977,0.9406800866127014,0.989963173866272,0.9476408362388611
71,0.999895453453064,0.993212103843689,0.9992977976799011,0.9871264696121216,0.9985973834991455,0.9749894738197327,2.6249999791616574e-06,0.3387730121612549,0.9993168115615845,0.9838390350341797,0.9992789626121521,0.9906725287437439,0.9985741972923279,0.9653883576393127,0.9901120066642761,0.9406643509864807,0.9804282188415527,0.8917933702468872,0.34504225850105286,0.9900898933410645,0.934987485408783,0.9901375770568848,0.9486618638038635
72,0.9999165534973145,0.9887834191322327,0.9994405508041382,0.9781262874603271,0.9988820552825928,0.9671188592910767,1.3124999895808287e-06,0.3386616110801697,0.9994549751281738,0.9760847687721252,0.9994264841079712,0.9808481335639954,0.9985864162445068,0.968527615070343,0.9902913570404053,0.9467639327049255,0.9807753562927246,0.9000187516212463,0.34487563371658325,0.9901039004325867,0.952820897102356,0.9904818534851074,0.943295419216156
73,0.9999153017997742,0.9950881004333496,0.9994304776191711,0.9907457232475281,0.9988621473312378,0.9817945957183838,1.3124999895808287e-06,0.33867359161376953,0.999464213848114,0.9877090454101562,0.9993969202041626,0.993904173374176,0.998583972454071,0.9346706867218018,0.990214467048645,0.8791264295578003,0.9806257486343384,0.842120885848999,0.3454030156135559,0.98968505859375,0.8766903877258301,0.9907482266426086,0.8824403882026672
74,0.9999150633811951,0.9944202303886414,0.9994378089904785,0.9894024133682251,0.9988770484924316,0.9792382717132568,1.3124999895808287e-06,0.338669091463089,0.9994379281997681,0.9869623780250549,0.9994378089904785,0.9920616149902344,0.9985711574554443,0.9707947373390198,0.990276038646698,0.9513134956359863,0.9807461500167847,0.907633900642395,0.3450915217399597,0.9901664853096008,0.952430009841919,0.9903905391693115,0.9511443972587585
75,0.9999029636383057,0.9929935336112976,0.9993733763694763,0.9866136312484741,0.998748242855072,0.9744409918785095,1.3124999895808287e-06,0.338704377412796,0.9994068145751953,0.9852741360664368,0.999340295791626,0.9881560802459717,0.9986022710800171,0.9652794003486633,0.9901964068412781,0.9403623938560486,0.980591893196106,0.8921772837638855,0.34584498405456543,0.9904073476791382,0.9270331859588623,0.9899916052818298,0.9569941759109497
76,0.9999150037765503,0.9886491298675537,0.9994473457336426,0.9778515100479126,0.9988953471183777,0.9668059349060059,1.3124999895808287e-06,0.33863070607185364,0.9994679093360901,0.9762229323387146,0.999427080154419,0.9795725345611572,0.9985812306404114,0.970691978931427,0.99018394947052,0.9511998891830444,0.9805684685707092,0.9074134230613708,0.34554362297058105,0.9904390573501587,0.9437149167060852,0.9899330139160156,0.9593914747238159
77,0.9999263286590576,0.9897809624671936,0.9995130896568298,0.9800493121147156,0.999026894569397,0.9705924391746521,1.3124999895808287e-06,0.33859267830848694,0.9995279908180237,0.9776265621185303,0.9994984269142151,0.9826067090034485,0.9985888600349426,0.9708197116851807,0.9902217388153076,0.9514176249504089,0.980640709400177,0.9080251455307007,0.3453681468963623,0.9904696941375732,0.9427025318145752,0.989979088306427,0.9614045023918152
78,0.999922513961792,0.9939022660255432,0.999481201171875,0.9883229732513428,0.9989629983901978,0.9774706363677979,1.3124999895808287e-06,0.33857935667037964,0.9995068311691284,0.9863913655281067,0.9994552731513977,0.9907662272453308,0.998598039150238,0.9667235016822815,0.990233838558197,0.9432131052017212,0.9806658029556274,0.8945418000221252,0.3452119827270508,0.9902163147926331,0.93853759765625,0.990256130695343,0.9485339522361755
79,0.9999256730079651,0.9902567267417908,0.9995277523994446,0.9809856414794922,0.9990564584732056,0.9723361730575562,1.3124999895808287e-06,0.33856871724128723,0.9995207190513611,0.9794541001319885,0.9995349645614624,0.9826335310935974,0.9985916018486023,0.9705177545547485,0.9901069402694702,0.9509286284446716,0.9804161787033081,0.907295823097229,0.34566938877105713,0.9902313351631165,0.9453773498535156,0.9899869561195374,0.9574035406112671
80,0.9999313354492188,0.9936733245849609,0.9995429515838623,0.9878033995628357,0.9990862011909485,0.9776273369789124,1.3124999895808287e-06,0.3385363817214966,0.9995424747467041,0.9894936084747314,0.9995428323745728,0.9878886342048645,0.9985907077789307,0.9462313055992126,0.9902197122573853,0.9022426605224609,0.9806385040283203,0.8558064103126526,0.3450202941894531,0.9899335503578186,0.8931468725204468,0.9905101656913757,0.9145442843437195
81,0.9999308586120605,0.9954931735992432,0.9995414614677429,0.9914450645446777,0.9990839958190918,0.9831190705299377,1.3124999895808287e-06,0.3385065197944641,0.9995598793029785,0.988710880279541,0.9995236396789551,0.9942703247070312,0.9985827803611755,0.9643415808677673,0.9902006387710571,0.9384828209877014,0.9806000590324402,0.8884036540985107,0.3448137938976288,0.9899442195892334,0.9300684928894043,0.9904630780220032,0.9532365202903748
0,0.9360781908035278,0.3987819254398346,0.79400235414505,0.003561520017683506,0.6781318783760071,0.0018771252362057567,4.199999966658652e-05,0.7513681054115295,0.7737693786621094,0.026250820606946945,0.8386214375495911,0.03427793085575104,0.47380828857421875,0.1054583266377449,0.21091657876968384,6.11731749700084e-08,0.11850091814994812,6.11731749700084e-08,2.1872034072875977,0.1189689189195633,0.0,0.9712793231010437,0.0
1,0.9870768189430237,0.5993540287017822,0.9150597453117371,0.28364819288253784,0.8440870642662048,0.1912200003862381,4.199999966658652e-05,0.4521665871143341,0.9084681868553162,0.6014295816421509,0.9242470264434814,0.20795601606369019,0.6447107195854187,0.14159609377384186,0.2831920385360718,1.330800074583749e-07,0.16603821516036987,1.330800074583749e-07,1.781006932258606,0.16711215674877167,0.0,0.9658691883087158,0.0
2,0.9905152320861816,0.7350190877914429,0.9365879893302917,0.5334497094154358,0.8813329935073853,0.40862834453582764,4.199999966658652e-05,0.41917169094085693,0.9320986866950989,0.6790513396263123,0.9438388347625732,0.4747529625892639,0.9063085913658142,0.1942482888698578,0.38849642872810364,8.562388842392465e-08,0.24293893575668335,8.562388842392465e-08,0.8410279750823975,0.38120946288108826,0.0,0.4072894752025604,0.0
3,0.9920718669891357,0.7826126217842102,0.9473235607147217,0.6179018020629883,0.900271475315094,0.4869358539581299,4.199999966658652e-05,0.40342390537261963,0.9431621432304382,0.7398557066917419,0.9528009295463562,0.5725982189178467,0.9497262835502625,0.328715056180954,0.6574300527572632,1.0817247186878376e-07,0.4931429922580719,1.0817247186878376e-07,0.6292068362236023,0.6751633286476135,0.0,0.6459430456161499,0.0
4,0.9932036399841309,0.8157590627670288,0.9555053114891052,0.6760127544403076,0.9149903655052185,0.5449648499488831,4.199999966658652e-05,0.3924586772918701,0.9523434638977051,0.7727090716362,0.9600676894187927,0.6275327205657959,0.9724972248077393,0.41184836626052856,0.7995404005050659,0.024156279861927032,0.6680899262428284,0.013720494695007801,0.5063778162002563,0.8622875809669495,0.11999998241662979,0.7517948150634766,0.013720397837460041
5,0.9940153360366821,0.8329252004623413,0.9598680138587952,0.7059821486473083,0.9231656789779663,0.581189751625061,4.199999966658652e-05,0.3855559527873993,0.9566957950592041,0.7759658098220825,0.9642641544342041,0.6713586449623108,0.9883074760437012,0.5914425849914551,0.9190664887428284,0.26381877064704895,0.8506171703338623,0.16902562975883484,0.4162752032279968,0.9395866990089417,0.7487733960151672,0.9003527164459229,0.16950008273124695
6,0.9948221445083618,0.861559271812439,0.96575528383255,0.757362961769104,0.9338593482971191,0.6373943090438843,4.199999966658652e-05,0.3784693479537964,0.962788999080658,0.8061844706535339,0.9693042635917664,0.7280831336975098,0.9944961667060852,0.789286196231842,0.9624727368354797,0.6160995364189148,0.9277085065841675,0.47859692573547363,0.3806983232498169,0.9607511162757874,0.8655591011047363,0.9643627405166626,0.4982098340988159
7,0.9952375292778015,0.8507882952690125,0.968431293964386,0.7331447005271912,0.9388607740402222,0.6220695972442627,4.199999966658652e-05,0.37445032596588135,0.9671159982681274,0.799479067325592,0.9703395366668701,0.7015235424041748,0.9954473972320557,0.8733912110328674,0.9694499969482422,0.7773323059082031,0.9407534599304199,0.6462104916572571,0.37357237935066223,0.9785816073417664,0.8455950021743774,0.9605464935302734,0.7255101799964905
8,0.9955912828445435,0.8708602786064148,0.9708489179611206,0.7708722949028015,0.9434340000152588,0.6558105945587158,4.199999966658652e-05,0.3712569773197174,0.9690559506416321,0.8385193347930908,0.9731815457344055,0.7443655133247375,0.995308518409729,0.8970277905464172,0.968110203742981,0.8259453773498535,0.9382460713386536,0.7154138684272766,0.3720584213733673,0.9865940809249878,0.8507789373397827,0.9503726959228516,0.8186007738113403
9,0.996051013469696,0.8872089982032776,0.9738361239433289,0.8005820512771606,0.9490535855293274,0.6900267601013184,4.199999966658652e-05,0.3676844537258148,0.9726036190986633,0.8518261909484863,0.9753862023353577,0.7789046764373779,0.9960561990737915,0.885068416595459,0.9734925031661987,0.796644389629364,0.9483925700187683,0.6788945198059082,0.3675144910812378,0.9813798666000366,0.9357122778892517,0.9657865762710571,0.7165017127990723
10,0.9962737560272217,0.8929380774497986,0.9751799702644348,0.8106958270072937,0.9516205787658691,0.7038506865501404,4.199999966658652e-05,0.3654196262359619,0.9735077023506165,0.8419404625892639,0.9771614074707031,0.7936527729034424,0.9967947602272034,0.9166240096092224,0.9782319664955139,0.8550161123275757,0.9574123620986938,0.7511482238769531,0.36389103531837463,0.9719104766845703,0.924744188785553,0.9846558570861816,0.8020920753479004
11,0.9965856671333313,0.9043971300125122,0.9773592352867126,0.8314353823661804,0.9557645320892334,0.72432541847229,4.199999966658652e-05,0.3630630373954773,0.9758083820343018,0.8735311031341553,0.9791733026504517,0.8104295134544373,0.9966452121734619,0.8884539604187012,0.9769696593284607,0.7999382019042969,0.954988956451416,0.6975181698799133,0.3632793724536896,0.9809634685516357,0.8205519318580627,0.9730414748191833,0.7960092425346375
12,0.9964815378189087,0.9056702256202698,0.9766914248466492,0.8346487283706665,0.9544993042945862,0.7320257425308228,4.199999966658652e-05,0.3627359867095947,0.9759230017662048,0.8725946545600891,0.9777382016181946,0.819793164730072,0.996799647808075,0.8845054507255554,0.9783430695533752,0.7906680107116699,0.9576246738433838,0.6809796690940857,0.3609635531902313,0.9765027761459351,0.9217649102210999,0.9802392721176147,0.7016763091087341
13,0.9969642758369446,0.909905195236206,0.9801782369613647,0.8396320939064026,0.961161196231842,0.7425897121429443,4.199999966658652e-05,0.35968437790870667,0.9789158701896667,0.873828113079071,0.9815847277641296,0.824301540851593,0.997145414352417,0.9200118184089661,0.9808564186096191,0.8591673970222473,0.962441623210907,0.7610227465629578,0.35896995663642883,0.9760808348655701,0.8906731605529785,0.9857025146484375,0.8323299884796143
14,0.9972032308578491,0.9152188897132874,0.981332540512085,0.8491057753562927,0.963381290435791,0.7538639903068542,4.199999966658652e-05,0.35800617933273315,0.9801174998283386,0.8681870102882385,0.9826964735984802,0.839040994644165,0.9971545338630676,0.9146308302879333,0.9804671406745911,0.8487944006919861,0.9616944193840027,0.7637615203857422,0.3580201268196106,0.9825259447097778,0.9009426236152649,0.9784384965896606,0.8065946102142334
15,0.9974138140678406,0.9264640808105469,0.9827753305435181,0.8701531887054443,0.9661639332771301,0.7810245752334595,4.199999966658652e-05,0.3564261198043823,0.9817224740982056,0.8946835398674011,0.9839305877685547,0.8562049865722656,0.9972646832466125,0.894499659538269,0.980955183506012,0.808043897151947,0.9626489281654358,0.7228230237960815,0.35704323649406433,0.9891183972358704,0.8071534633636475,0.9729485511779785,0.8117865920066833
16,0.99762362241745,0.9240812063217163,0.9841686487197876,0.863993763923645,0.9688490033149719,0.7820445895195007,4.199999966658652e-05,0.3549133241176605,0.9837390184402466,0.8814952969551086,0.9846784472465515,0.8601791858673096,0.997072160243988,0.9204798936843872,0.9804765582084656,0.8604833483695984,0.961717426776886,0.7808728218078613,0.35686028003692627,0.9734898209571838,0.8624343872070312,0.9876055121421814,0.8615437150001526
17,0.9973997473716736,0.9315244555473328,0.9826765656471252,0.8803722858428955,0.9659669399261475,0.7929040789604187,4.199999966658652e-05,0.35517826676368713,0.9818456172943115,0.8954325318336487,0.9836485981941223,0.8744334578514099,0.9972280859947205,0.9400529265403748,0.9810420274734497,0.8990640044212341,0.9628192186355591,0.8179947137832642,0.3561185896396637,0.9879559278488159,0.8762909770011902,0.9742488861083984,0.9242597222328186
18,0.9976283311843872,0.9265284538269043,0.9843711256980896,0.868686318397522,0.9692415595054626,0.7829518914222717,4.199999966658652e-05,0.353750616312027,0.9838088154792786,0.8997795581817627,0.9849913716316223,0.8611019849777222,0.99700528383255,0.8945464491844177,0.9802178740501404,0.8088750243186951,0.9612135887145996,0.6898929476737976,0.3560450077056885,0.9702215790748596,0.9702053666114807,0.9904537200927734,0.7062528133392334
19,0.997325599193573,0.908714234828949,0.9822149872779846,0.8352137804031372,0.9650816917419434,0.7361700534820557,4.199999966658652e-05,0.35473740100860596,0.9814589023590088,0.8604050278663635,0.9831107258796692,0.8320922255516052,0.9973147511482239,0.9153024554252625,0.981537401676178,0.8490673303604126,0.9637652635574341,0.7640963792800903,0.35534000396728516,0.9826279282569885,0.8878383040428162,0.9804665446281433,0.8167768716812134
20,0.9976432919502258,0.9200485348701477,0.9841471314430237,0.8559501767158508,0.9688165783882141,0.773663341999054,4.199999966658652e-05,0.35286834836006165,0.9832702875137329,0.8695958852767944,0.9851444959640503,0.8512539863586426,0.9974859356880188,0.9215288758277893,0.9827687740325928,0.8602893948554993,0.9661300778388977,0.7692664861679077,0.35403671860694885,0.9889447093009949,0.8865576386451721,0.9766920208930969,0.8643345832824707
21,0.9978359937667847,0.9356405138969421,0.9854469895362854,0.8858337998390198,0.971343994140625,0.8062078952789307,4.199999966658652e-05,0.3516570031642914,0.9849027395248413,0.9049418568611145,0.9860993027687073,0.8771605491638184,0.9975564479827881,0.9242931604385376,0.9834136366844177,0.8651727437973022,0.9673791527748108,0.7904667854309082,0.35300177335739136,0.9775624871253967,0.8891216516494751,0.9893514513969421,0.8470361232757568
22,0.99797523021698,0.9291863441467285,0.9865466356277466,0.8718258142471313,0.9734660983085632,0.7990423440933228,4.199999966658652e-05,0.35082343220710754,0.9862518310546875,0.8837711215019226,0.9869127869606018,0.866232693195343,0.997285783290863,0.9132049679756165,0.9812103509902954,0.8451996445655823,0.9631472229957581,0.7624627947807312,0.3539980947971344,0.9901775121688843,0.8829551935195923,0.9724275469779968,0.816109836101532
23,0.9983217120170593,0.9426078796386719,0.9888278245925903,0.8963879346847534,0.9779155254364014,0.8297836780548096,2.099999983329326e-05,0.3491498827934265,0.9881194233894348,0.9109463691711426,0.9895790219306946,0.8941197395324707,0.99810791015625,0.9385173320770264,0.9872244000434875,0.8898098468780518,0.9747810959815979,0.8108105659484863,0.3499372601509094,0.9861196875572205,0.918555736541748,0.988338828086853,0.8775287866592407
24,0.9986637830734253,0.9589290022850037,0.9910662174224854,0.9267916679382324,0.9822993278503418,0.86627596616745,2.099999983329326e-05,0.3478013277053833,0.9905384182929993,0.9298444986343384,0.9916122555732727,0.9267642498016357,0.998195469379425,0.9293634295463562,0.987763524055481,0.8709633350372314,0.9758287072181702,0.8011447787284851,0.3496350944042206,0.985263466835022,0.9036579132080078,0.9902902841567993,0.8447270393371582
25,0.9986981153488159,0.9494457244873047,0.9912874102592468,0.9076041579246521,0.9827344417572021,0.8434784412384033,2.099999983329326e-05,0.3474368155002594,0.9907678365707397,0.9165652394294739,0.9918327331542969,0.9032660722732544,0.99823397397995,0.9556987285614014,0.987804651260376,0.9235928058624268,0.9759113788604736,0.8590586185455322,0.3499023914337158,0.9878342151641846,0.947537899017334,0.9877802133560181,0.9021742343902588
26,0.9987607598304749,0.9599456191062927,0.9917618632316589,0.9281291961669922,0.9836652278900146,0.8696695566177368,2.099999983329326e-05,0.34704452753067017,0.9913474917411804,0.9325783252716064,0.992194414138794,0.9261999726295471,0.9982321262359619,0.9499693512916565,0.9878517985343933,0.9120868444442749,0.9760069847106934,0.8402645587921143,0.34922677278518677,0.9907673597335815,0.9221506714820862,0.9849612712860107,0.9038968086242676
27,0.9988062977790833,0.959987461566925,0.9920896887779236,0.9278854131698608,0.9843084812164307,0.8704169988632202,2.099999983329326e-05,0.34665706753730774,0.9916700720787048,0.9270026683807373,0.9925253987312317,0.9307335615158081,0.9982458353042603,0.9581866264343262,0.9881083965301514,0.9282643795013428,0.9765026569366455,0.8673007488250732,0.3493145704269409,0.9889068603515625,0.9284968376159668,0.987318754196167,0.9296066164970398
28,0.9987826347351074,0.9561391472816467,0.9918095469474792,0.9204685091972351,0.9837596416473389,0.8632111549377441,2.099999983329326e-05,0.3465329110622406,0.9912160634994507,0.9242486357688904,0.9924213886260986,0.9205242395401001,0.9981299042701721,0.9537347555160522,0.9874335527420044,0.9200360774993896,0.9751895666122437,0.853323221206665,0.34867575764656067,0.9920360445976257,0.9227736592292786,0.9828900098800659,0.9195795655250549
29,0.9988098740577698,0.9616853594779968,0.9919753074645996,0.9313948750495911,0.9840883016586304,0.8750270009040833,2.099999983329326e-05,0.3462947905063629,0.9916341304779053,0.9339544177055359,0.9923338294029236,0.9307051301002502,0.9982397556304932,0.9358301758766174,0.9879880547523499,0.8836724162101746,0.97626793384552,0.8215193748474121,0.3487127423286438,0.9872948527336121,0.8708387613296509,0.9886918663978577,0.900484561920166
30,0.9988079071044922,0.9632627964019775,0.9919493198394775,0.9345766305923462,0.9840404391288757,0.8799754977226257,2.099999983329326e-05,0.34626254439353943,0.9916167259216309,0.9374658465385437,0.9922987222671509,0.9344019889831543,0.9980392456054688,0.9506394863128662,0.9866757988929749,0.9146031737327576,0.9737151861190796,0.8454360365867615,0.34940773248672485,0.9906775951385498,0.9198174476623535,0.9827155470848083,0.9116382598876953
31,0.9987474083900452,0.9588428735733032,0.9915539026260376,0.9261316061019897,0.9832578897476196,0.866780698299408,2.099999983329326e-05,0.3462305963039398,0.9912106990814209,0.929902970790863,0.9919140338897705,0.928566038608551,0.9981774687767029,0.9494384527206421,0.9872667193412781,0.9116103649139404,0.9748676419258118,0.8407947421073914,0.3489396572113037,0.9836750030517578,0.954598605632782,0.99089515209198,0.8747342824935913
32,0.9987978935241699,0.9627563953399658,0.99188232421875,0.9336299896240234,0.9839031100273132,0.8776026368141174,2.099999983329326e-05,0.345887690782547,0.991441547870636,0.9423130750656128,0.9923437237739563,0.928061306476593,0.9981164336204529,0.9582326412200928,0.987089991569519,0.9293754696846008,0.9745181798934937,0.8687877058982849,0.3490961492061615,0.9896408319473267,0.9380932450294495,0.9845597147941589,0.9223074913024902
33,0.9988613724708557,0.9655349254608154,0.9923596382141113,0.93871009349823,0.984840989112854,0.8865437507629395,2.099999983329326e-05,0.3454881012439728,0.9920642971992493,0.937378466129303,0.9926656484603882,0.9420771598815918,0.9982736110687256,0.9560737013816833,0.9881994724273682,0.9239479303359985,0.9766817688941956,0.8615273833274841,0.3485330641269684,0.9864563941955566,0.9245415329933167,0.9899555444717407,0.9289817214012146
34,0.998939573764801,0.9583010673522949,0.9928932785987854,0.9237087965011597,0.9858908653259277,0.8749668598175049,2.099999983329326e-05,0.34500449895858765,0.9925684928894043,0.9229456186294556,0.9932297468185425,0.9263118505477905,0.9983099102973938,0.9534044861793518,0.9880913496017456,0.9187172055244446,0.9764812588691711,0.8538790345191956,0.34786292910575867,0.9866501092910767,0.9317310452461243,0.9895452857017517,0.912337064743042
35,0.9988991022109985,0.9564740657806396,0.9925187826156616,0.9204291701316833,0.9851556420326233,0.8616873025894165,2.099999983329326e-05,0.3450889587402344,0.9920262098312378,0.9315696954727173,0.9930260181427002,0.9214512705802917,0.9982147216796875,0.9358808398246765,0.9874924421310425,0.8842694163322449,0.9753027558326721,0.8211432695388794,0.3489067554473877,0.9917619824409485,0.8743312358856201,0.9832705855369568,0.8975691199302673
36,0.9988775849342346,0.9596031904220581,0.9924986958503723,0.9267074465751648,0.9851152896881104,0.8724855780601501,2.099999983329326e-05,0.34500762820243835,0.992149829864502,0.9359909892082214,0.9928593635559082,0.9264505505561829,0.9982055425643921,0.9520606398582458,0.9876527190208435,0.9164685606956482,0.9756186008453369,0.8501415848731995,0.3486018776893616,0.9878518581390381,0.9143370985984802,0.9874674081802368,0.9197003245353699
37,0.9988359808921814,0.9583334922790527,0.992129921913147,0.9245368838310242,0.9843888282775879,0.8731175065040588,2.099999983329326e-05,0.34507256746292114,0.9919998049736023,0.9236478209495544,0.9922754764556885,0.933698296546936,0.9980370998382568,0.9456550478935242,0.9866610169410706,0.9046493768692017,0.973685622215271,0.82819664478302,0.34852638840675354,0.9812657833099365,0.9598878622055054,0.9921436309814453,0.8599308133125305
38,0.9990230798721313,0.966086208820343,0.9934713840484619,0.9387004971504211,0.9870343208312988,0.8885118365287781,1.049999991664663e-05,0.3443482518196106,0.9930711388587952,0.9387505054473877,0.9938811659812927,0.9446589946746826,0.9984158277511597,0.9603630900382996,0.989327609539032,0.9313986897468567,0.9788854718208313,0.8727370500564575,0.3471955955028534,0.9914625287055969,0.9187631011009216,0.9872110486030579,0.9456966519355774
39,0.9992425441741943,0.9645652770996094,0.9949100017547607,0.9342209100723267,0.9898748993873596,0.8938542008399963,1.049999991664663e-05,0.34350821375846863,0.9948230981826782,0.9322752356529236,0.9950031042098999,0.9372199773788452,0.9984420537948608,0.9628252387046814,0.9892540574073792,0.9363967776298523,0.9787426590919495,0.8811909556388855,0.3471650779247284,0.9887866973876953,0.9367638230323792,0.9897251725196838,0.9368612170219421
40,0.9992802143096924,0.969113290309906,0.9952033162117004,0.9430228471755981,0.9904556274414062,0.9026511907577515,1.049999991664663e-05,0.3432678282260895,0.9949348568916321,0.9425449967384338,0.9954760074615479,0.9455707669258118,0.9985037446022034,0.9540934562683105,0.9900139570236206,0.9181726574897766,0.9802314043045044,0.8570305109024048,0.3466009497642517,0.9895914196968079,0.9272899031639099,0.9904455542564392,0.9177358150482178
41,0.9993444085121155,0.9753592014312744,0.9955621361732483,0.9551562666893005,0.9911672472953796,0.9160464406013489,1.049999991664663e-05,0.3430149555206299,0.9952548146247864,0.9544656276702881,0.9958736300468445,0.957413911819458,0.9984506368637085,0.9614443778991699,0.9893224239349365,0.9335663318634033,0.9788777232170105,0.8768229484558105,0.34715452790260315,0.9898673892021179,0.9225398898124695,0.9887831211090088,0.9474865794181824
42,0.9993531703948975,0.9678744673728943,0.9956826567649841,0.9400660991668701,0.9914056658744812,0.8990559577941895,1.049999991664663e-05,0.34290218353271484,0.995494544506073,0.9443486928939819,0.9958738088607788,0.9401668310165405,0.9985165596008301,0.9619134664535522,0.989838182926178,0.9339887499809265,0.9798944592475891,0.877190351486206,0.34635409712791443,0.9909822940826416,0.9406616687774658,0.988706111907959,0.9285290241241455
43,0.9993690252304077,0.9681690335273743,0.9957857728004456,0.9405521154403687,0.9916095733642578,0.9005833268165588,1.049999991664663e-05,0.342741459608078,0.9955523610115051,0.9388981461524963,0.9960224032402039,0.944078803062439,0.9985207915306091,0.9331649541854858,0.9899073243141174,0.8764225840568542,0.9800214171409607,0.8243603706359863,0.3466130197048187,0.989500880241394,0.8739866614341736,0.9903191328048706,0.9046647548675537
44,0.9993597269058228,0.9747377634048462,0.9956352710723877,0.9538397789001465,0.9913125038146973,0.9153311252593994,1.049999991664663e-05,0.3427005708217621,0.995460569858551,0.9573745727539062,0.9958142638206482,0.9545130729675293,0.9984756708145142,0.9473999738693237,0.9895508289337158,0.9052488803863525,0.9793256521224976,0.8375301361083984,0.3465859889984131,0.9894923567771912,0.8992544412612915,0.9896183609962463,0.9275577068328857
45,0.999457836151123,0.9787293076515198,0.9963555335998535,0.9611029624938965,0.9927394390106201,0.9265672564506531,5.249999958323315e-06,0.3423549234867096,0.9961806535720825,0.9599014520645142,0.9965319037437439,0.9628000855445862,0.9985467791557312,0.9664756059646606,0.9902649521827698,0.9426860809326172,0.9807229042053223,0.8923559784889221,0.3459126651287079,0.9906318187713623,0.9380786418914795,0.9899032115936279,0.9481900930404663
46,0.9994771480560303,0.9788535833358765,0.9964249134063721,0.9612821936607361,0.9928803443908691,0.9270258545875549,5.249999958323315e-06,0.3422900438308716,0.9962044358253479,0.9587650895118713,0.9966483116149902,0.9644098877906799,0.9985476732254028,0.9600147008895874,0.9898937940597534,0.9301357865333557,0.9799976944923401,0.8736004829406738,0.3465365469455719,0.9914591908454895,0.9277820587158203,0.9883421063423157,0.9360838532447815
47,0.9995026588439941,0.9809207916259766,0.9966539144515991,0.9651879072189331,0.9933333396911621,0.9337812662124634,5.249999958323315e-06,0.3421745002269745,0.9966179728507996,0.9602007865905762,0.9966910481452942,0.971000611782074,0.9985531568527222,0.9578554630279541,0.9901435971260071,0.925567626953125,0.9804853796958923,0.8711841106414795,0.3460332751274109,0.9897047281265259,0.9127042293548584,0.9905858039855957,0.95121169090271
48,0.9995117783546448,0.9722254872322083,0.9967041015625,0.9477470517158508,0.9934314489364624,0.9139899611473083,5.249999958323315e-06,0.3420461416244507,0.9965004920959473,0.9515223503112793,0.9969090819358826,0.9479027390480042,0.9985687136650085,0.9475235939025879,0.9901076555252075,0.9049394130706787,0.9804150462150574,0.856637179851532,0.34622618556022644,0.9894831776618958,0.9037295579910278,0.9907390475273132,0.9068560004234314
49,0.9995229244232178,0.9780321717262268,0.9967978000640869,0.959266185760498,0.993617832660675,0.9262232780456543,5.249999958323315e-06,0.3419426381587982,0.9967095851898193,0.962942898273468,0.9968871474266052,0.9606606364250183,0.9985760450363159,0.9560162425041199,0.9904093742370605,0.9216229319572449,0.9810062646865845,0.8635737895965576,0.34568965435028076,0.9904916882514954,0.9248379468917847,0.9903346300125122,0.9246174693107605
50,0.9995439648628235,0.9764139652252197,0.9969073534011841,0.9559203386306763,0.9938365817070007,0.9252666234970093,5.249999958323315e-06,0.3418896496295929,0.996825635433197,0.9554846286773682,0.9969903826713562,0.9573254585266113,0.9985849261283875,0.967307448387146,0.9900888800621033,0.9445256590843201,0.9803847670555115,0.8962498307228088,0.3462181091308594,0.9904128909111023,0.9468371868133545,0.9897723197937012,0.9437915682792664
51,0.999529242515564,0.9795763492584229,0.996837854385376,0.9623149633407593,0.9936978816986084,0.9290777444839478,5.249999958323315e-06,0.34185194969177246,0.9966957569122314,0.9645942449569702,0.9969819784164429,0.9617494940757751,0.9985708594322205,0.930422306060791,0.9900829195976257,0.870762050151825,0.980374276638031,0.8272765278816223,0.3461201786994934,0.9895283579826355,0.8757991790771484,0.9906413555145264,0.8662300705909729
52,0.999543309211731,0.9700546264648438,0.9969481825828552,0.9431614875793457,0.9939167499542236,0.9134849309921265,5.249999958323315e-06,0.34181535243988037,0.9968575835227966,0.9452831149101257,0.9970403909683228,0.9459735155105591,0.9985439777374268,0.9510446786880493,0.9900750517845154,0.9120144844055176,0.9803497195243835,0.8589909076690674,0.34628528356552124,0.9900915026664734,0.8912770748138428,0.9900640249252319,0.9618167281150818
53,0.9995384216308594,0.9735336899757385,0.9968763589859009,0.9501909613609314,0.9937750101089478,0.9180929064750671,5.249999958323315e-06,0.34176114201545715,0.9967654943466187,0.9480113387107849,0.9969888925552368,0.9528873562812805,0.9985623359680176,0.9581272602081299,0.9903823733329773,0.9258720278739929,0.9809512495994568,0.8672675490379333,0.3458372950553894,0.989173948764801,0.9343267679214478,0.9915988445281982,0.9237398505210876
54,0.9995432496070862,0.9804331064224243,0.996914267539978,0.9639519453048706,0.993849515914917,0.9314560890197754,5.249999958323315e-06,0.34166741371154785,0.9967476725578308,0.9601835012435913,0.9970822930335999,0.9684280157089233,0.9985571503639221,0.96624356508255,0.9899916052818298,0.9424955248832703,0.9801870584487915,0.8923470973968506,0.34639865159988403,0.9891669750213623,0.9325032830238342,0.9908221960067749,0.9535596370697021
55,0.999565064907074,0.9801995754241943,0.9970965385437012,0.9633026719093323,0.9942119121551514,0.9328938126564026,5.249999958323315e-06,0.3415551781654358,0.9969936609268188,0.9616604447364807,0.9972013235092163,0.9660540819168091,0.9985867142677307,0.9544143676757812,0.9903469681739807,0.9184818863868713,0.9808849096298218,0.8594461679458618,0.34604862332344055,0.9908485412597656,0.9131478667259216,0.9898510575294495,0.9371111392974854
56,0.9996019601821899,0.9666300415992737,0.9973413944244385,0.9359185099601746,0.9946983456611633,0.9055866003036499,2.6249999791616574e-06,0.3414417505264282,0.9972746968269348,0.9326316118240356,0.9974082708358765,0.9403337240219116,0.9985952973365784,0.9493816494941711,0.9903064966201782,0.9084568023681641,0.9808058142662048,0.8626868724822998,0.3461620807647705,0.9902956485748291,0.9016355276107788,0.9903217554092407,0.9158639311790466
57,0.9996207356452942,0.9839640855789185,0.9974880218505859,0.9704396724700928,0.9949902296066284,0.9438636302947998,2.6249999791616574e-06,0.3413453698158264,0.9974143505096436,0.9694589972496033,0.9975630044937134,0.9718636870384216,0.9985885620117188,0.9650142788887024,0.9902279376983643,0.9398005604743958,0.9806496500968933,0.8875656723976135,0.346403032541275,0.9908283352851868,0.9360998272895813,0.9896335005760193,0.9446797966957092
58,0.999657154083252,0.9805883169174194,0.997697114944458,0.9634793996810913,0.9954057335853577,0.9391790628433228,2.6249999791616574e-06,0.3411847949028015,0.9976375699043274,0.960608959197998,0.9977573156356812,0.9667084217071533,0.9985781908035278,0.9448538422584534,0.9904490113258362,0.8992588520050049,0.9810845255851746,0.8471933603286743,0.345357209444046,0.9899275898933411,0.9022634625434875,0.99097740650177,0.8982855081558228
59,0.9996354579925537,0.978554904460907,0.9975395798683167,0.9595705270767212,0.9950934052467346,0.9319238066673279,2.6249999791616574e-06,0.34124240279197693,0.9974395036697388,0.9577560424804688,0.9976405501365662,0.9622299075126648,0.998579740524292,0.9678236246109009,0.990344226360321,0.9453029036521912,0.9808779358863831,0.8972644209861755,0.34599629044532776,0.9910954833030701,0.9430736303329468,0.9895973205566406,0.9481712579727173
60,0.9996507167816162,0.9845373034477234,0.9976536631584167,0.9714202880859375,0.9953199625015259,0.945342481136322,2.6249999791616574e-06,0.3411756157875061,0.9975649118423462,0.9711301922798157,0.997743546962738,0.9723671674728394,0.998610258102417,0.9640499949455261,0.9902440905570984,0.9378557801246643,0.9806817770004272,0.8847062587738037,0.34638965129852295,0.9903287291526794,0.9283140301704407,0.9901639819145203,0.9495136141777039
61,0.9996595978736877,0.969926118850708,0.997738778591156,0.9421130418777466,0.9954894781112671,0.9172600507736206,2.6249999791616574e-06,0.3410983383655548,0.9976480603218079,0.9419925212860107,0.9978304505348206,0.9434776902198792,0.9986123442649841,0.9631394147872925,0.9903460144996643,0.9359327554702759,0.9808826446533203,0.8838585019111633,0.3462844789028168,0.9898368120193481,0.9335777759552002,0.9908611178398132,0.9393172264099121
62,0.9996457695960999,0.9842678308486938,0.9975941181182861,0.9709414839744568,0.9952041506767273,0.9445481300354004,2.6249999791616574e-06,0.3411765694618225,0.9975242018699646,0.9683384895324707,0.9976660013198853,0.9741837382316589,0.998614490032196,0.9618939757347107,0.9901730418205261,0.9336147904396057,0.9805440306663513,0.8799288272857666,0.3462073802947998,0.9892340302467346,0.9424903988838196,0.9911194443702698,0.9319841265678406
63,0.9996597170829773,0.9842678904533386,0.9977065324783325,0.9708293080329895,0.9954253435134888,0.9446368217468262,2.6249999791616574e-06,0.34108707308769226,0.9976038336753845,0.969808042049408,0.997810423374176,0.9728886485099792,0.9985769391059875,0.9463549852371216,0.9904530048370361,0.9022567868232727,0.9810922145843506,0.8525082468986511,0.3453808128833771,0.9898049831390381,0.8948532342910767,0.9911079406738281,0.9102081060409546
64,0.9996698498725891,0.9774757623672485,0.9977647662162781,0.9571865797042847,0.9955414533615112,0.9357076287269592,2.6249999791616574e-06,0.3410111665725708,0.9976991415023804,0.9545539021492004,0.997831404209137,0.9601234197616577,0.9986004829406738,0.9650876522064209,0.9905483722686768,0.9396266937255859,0.9812767505645752,0.8881513476371765,0.34555840492248535,0.9908810257911682,0.935223400592804,0.9902224540710449,0.9459779858589172
65,0.9996770620346069,0.9831922650337219,0.9978246092796326,0.9685594439506531,0.9956606030464172,0.9413100481033325,1.3124999895808287e-06,0.34095630049705505,0.9977400898933411,0.9647025465965271,0.9979101419448853,0.9734097123146057,0.9985925555229187,0.9455827474594116,0.9903531074523926,0.9008124470710754,0.9808976054191589,0.8501284122467041,0.3457629382610321,0.9909875988960266,0.8975786566734314,0.9897251129150391,0.9055279493331909
66,0.999711811542511,0.9758270382881165,0.9980746507644653,0.9535792469978333,0.996158242225647,0.9303304553031921,1.3124999895808287e-06,0.3408481478691101,0.9980658888816833,0.9499950408935547,0.9980841279029846,0.9573923349380493,0.9985882639884949,0.9656859040260315,0.9905127882957458,0.9408590793609619,0.981211245059967,0.889851450920105,0.3453756272792816,0.9905487298965454,0.937267005443573,0.9904817938804626,0.9458699226379395
67,0.9997011423110962,0.9862465858459473,0.9978929758071899,0.9745997786521912,0.9957977533340454,0.9513044953346252,1.3124999895808287e-06,0.3408699929714203,0.997790515422821,0.9702349901199341,0.99799644947052,0.9792471528053284,0.9986019730567932,0.961952805519104,0.9904033541679382,0.9335021376609802,0.9809935688972473,0.8785188794136047,0.34603866934776306,0.9904736280441284,0.9265027046203613,0.9903382658958435,0.9419538974761963
68,0.999687671661377,0.9832959175109863,0.9979021549224854,0.9686894416809082,0.9958149194717407,0.9420327544212341,1.3124999895808287e-06,0.34088683128356934,0.9978743195533752,0.9698148965835571,0.9979308843612671,0.9702160358428955,0.9986065626144409,0.9549241662025452,0.9904167056083679,0.9194316267967224,0.9810216426849365,0.8707984685897827,0.34574660658836365,0.9902183413505554,0.9085368514060974,0.9906209707260132,0.9574189782142639
69,0.9996902942657471,0.9798283576965332,0.9978669881820679,0.9617899060249329,0.9957466125488281,0.9371386766433716,1.3124999895808287e-06,0.34087565541267395,0.9978082776069641,0.9617359042167664,0.9979273080825806,0.9629800915718079,0.9985901117324829,0.951906681060791,0.9902539849281311,0.9135596752166748,0.9807034134864807,0.8608115911483765,0.34568941593170166,0.9906046390533447,0.9031664133071899,0.9899086952209473,0.9513384103775024
70,0.9997052550315857,0.9809969067573547,0.9980155825614929,0.9639788866043091,0.996040940284729,0.9399838447570801,9.999999974752427e-07,0.3408029079437256,0.9979657530784607,0.9598803520202637,0.998066246509552,0.9686660766601562,0.998594343662262,0.9665204882621765,0.9906349182128906,0.9424057602882385,0.981447696685791,0.8917183876037598,0.345054030418396,0.9900763034820557,0.9327588081359863,0.9911990165710449,0.9535675048828125
0,0.9295534491539001,0.39030933380126953,0.7804200053215027,0.00019874630379490554,0.6676185131072998,9.968163794837892e-05,4.199999966658652e-05,0.7798064947128296,0.7569912672042847,0.00010152340837521479,0.8642735481262207,0.005233911331743002,0.42903077602386475,0.09720494598150253,0.19440977275371552,1.3226724604464835e-07,0.10793662816286087,1.3226724604464835e-07,2.2167251110076904,0.10861522704362869,0.0,0.9489239454269409,0.0
1,0.9874401688575745,0.5282326936721802,0.9180151224136353,0.13845020532608032,0.8491122722625732,0.09169819205999374,4.199999966658652e-05,0.4505062997341156,0.908292829990387,0.40229877829551697,0.9306750297546387,0.09779605269432068,0.8881582617759705,0.1377367079257965,0.27547329664230347,1.3226724604464835e-07,0.160798117518425,1.3226724604464835e-07,1.1045279502868652,0.265199214220047,0.0,0.2910318672657013,0.0
2,0.9907224178314209,0.7418021559715271,0.9388439059257507,0.5447602272033691,0.8850315809249878,0.41256675124168396,4.199999966658652e-05,0.41772201657295227,0.9356311559677124,0.7176380157470703,0.94361412525177,0.47132137417793274,0.8950851559638977,0.23442192375659943,0.4688436985015869,1.3226724604464835e-07,0.30823639035224915,1.3226724604464835e-07,0.9578573107719421,0.3743226230144501,0.0,0.6382265090942383,0.0
3,0.9931416511535645,0.8025847673416138,0.9549502730369568,0.6502196788787842,0.9139320850372314,0.5190149545669556,4.199999966658652e-05,0.3979169726371765,0.9514924883842468,0.7623356580734253,0.9591789841651917,0.5991833806037903,0.9513363838195801,0.3637000322341919,0.651978611946106,0.0754212886095047,0.48752468824386597,0.043675586581230164,0.6838483214378357,0.7020960450172424,0.07935681194067001,0.6124817728996277,0.09659381210803986
4,0.9930942058563232,0.822712242603302,0.9545667767524719,0.6908572316169739,0.9133660197257996,0.5601545572280884,4.199999966658652e-05,0.3928694427013397,0.9532005190849304,0.7893064022064209,0.957503080368042,0.6476442217826843,0.959165632724762,0.33710238337516785,0.642559289932251,0.031645629554986954,0.4758636951446533,0.0198765117675066,0.5629630088806152,0.9207385778427124,0.10111647844314575,0.495258629322052,0.020578671246767044
5,0.9948479533195496,0.8453455567359924,0.9658685922622681,0.7248228192329407,0.9340803027153015,0.5995104908943176,4.199999966658652e-05,0.3809509575366974,0.9641299247741699,0.7792421579360962,0.9681164622306824,0.7029998898506165,0.9886755347251892,0.581346869468689,0.923363208770752,0.23933063447475433,0.858043372631073,0.16689664125442505,0.4170774817466736,0.9148110151290894,0.6538706421852112,0.9323008060455322,0.1694958359003067
6,0.9952566623687744,0.8696956634521484,0.9688025712966919,0.7705892324447632,0.9395862817764282,0.6521992683410645,4.199999966658652e-05,0.37621447443962097,0.9674179553985596,0.8172392249107361,0.9707334637641907,0.7490086555480957,0.9946762323379517,0.8273417949676514,0.9638479351997375,0.6908355951309204,0.9302946329116821,0.5611435770988464,0.38002684712409973,0.9781420230865479,0.8647591471672058,0.9500274658203125,0.603111743927002
7,0.9956066608428955,0.8869242072105408,0.9710289835929871,0.8028198480606079,0.9437541961669922,0.687313437461853,4.199999966658652e-05,0.3725297152996063,0.9695864915847778,0.8413770794868469,0.9729393124580383,0.7795184850692749,0.9957779049873352,0.8550336360931396,0.9713020920753479,0.7387652397155762,0.9442447423934937,0.6169034242630005,0.37145769596099854,0.9806894063949585,0.7144723534584045,0.9621937274932861,0.7881098985671997
8,0.9958297610282898,0.8839373588562012,0.9722628593444824,0.7956125140190125,0.9461119771003723,0.680846631526947,4.199999966658652e-05,0.3701329529285431,0.9715198278427124,0.8460785150527954,0.9735226631164551,0.7753593325614929,0.9962286353111267,0.8792994618415833,0.9745155572891235,0.7840837836265564,0.9503262042999268,0.6753230094909668,0.3671700656414032,0.9808939099311829,0.8612455725669861,0.9682592153549194,0.7527710199356079
9,0.9965745806694031,0.9003984928131104,0.9774019718170166,0.8233948349952698,0.9558403491973877,0.7192893028259277,4.199999966658652e-05,0.365232914686203,0.9759376049041748,0.848207950592041,0.9791048169136047,0.8113657236099243,0.9965713620185852,0.892280101776123,0.9769344925880432,0.8076258897781372,0.9549533128738403,0.6947381496429443,0.3646562099456787,0.9815921187400818,0.7959526777267456,0.9723761081695557,0.8333538174629211
10,0.9968327879905701,0.9012547135353088,0.9790307879447937,0.8234784603118896,0.9589622616767883,0.718092143535614,4.199999966658652e-05,0.36304759979248047,0.9782947301864624,0.8538374304771423,0.9799563884735107,0.8120018839836121,0.9968371391296387,0.8855352997779846,0.9788768887519836,0.7921938300132751,0.9586434364318848,0.688632607460022,0.3625430166721344,0.9731419086456299,0.8412660956382751,0.9847103953361511,0.7580060362815857
11,0.9969940185546875,0.8997974395751953,0.9802098870277405,0.8193845152854919,0.9612212181091309,0.7168573141098022,4.199999966658652e-05,0.3609856367111206,0.979358971118927,0.851590633392334,0.9812116026878357,0.8076729774475098,0.9965362548828125,0.8988670110702515,0.9765534996986389,0.821180522441864,0.9542171955108643,0.7076653838157654,0.362238347530365,0.9906278252601624,0.774472713470459,0.962939441204071,0.8855855464935303
12,0.9970466494560242,0.910356342792511,0.9805104732513428,0.8402025103569031,0.9617990255355835,0.7353840470314026,4.199999966658652e-05,0.35987672209739685,0.9796390533447266,0.8687867522239685,0.9815981984138489,0.829897940158844,0.9970013499259949,0.9047465324401855,0.9798256158828735,0.8296672105789185,0.9604707956314087,0.7227853536605835,0.3598455786705017,0.9788287281990051,0.8082756996154785,0.9808433651924133,0.8593273758888245
13,0.9972478747367859,0.9090321063995361,0.9817508459091187,0.8363134860992432,0.9641867876052856,0.7371997833251953,4.199999966658652e-05,0.3582828938961029,0.9812778234481812,0.8523131608963013,0.9823657870292664,0.8313142657279968,0.9971844553947449,0.8991426229476929,0.9810423851013184,0.8172429800033569,0.9628061056137085,0.721426784992218,0.35855910181999207,0.9793579578399658,0.8726860880851746,0.9827635884284973,0.7721990942955017
14,0.997235119342804,0.9109287261962891,0.9815945625305176,0.840262770652771,0.9638963937759399,0.7492713928222656,4.199999966658652e-05,0.35782963037490845,0.981222927570343,0.8570091128349304,0.9821232557296753,0.8347759246826172,0.9968106150627136,0.9167633652687073,0.9780685901641846,0.8554583787918091,0.9571157097816467,0.7600252032279968,0.35947877168655396,0.9894819855690002,0.8385406732559204,0.9669707417488098,0.8838553428649902
15,0.9975480437278748,0.9144504070281982,0.9837533831596375,0.8451478481292725,0.9680464863777161,0.7601397633552551,4.199999966658652e-05,0.3556292653083801,0.9833935499191284,0.8597756028175354,0.9842045307159424,0.8401267528533936,0.997049868106842,0.9188294410705566,0.9799853563308716,0.857673168182373,0.9607720971107483,0.7634340524673462,0.35725468397140503,0.9909848570823669,0.8501211404800415,0.9692594408988953,0.8851146697998047
16,0.9976728558540344,0.9225557446479797,0.9847310781478882,0.8603806495666504,0.969941258430481,0.767927885055542,4.199999966658652e-05,0.354502409696579,0.9843668341636658,0.8863024115562439,0.9851791262626648,0.853989839553833,0.9974923729896545,0.9239464402198792,0.9829632639884949,0.8649295568466187,0.9665142297744751,0.7726296186447144,0.35483673214912415,0.9885166883468628,0.8865689635276794,0.9774918556213379,0.851326048374176
17,0.9978057146072388,0.9236754775047302,0.9854009747505188,0.8619497418403625,0.9712446331977844,0.7811325192451477,4.199999966658652e-05,0.35347869992256165,0.9853382706642151,0.8836440443992615,0.9855455756187439,0.8599735498428345,0.9973229765892029,0.9127781391143799,0.9820814728736877,0.843474805355072,0.9648069739341736,0.7417305707931519,0.3554975092411041,0.971956729888916,0.9437698125839233,0.992433488368988,0.7753424644470215
18,0.9978217482566833,0.9241733551025391,0.9855349063873291,0.8628117442131042,0.971507728099823,0.7785429954528809,4.199999966658652e-05,0.35284122824668884,0.9849156141281128,0.8722144961357117,0.9862556457519531,0.8614558577537537,0.9976373314857483,0.9232553839683533,0.9841088652610779,0.8624017834663391,0.9687252640724182,0.7715742588043213,0.3534810543060303,0.986509382724762,0.8432022333145142,0.9817363619804382,0.8999317288398743
19,0.9979783892631531,0.9268192052841187,0.9865673184394836,0.8670717477798462,0.9735045433044434,0.7809956073760986,4.199999966658652e-05,0.3517959713935852,0.9865791201591492,0.8821905255317688,0.9866046905517578,0.8643720149993896,0.9976190328598022,0.9182837605476379,0.984129786491394,0.8524376749992371,0.9687657952308655,0.7593773603439331,0.3533112406730652,0.9772940278053284,0.9214631915092468,0.9910744428634644,0.8149516582489014
20,0.9981104135513306,0.9388044476509094,0.9874278903007507,0.8901811242103577,0.9751819372177124,0.8143868446350098,4.199999966658652e-05,0.3508177697658539,0.9870778918266296,0.9025934338569641,0.9878345727920532,0.8842645883560181,0.9976446628570557,0.9237110018730164,0.9841005802154541,0.8633216023445129,0.9687135815620422,0.7717751264572144,0.3527299463748932,0.9834607839584351,0.8388344049453735,0.984754204750061,0.902463972568512
21,0.9982093572616577,0.9257687330245972,0.9882288575172424,0.8633091449737549,0.9767417311668396,0.7856518626213074,4.199999966658652e-05,0.34998810291290283,0.987927258014679,0.863115131855011,0.9885657429695129,0.8696991801261902,0.9976382255554199,0.9281246662139893,0.983826756477356,0.872422456741333,0.9681839942932129,0.7831676602363586,0.35234659910202026,0.9908787608146667,0.846574068069458,0.976902186870575,0.9079539775848389
22,0.9981964230537415,0.948863685131073,0.9880409240722656,0.9096856117248535,0.976382315158844,0.8377968668937683,4.199999966658652e-05,0.34990280866622925,0.9880046844482422,0.9126551151275635,0.9881275296211243,0.911690354347229,0.9977035522460938,0.9223962426185608,0.9843840599060059,0.8604087233543396,0.9692598581314087,0.7727813720703125,0.35168224573135376,0.9872798919677734,0.8853234052658081,0.9815159440040588,0.8576902151107788
23,0.998157262802124,0.9411888122558594,0.987772524356842,0.8946047425270081,0.9758541584014893,0.8234083652496338,4.199999966658652e-05,0.349590539932251,0.9876941442489624,0.8966110944747925,0.9878978729248047,0.8964879512786865,0.9978875517845154,0.9257442951202393,0.9856894612312317,0.8657992482185364,0.9717922806739807,0.777698278427124,0.3509027361869812,0.9848313927650452,0.9290422797203064,0.9865603446960449,0.8246456384658813
24,0.9982575178146362,0.9422956109046936,0.9884602427482605,0.8961309790611267,0.9771948456764221,0.823762059211731,4.199999966658652e-05,0.34896302223205566,0.9883641600608826,0.9108951091766357,0.9885971546173096,0.894019365310669,0.9978549480438232,0.9295752048492432,0.9854164123535156,0.8737337589263916,0.9712641835212708,0.7887556552886963,0.3505016267299652,0.9869557023048401,0.8607460856437683,0.9838937520980835,0.9005984663963318
25,0.9983611106872559,0.9462452530860901,0.9890310168266296,0.9034593105316162,0.9783099293708801,0.8298258185386658,4.199999966658652e-05,0.3482809066772461,0.9889337420463562,0.9068723320960999,0.9891706705093384,0.9108745455741882,0.9979934692382812,0.9402724504470825,0.9864122867584229,0.8941325545310974,0.9731999039649963,0.8167766332626343,0.34998631477355957,0.9874235391616821,0.9220423102378845,0.9854133129119873,0.8805278539657593
26,0.9984880685806274,0.947807788848877,0.9899791479110718,0.9056363701820374,0.9801679253578186,0.835654079914093,4.199999966658652e-05,0.34744423627853394,0.9898008704185486,0.9122976660728455,0.9901884198188782,0.9048867225646973,0.9981436133384705,0.9452024698257446,0.98736971616745,0.903035044670105,0.9750651717185974,0.8303453922271729,0.34904763102531433,0.9884003400802612,0.928711473941803,0.9863485097885132,0.8812647461891174
27,0.9986032843589783,0.9532712697982788,0.9907634258270264,0.9157795906066895,0.9817039370536804,0.8516812324523926,4.199999966658652e-05,0.34677326679229736,0.990593671798706,0.9193362593650818,0.9909525513648987,0.9176293015480042,0.9979318380355835,0.9372401237487793,0.9859981536865234,0.8884822130203247,0.9723913073539734,0.8051794171333313,0.3498643934726715,0.9801393747329712,0.93487948179245,0.9919346570968628,0.8509148955345154
28,0.998644232749939,0.9579519629478455,0.9911196827888489,0.9247847199440002,0.9824024438858032,0.8634506464004517,4.199999966658652e-05,0.3463413119316101,0.9911052584648132,0.9272229671478271,0.9911510348320007,0.925447940826416,0.9981088042259216,0.9432940483093262,0.9871488809585571,0.8994391560554504,0.9746341109275818,0.823671281337738,0.34881362318992615,0.9859369397163391,0.9074690341949463,0.9883707165718079,0.8943961262702942
29,0.9985588192939758,0.9534478187561035,0.9904332160949707,0.9164619445800781,0.9810553193092346,0.8569673299789429,4.199999966658652e-05,0.34650108218193054,0.9904125332832336,0.9204775094985962,0.990470290184021,0.9165242910385132,0.9979943633079529,0.9282077550888062,0.986411988735199,0.8700034618377686,0.9731976389884949,0.7861611247062683,0.34911662340164185,0.9846259951591492,0.9342712163925171,0.9882156252861023,0.831428050994873
30,0.9985793828964233,0.953439474105835,0.9905866980552673,0.9162925481796265,0.9813572764396667,0.8514096736907959,4.199999966658652e-05,0.34621700644493103,0.9906283020973206,0.9213417768478394,0.9905610084533691,0.9201123714447021,0.9980776906013489,0.9392286539077759,0.9869616031646729,0.8914956450462341,0.9742674827575684,0.8168215751647949,0.3486851155757904,0.9856908917427063,0.9282929301261902,0.9882447123527527,0.8672651648521423
31,0.9987116456031799,0.9544646739959717,0.9914883971214294,0.9174404740333557,0.9831265807151794,0.8547793626785278,4.199999966658652e-05,0.3455623388290405,0.9913409352302551,0.9230482578277588,0.9916514754295349,0.9203466176986694,0.9979104399681091,0.9466819167137146,0.9857082366943359,0.9076555371284485,0.971830427646637,0.8366296291351318,0.349066823720932,0.9931739568710327,0.9050682187080383,0.9783703684806824,0.9116948843002319
32,0.9987413287162781,0.9530239105224609,0.9915726184844971,0.9144761562347412,0.9832927584648132,0.8573063611984253,4.199999966658652e-05,0.34527623653411865,0.991515040397644,0.909380316734314,0.9916466474533081,0.9254444241523743,0.9978659152984619,0.9350765943527222,0.9853900074958801,0.8847629427909851,0.9712134599685669,0.8107057213783264,0.34935593605041504,0.9921727776527405,0.8715934753417969,0.978717565536499,0.9068313837051392
33,0.9986414313316345,0.9528095722198486,0.9909685254096985,0.9146504402160645,0.98210608959198,0.8505810499191284,4.199999966658652e-05,0.3455197513103485,0.9909325242042542,0.9287275671958923,0.9910293817520142,0.912018895149231,0.998156726360321,0.9452747106552124,0.987518310546875,0.9030309915542603,0.9753540754318237,0.8289408087730408,0.34793978929519653,0.988218367099762,0.8754411339759827,0.9868335127830505,0.9385536313056946
34,0.9987725019454956,0.9615165591239929,0.9917591214179993,0.9312741756439209,0.9836613535881042,0.8743212819099426,4.199999966658652e-05,0.3448815941810608,0.9918823838233948,0.9330150485038757,0.9916531443595886,0.9332429766654968,0.9981662034988403,0.9457253217697144,0.9874829649925232,0.9039676785469055,0.97528475522995,0.8331781625747681,0.3476296365261078,0.9882526993751526,0.8811853528022766,0.9867226481437683,0.934918999671936
35,0.9986593723297119,0.9566996693611145,0.9912040829658508,0.9221949577331543,0.9825714230537415,0.8687591552734375,4.199999966658652e-05,0.3451518714427948,0.9911918044090271,0.9244795441627502,0.9912706017494202,0.9233071208000183,0.997967541217804,0.9367409348487854,0.9862000346183777,0.8872819542884827,0.972791850566864,0.8121494054794312,0.34913453459739685,0.9811805486679077,0.8928860425949097,0.9912877678871155,0.8877367973327637
36,0.9987424612045288,0.9592912197113037,0.9916322231292725,0.9269500970840454,0.9834115505218506,0.8704817891120911,4.199999966658652e-05,0.3447060286998749,0.9916002154350281,0.9300186634063721,0.9916979074478149,0.9327607750892639,0.9980441331863403,0.93977952003479,0.9868705868721008,0.892688512802124,0.9740933775901794,0.8144185543060303,0.34841814637184143,0.9839896559715271,0.8407554030418396,0.9897796511650085,0.9601983428001404
37,0.9991050958633423,0.9677374958992004,0.9940375685691833,0.9414376020431519,0.9881523251533508,0.8989629149436951,2.099999983329326e-05,0.34317412972450256,0.9939127564430237,0.935283362865448,0.9941742420196533,0.949314296245575,0.9984234571456909,0.9554176330566406,0.9891761541366577,0.921658992767334,0.9785919785499573,0.8595066666603088,0.34623926877975464,0.9895014762878418,0.9152538776397705,0.9888575673103333,0.9295403957366943
38,0.999349057674408,0.9761852025985718,0.9956800937652588,0.9566900730133057,0.9914000034332275,0.9197635054588318,2.099999983329326e-05,0.34222233295440674,0.9955853223800659,0.9538583159446716,0.9957789778709412,0.960551917552948,0.998508632183075,0.9561538696289062,0.9897595047950745,0.9225482940673828,0.9797349572181702,0.8614882826805115,0.3458400070667267,0.9907525777816772,0.9220253825187683,0.9887760281562805,0.9256749749183655
39,0.9994174242019653,0.9718772768974304,0.996090829372406,0.9476634860038757,0.9922149181365967,0.9114415645599365,2.099999983329326e-05,0.3418760597705841,0.9959760904312134,0.9436538219451904,0.9962092041969299,0.9527533054351807,0.9985073804855347,0.9557392001152039,0.9897597432136536,0.9217187762260437,0.979733943939209,0.8608648180961609,0.34580424427986145,0.9896134734153748,0.9168416857719421,0.9899144172668457,0.9307822585105896
40,0.9994570016860962,0.9789735674858093,0.9964221715927124,0.961524248123169,0.9928725957870483,0.9281575083732605,2.099999983329326e-05,0.34165531396865845,0.9963555335998535,0.9581998586654663,0.996491551399231,0.9659479260444641,0.9985476732254028,0.9583759903907776,0.9900498986244202,0.9267024397850037,0.9803023338317871,0.8690588474273682,0.34567931294441223,0.9889329671859741,0.9326818585395813,0.9911752343177795,0.9222292304039001
41,0.9994769096374512,0.9789802432060242,0.9965436458587646,0.9614173173904419,0.9931135773658752,0.9273955821990967,2.099999983329326e-05,0.3414823114871979,0.9965468645095825,0.9629884362220764,0.9965433478355408,0.962157130241394,0.9985190033912659,0.9550432562828064,0.9898449182510376,0.9202414751052856,0.979900598526001,0.8591864705085754,0.3457801938056946,0.9899954199790955,0.9177989363670349,0.9897003769874573,0.9257398247718811
42,0.9994683861732483,0.9824875593185425,0.9964569211006165,0.9685178995132446,0.992942214012146,0.9396055340766907,2.099999983329326e-05,0.34142714738845825,0.9963585138320923,0.9648149013519287,0.9965595006942749,0.9731445908546448,0.998494565486908,0.9573860764503479,0.9897027611732483,0.9250693321228027,0.9796224236488342,0.8648309111595154,0.3458518981933594,0.9897329211235046,0.9107196927070618,0.9896788597106934,0.9414083361625671
43,0.9994891285896301,0.979145348072052,0.9965606927871704,0.9617298245429993,0.9931474924087524,0.9284496307373047,2.099999983329326e-05,0.34129729866981506,0.9964717030525208,0.9541894793510437,0.996652364730835,0.9717661142349243,0.9985040426254272,0.956394374370575,0.9898092150688171,0.9229795336723328,0.9798311591148376,0.8630518913269043,0.345924973487854,0.9882633090019226,0.9217832088470459,0.9913665056228638,0.9287370443344116
44,0.9994699954986572,0.9808862805366516,0.9964730143547058,0.9652994275093079,0.9929723143577576,0.9340980648994446,2.099999983329326e-05,0.34125980734825134,0.9964357018470764,0.9621196985244751,0.9965125918388367,0.9697022438049316,0.9984744191169739,0.955741822719574,0.9895327687263489,0.9219506978988647,0.9792895317077637,0.8608670830726624,0.345968097448349,0.9893683791160583,0.9157904982566833,0.9897048473358154,0.9316458106040955
45,0.9994428753852844,0.980354905128479,0.996266782283783,0.9644431471824646,0.9925640821456909,0.9326346516609192,2.099999983329326e-05,0.3412756323814392,0.9961942434310913,0.96144700050354,0.9963425993919373,0.9692661762237549,0.9984667897224426,0.956358015537262,0.9895224571228027,0.9231934547424316,0.9792693257331848,0.8628194332122803,0.3459467589855194,0.9887932538986206,0.9228698015213013,0.9902594089508057,0.9252052903175354
46,0.9995788335800171,0.9802363514900208,0.9972131252288818,0.9632592797279358,0.9944428205490112,0.9325140118598938,1.049999991664663e-05,0.3407938778400421,0.997214138507843,0.9573677778244019,0.9972139596939087,0.9716862440109253,0.998573899269104,0.9614098072052002,0.9902215600013733,0.932598352432251,0.9806391000747681,0.8775100111961365,0.34535518288612366,0.9898232221603394,0.9248735308647156,0.9906269907951355,0.9422010183334351
47,0.9996774792671204,0.9863561987876892,0.9978607892990112,0.974851667881012,0.9957322478294373,0.9514843821525574,1.049999991664663e-05,0.3404085040092468,0.9978035092353821,0.9690601229667664,0.9979193210601807,0.9813286662101746,0.9985949993133545,0.9623867869377136,0.9903880953788757,0.9343855381011963,0.9809659719467163,0.8800553679466248,0.34540966153144836,0.9889097809791565,0.9307630062103271,0.9918752908706665,0.9393463730812073
48,0.9996934533119202,0.9858875274658203,0.9979872107505798,0.9737876057624817,0.9959834814071655,0.9498148560523987,1.049999991664663e-05,0.34029003977775574,0.998028576374054,0.9683733582496643,0.997946560382843,0.9800169467926025,0.9985870122909546,0.961540937423706,0.9902877807617188,0.9327935576438904,0.9807690382003784,0.8780797719955444,0.34532469511032104,0.9903750419616699,0.9251150488853455,0.9902060031890869,0.9422047138214111
49,0.9997178912162781,0.9847186803817749,0.9981233477592468,0.9713139533996582,0.9962553381919861,0.9455381631851196,1.049999991664663e-05,0.3401638865470886,0.9981198310852051,0.9644311666488647,0.9981284141540527,0.9796417355537415,0.9985793828964233,0.9629418253898621,0.990276575088501,0.935606837272644,0.9807466268539429,0.8823274374008179,0.3454464375972748,0.9888850450515747,0.9306893944740295,0.9916790127754211,0.9424387216567993
50,0.9997232556343079,0.9866927266120911,0.998155951499939,0.9752300977706909,0.9963198900222778,0.9526075124740601,1.049999991664663e-05,0.34009578824043274,0.9981051087379456,0.9726213812828064,0.9982074499130249,0.9784475564956665,0.9985946416854858,0.9606674909591675,0.9903822541236877,0.9309526085853577,0.980954110622406,0.8758772015571594,0.3453198969364166,0.9905725717544556,0.9220843315124512,0.9901974201202393,0.941203773021698
51,0.9997060298919678,0.9865774512290955,0.9980378746986389,0.9751167893409729,0.9960853457450867,0.9524674415588379,1.049999991664663e-05,0.3401239812374115,0.9980165958404541,0.9707145094871521,0.998060405254364,0.9800041317939758,0.9985626339912415,0.9582116007804871,0.9901309013366699,0.9262921214103699,0.9804621934890747,0.8682360053062439,0.3455008268356323,0.9900146722793579,0.911506175994873,0.9902531504631042,0.9449688792228699
52,0.999702513217926,0.9859321713447571,0.9980050921440125,0.9738600850105286,0.9960198402404785,0.9508528113365173,1.049999991664663e-05,0.3400789201259613,0.9979826211929321,0.9759336709976196,0.998028576374054,0.973753035068512,0.9985781908035278,0.962063193321228,0.990261435508728,0.9338645935058594,0.9807170629501343,0.8794618248939514,0.3455166518688202,0.9904341697692871,0.9255191683769226,0.9900939464569092,0.9448409080505371
53,0.9997225999832153,0.9837067127227783,0.9981552958488464,0.9692583680152893,0.9963188767433167,0.9497543573379517,1.049999991664663e-05,0.33998364210128784,0.9981663227081299,0.967100977897644,0.9981446266174316,0.9717233180999756,0.9985604882240295,0.9598162174224854,0.9901576042175293,0.9294747710227966,0.9805129766464233,0.8732537031173706,0.34551185369491577,0.990317702293396,0.9121175408363342,0.9900040626525879,0.950774073600769
54,0.9997386932373047,0.9873813390731812,0.9982452392578125,0.9765183925628662,0.9964973330497742,0.9552839398384094,1.049999991664663e-05,0.3398742377758026,0.9982054829597473,0.9743325114250183,0.9982855916023254,0.9792216420173645,0.9985510110855103,0.9606900811195374,0.9901096224784851,0.9312703609466553,0.9804195165634155,0.8754358887672424,0.3456679582595825,0.9887638688087463,0.92826247215271,0.9914635419845581,0.9375457763671875
55,0.999783992767334,0.990200936794281,0.9985700845718384,0.9818314909934998,0.997144877910614,0.9646962881088257,5.249999958323315e-06,0.3396754562854767,0.9985586404800415,0.9778756499290466,0.9985819458961487,0.9861140251159668,0.9985931515693665,0.9610943794250488,0.9903769493103027,0.9318115711212158,0.9809438586235046,0.8768582940101624,0.3453400135040283,0.9904521703720093,0.9300814867019653,0.9903062582015991,0.9360365271568298
56,0.9998096227645874,0.9893600344657898,0.9987425804138184,0.979977011680603,0.9974888563156128,0.9615058302879333,5.249999958323315e-06,0.3395768404006958,0.9987726807594299,0.9740052819252014,0.9987131357192993,0.986829400062561,0.9985992312431335,0.9606969952583313,0.9904131889343262,0.9309808611869812,0.9810142517089844,0.875796377658844,0.3453293740749359,0.9904273152351379,0.9222338795661926,0.9904048442840576,0.9431982636451721
57,0.9998267292976379,0.9911999702453613,0.9988322257995605,0.9835673570632935,0.9976680874824524,0.9679499864578247,5.249999958323315e-06,0.3395059108734131,0.998842179775238,0.9805813431739807,0.9988225698471069,0.9868535399436951,0.9986202716827393,0.9629917144775391,0.9905509948730469,0.9354326128959656,0.9812853932380676,0.8830718994140625,0.3453492224216461,0.9900621175765991,0.9242217540740967,0.9910460114479065,0.9496768712997437
58,0.9998436570167542,0.9850721955299377,0.9989839196205139,0.971160352230072,0.9979702234268188,0.9550973773002625,5.249999958323315e-06,0.3394182324409485,0.9989886283874512,0.9662783145904541,0.9989787936210632,0.9766360521316528,0.9986004829406738,0.9613715410232544,0.9904016256332397,0.9323416948318481,0.9809922575950623,0.8772522807121277,0.3453621566295624,0.9899635910987854,0.9235095381736755,0.9908457398414612,0.9434404969215393
59,0.9998466372489929,0.9926555156707764,0.9989819526672363,0.9863292574882507,0.997965931892395,0.9732184410095215,5.249999958323315e-06,0.33936160802841187,0.9990160465240479,0.9836210608482361,0.9989480376243591,0.9891806840896606,0.9985964894294739,0.961144208908081,0.9903810024261475,0.9319071769714355,0.9809522032737732,0.8772345781326294,0.345408171415329,0.989997923374176,0.9208052754402161,0.9907713532447815,0.946125864982605
60,0.9998575448989868,0.9878838062286377,0.9990455508232117,0.9767221808433533,0.9980934262275696,0.9642203450202942,2.6249999791616574e-06,0.3393072485923767,0.9990425109863281,0.9730224013328552,0.9990484118461609,0.9806569814682007,0.9985983371734619,0.9621433019638062,0.990394115447998,0.9338923096656799,0.9809780716896057,0.8801628351211548,0.34534159302711487,0.9900223016738892,0.9226139783859253,0.9907717704772949,0.9481903910636902
61,0.9998735189437866,0.9932147264480591,0.9991605877876282,0.9872684478759766,0.9983232021331787,0.9750807881355286,2.6249999791616574e-06,0.33923792839050293,0.9992271661758423,0.982939600944519,0.9990940690040588,0.9917954206466675,0.9986038208007812,0.9617579579353333,0.9904227256774902,0.933093249797821,0.9810338616371155,0.8789188265800476,0.3453705906867981,0.98981773853302,0.9249590039253235,0.9910339117050171,0.9437188506126404
62,0.999875009059906,0.9930169582366943,0.9991729259490967,0.9868620038032532,0.9983474612236023,0.9744167327880859,2.6249999791616574e-06,0.3392052948474884,0.9992023706436157,0.9844344854354858,0.9991433620452881,0.9894578456878662,0.9986081123352051,0.9629813432693481,0.990447461605072,0.9355152249336243,0.9810824394226074,0.8824772834777832,0.3453900218009949,0.990230917930603,0.9248246550559998,0.990670382976532,0.9487245082855225
63,0.9998784065246582,0.9881032705307007,0.9992009997367859,0.9770055413246155,0.9984029531478882,0.9647096991539001,2.6249999791616574e-06,0.3392097055912018,0.9992272257804871,0.9723161458969116,0.9991741180419922,0.9820120334625244,0.9985946416854858,0.9614620208740234,0.9903592467308044,0.9325646162033081,0.980909526348114,0.8781394958496094,0.3454369008541107,0.9896303415298462,0.9253614544868469,0.9910951256752014,0.9424175024032593
64,0.9998782277107239,0.9878946542739868,0.9991863965988159,0.9766032695770264,0.9983745813369751,0.9640994071960449,2.6249999791616574e-06,0.3391707241535187,0.999177098274231,0.9742069840431213,0.9991961121559143,0.9794427752494812,0.9985989332199097,0.9620355367660522,0.9903677105903625,0.9337033629417419,0.980925977230072,0.8800024390220642,0.3453845679759979,0.9905069470405579,0.9295881390571594,0.9902337789535522,0.9401721358299255
65,0.9998816847801208,0.9928367137908936,0.9992223381996155,0.9864510297775269,0.9984462261199951,0.973579466342926,1.3124999895808287e-06,0.339152067899704,0.9992520213127136,0.9821867942810059,0.9991927146911621,0.9909457564353943,0.9985967874526978,0.9618329405784607,0.9903787970542908,0.933287501335144,0.9809479713439941,0.8791583776473999,0.3453923761844635,0.9899435639381409,0.9250662326812744,0.9908207058906555,0.9440624713897705
66,0.9998947978019714,0.9934687614440918,0.999298632144928,0.9876386523246765,0.9985982775688171,0.9759197235107422,1.3124999895808287e-06,0.33909761905670166,0.9993341565132141,0.9842954277992249,0.9992634654045105,0.9913108348846436,0.9985937476158142,0.9619230628013611,0.9903703331947327,0.9334757924079895,0.9809309244155884,0.8794758319854736,0.3453996181488037,0.9897841811180115,0.9277229309082031,0.9909631609916687,0.9415103793144226
67,0.9998831152915955,0.9890483021736145,0.9992247819900513,0.9788717031478882,0.998451828956604,0.9682140946388245,1.3124999895808287e-06,0.3391384184360504,0.9992381930351257,0.9766414761543274,0.9992119669914246,0.9811975359916687,0.9986026287078857,0.9626824855804443,0.9904142618179321,0.9349506497383118,0.9810172915458679,0.881733238697052,0.34542030096054077,0.9899311661720276,0.9282743334770203,0.9909038543701172,0.9435865879058838
68,0.9998871088027954,0.9890077114105225,0.9992511868476868,0.9787638783454895,0.998504102230072,0.9680834412574768,1.3124999895808287e-06,0.3391161859035492,0.9992777109146118,0.9767099022865295,0.999224841594696,0.981120765209198,0.9986078143119812,0.9619631171226501,0.9904459118843079,0.9334803819656372,0.9810796976089478,0.8793714642524719,0.3454066514968872,0.9900758862495422,0.9257779121398926,0.9908223152160645,0.9430971741676331
69,0.9999049305915833,0.9937721490859985,0.9993707537651062,0.9881731271743774,0.9987433552742004,0.9768701195716858,1.3124999895808287e-06,0.3390369713306427,0.9993923902511597,0.9838041663169861,0.9993501901626587,0.9928247332572937,0.9986007809638977,0.961616575717926,0.9904029369354248,0.9328304529190063,0.9809957146644592,0.8786596655845642,0.34540992975234985,0.9906640648841858,0.9233540892601013,0.9901480078697205,0.9452514052391052
