epoch,accuracy,dice_avg,dice_liver,dice_tumor,iou_liver,iou_tumor,learning_rate,loss,precision_liver,precision_tumor,recall_liver,recall_tumor,val_accuracy,val_dice_avg,val_dice_liver,val_dice_tumor,val_iou_liver,val_iou_tumor,val_loss,val_precision_liver,val_precision_tumor,val_recall_liver,val_recall_tumor
0,0.9632861614227295,0.4367154836654663,0.8244159817695618,0.049014825373888016,0.7208130359649658,0.031128935515880585,4.199999966658652e-05,0.9787248969078064,0.8110880851745605,0.1748879998922348,0.8638449311256409,0.03336486965417862,0.41252440214157104,0.09913089871406555,0.19826127588748932,4.749657875890989e-07,0.11045262962579727,4.749657875890989e-07,6.408962249755859,0.11045854538679123,0.0,0.9994019865989685,0.0
1,0.9895368218421936,0.6666686534881592,0.9304807186126709,0.4028562903404236,0.8704962134361267,0.29628264904022217,4.199999966658652e-05,0.30944979190826416,0.9272131323814392,0.6344098448753357,0.9358822703361511,0.3391284942626953,0.8796615600585938,0.1976490020751953,0.39529791474342346,8.111918958775277e-08,0.2476518303155899,8.111918958775277e-08,3.168809413909912,0.31649309396743774,0.0,0.5375503897666931,0.0
2,0.9921602010726929,0.766319751739502,0.9479637145996094,0.5846755504608154,0.9013267755508423,0.46225646138191223,4.199999966658652e-05,0.22250531613826752,0.9449722766876221,0.7223634123802185,0.9521705508232117,0.5265040397644043,0.9238958954811096,0.0006614303565584123,0.0013228085590526462,5.2001333017415163e-08,0.0006641465588472784,5.2001333017415163e-08,1.807847023010254,0.3594995141029358,0.0,0.0006641715299338102,0.0
3,0.9936177730560303,0.8073810338973999,0.9578554630279541,0.6569067239761353,0.9193115830421448,0.5336921811103821,4.199999966658652e-05,0.17791196703910828,0.9562132954597473,0.785412609577179,0.9603520035743713,0.6035242676734924,0.9288314580917358,0.07417640089988708,0.14835256338119507,2.473821041348856e-07,0.08178249001502991,2.473821041348856e-07,1.5990632772445679,0.8553460836410522,0.0,0.08271759003400803,0.0
4,0.994436502456665,0.8427748680114746,0.9633226990699768,0.7222276329994202,0.9293659329414368,0.593911349773407,4.199999966658652e-05,0.15155470371246338,0.9627756476402283,0.8229759335517883,0.9645134806632996,0.6764009594917297,0.9630715847015381,0.36335742473602295,0.7046151757240295,0.022099656984210014,0.5504029989242554,0.012877806089818478,0.7653071880340576,0.8516095876693726,0.07999998331069946,0.6118893623352051,0.0128775117918849
5,0.9949817061424255,0.8631366491317749,0.9671584963798523,0.7591146230697632,0.9364915490150452,0.6349357962608337,4.199999966658652e-05,0.1326693594455719,0.9654876589775085,0.8349153995513916,0.9693323373794556,0.7217248678207397,0.9864562749862671,0.4916304647922516,0.906615138053894,0.07664582133293152,0.8294925689697266,0.04744240269064903,0.30663758516311646,0.9459912180900574,0.39999958872795105,0.8710607290267944,0.04744233191013336
6,0.995917797088623,0.8825312852859497,0.9730165004730225,0.7920455932617188,0.9475225806236267,0.6730082035064697,4.199999966658652e-05,0.11083474010229111,0.9718649387359619,0.852052628993988,0.9744425415992737,0.7594022154808044,0.9950152635574341,0.8306490182876587,0.9677026867866516,0.6935954093933105,0.9374687075614929,0.5579227209091187,0.1300688087940216,0.9610625505447388,0.9283267259597778,0.9745019674301147,0.5871372818946838
7,0.9956942796707153,0.8829358816146851,0.9714921712875366,0.7943793535232544,0.9446823000907898,0.6816919445991516,4.199999966658652e-05,0.10971658676862717,0.9713461399078369,0.8397581577301025,0.9720774292945862,0.7683189511299133,0.9954822063446045,0.8386369347572327,0.9696433544158936,0.7076307535171509,0.9411171078681946,0.5816621780395508,0.10827352851629257,0.9612641930580139,0.9277881383895874,0.9782598614692688,0.5964217185974121
8,0.9964689016342163,0.8923209309577942,0.9766760468482971,0.8079657554626465,0.954465389251709,0.7007978558540344,4.199999966658652e-05,0.09269241243600845,0.9758475422859192,0.8502781391143799,0.9777411818504333,0.7856596112251282,0.9960556030273438,0.8923609852790833,0.973391592502594,0.8113304376602173,0.9482225775718689,0.7060115337371826,0.09445402771234512,0.9894126057624817,0.9077344536781311,0.9579293727874756,0.7375625371932983
9,0.9968231320381165,0.8899780511856079,0.9790709614753723,0.8008853793144226,0.9590407013893127,0.6953682899475098,4.199999966658652e-05,0.08333748579025269,0.9787500500679016,0.8276731967926025,0.979576051235199,0.7915218472480774,0.9967455863952637,0.9126198291778564,0.9780758619308472,0.8471639752388,0.9571104645729065,0.7432366013526917,0.08210930973291397,0.9831616282463074,0.8395078182220459,0.9731126427650452,0.8627964854240417
10,0.9970610737800598,0.9158564209938049,0.9806106686592102,0.8511019349098206,0.9619801044464111,0.7543452382087708,4.199999966658652e-05,0.07588382065296173,0.9798973798751831,0.8761860132217407,0.9814640879631042,0.8352422118186951,0.9968118071556091,0.9188804626464844,0.9784030318260193,0.8593577742576599,0.9577462673187256,0.7602702975273132,0.08043228834867477,0.9719063639640808,0.8858097791671753,0.9850380420684814,0.8387267589569092
11,0.9970711469650269,0.9275842905044556,0.9804351329803467,0.8747332096099854,0.9616593718528748,0.7818573713302612,4.199999966658652e-05,0.07266323268413544,0.9804090857505798,0.8986935615539551,0.9806662201881409,0.8590940237045288,0.9969738721847534,0.9274741411209106,0.9799453616142273,0.875002920627594,0.9607091546058655,0.7817489504814148,0.07309148460626602,0.9805442094802856,0.9309096336364746,0.9793915748596191,0.8301072120666504
12,0.9973759651184082,0.9196697473526001,0.9825463891029358,0.856792688369751,0.9657206535339355,0.7672548890113831,4.199999966658652e-05,0.06605026870965958,0.9822379946708679,0.872713029384613,0.982982337474823,0.8473854660987854,0.9968051314353943,0.9117630124092102,0.9783308506011963,0.8451949954032898,0.9576043486595154,0.7578768134117126,0.07150526344776154,0.9916694760322571,0.8622575998306274,0.9653748869895935,0.8307797312736511
13,0.9974825978279114,0.9152483344078064,0.9832236766815186,0.8472726941108704,0.967027485370636,0.7581199407577515,4.199999966658652e-05,0.06283225864171982,0.9830291867256165,0.8918091058731079,0.9835359454154968,0.8253018260002136,0.9971923828125,0.9244712591171265,0.9810335040092468,0.8679091930389404,0.9627808928489685,0.7716968655586243,0.06456752121448517,0.9883550405502319,0.9093124270439148,0.9738455414772034,0.8380078077316284
14,0.9976879954338074,0.9292019009590149,0.984707236289978,0.8736962080001831,0.9698944091796875,0.7889666557312012,4.199999966658652e-05,0.05735275149345398,0.9845084547996521,0.8950649499893188,0.9849833846092224,0.8627128005027771,0.9973910450935364,0.9197120666503906,0.9822745323181152,0.8571494221687317,0.9651862978935242,0.7764713168144226,0.06108883395791054,0.9812325239181519,0.8694238066673279,0.9833474159240723,0.8491552472114563
15,0.9975086450576782,0.9238660931587219,0.9833984971046448,0.8643338680267334,0.9673656225204468,0.7803358435630798,4.199999966658652e-05,0.058419112116098404,0.9833204746246338,0.8915503025054932,0.9836353063583374,0.8509456515312195,0.9971551299095154,0.9159289002418518,0.9809579253196716,0.8508997559547424,0.9626442193984985,0.7459294199943542,0.06355422735214233,0.9743900895118713,0.9268829226493835,0.9876484870910645,0.7946783304214478
16,0.9977769255638123,0.9206103682518005,0.9849820733070374,0.856238842010498,0.9704393148422241,0.7768709063529968,4.199999966658652e-05,0.05347994342446327,0.9845821261405945,0.8833263516426086,0.9854843616485596,0.8427422046661377,0.9975234866142273,0.9425733089447021,0.9837085008621216,0.9014380574226379,0.9679506421089172,0.8225557804107666,0.05558735504746437,0.9873814582824707,0.9178267121315002,0.98008131980896,0.888339638710022
17,0.9979422688484192,0.9324760437011719,0.986316978931427,0.8786349296569824,0.9730197191238403,0.7976177334785461,4.199999966658652e-05,0.04937309771776199,0.9862504005432129,0.8895711302757263,0.9864463806152344,0.8749865889549255,0.9974972605705261,0.934216320514679,0.9830851554870605,0.8853471875190735,0.9667568206787109,0.7987272143363953,0.054625559598207474,0.986178457736969,0.9218353033065796,0.9800350069999695,0.8600870370864868
18,0.9981070160865784,0.9317514300346375,0.9874783158302307,0.8760245442390442,0.9752758741378784,0.8039754629135132,4.199999966658652e-05,0.045615483075380325,0.9874545931816101,0.8884010910987854,0.9875444769859314,0.8703706860542297,0.9974068999290466,0.9414752125740051,0.9824780821800232,0.900472104549408,0.9655705094337463,0.8212701678276062,0.05454486981034279,0.9924115538597107,0.8915809392929077,0.9727514386177063,0.9119861125946045
19,0.9981052279472351,0.9289378523826599,0.9873660802841187,0.8705093264579773,0.9750628471374512,0.7996224761009216,4.199999966658652e-05,0.044611040502786636,0.987345814704895,0.8852863311767578,0.9874517917633057,0.8641793727874756,0.9976474046707153,0.9452963471412659,0.9847332835197449,0.9058592319488525,0.9699360728263855,0.830322265625,0.05074647068977356,0.9843722581863403,0.9411022663116455,0.9851153492927551,0.8747819662094116
20,0.9981783032417297,0.9355011582374573,0.9880151152610779,0.8829872608184814,0.9763240218162537,0.8073065280914307,4.199999966658652e-05,0.042388562113046646,0.9881154894828796,0.9026796221733093,0.9879551529884338,0.8753350973129272,0.9976678490638733,0.9266673922538757,0.9842867255210876,0.8690481781959534,0.9690796732902527,0.7966506481170654,0.04938926175236702,0.9894498586654663,0.8695590496063232,0.979189932346344,0.8703856468200684
21,0.99821937084198,0.9400808811187744,0.98813796043396,0.8920238614082336,0.9765661358833313,0.8239833116531372,4.199999966658652e-05,0.0409846156835556,0.9880638718605042,0.9046791195869446,0.9882600903511047,0.8860981464385986,0.99774169921875,0.9409551024436951,0.9845322966575623,0.8973780870437622,0.9695494174957275,0.8161754608154297,0.047361742705106735,0.9858704209327698,0.9036679863929749,0.9832297563552856,0.8947865962982178
22,0.998197615146637,0.9437012672424316,0.9881165027618408,0.8992859125137329,0.9765254855155945,0.8272230625152588,4.199999966658652e-05,0.040488991886377335,0.9883495569229126,0.9222154021263123,0.9879513382911682,0.8890361189842224,0.9977044463157654,0.9229180216789246,0.9843829274177551,0.8614528775215149,0.9692696928977966,0.7838578224182129,0.04680725559592247,0.9839014410972595,0.9065682888031006,0.9848911166191101,0.824333667755127
23,0.9982002973556519,0.9363830089569092,0.9879911541938782,0.8847745656967163,0.9762803912162781,0.8150882720947266,4.199999966658652e-05,0.039826881140470505,0.9877868890762329,0.9145427942276001,0.9882727861404419,0.8695865869522095,0.9975146651268005,0.932034969329834,0.9832867383956909,0.8807833194732666,0.9671376943588257,0.8145722150802612,0.04991763457655907,0.9923824071884155,0.9079867005348206,0.974374532699585,0.8559834957122803
24,0.9983999133110046,0.943269670009613,0.989036500453949,0.8975033760070801,0.9783286452293396,0.8272122144699097,4.199999966658652e-05,0.03620351478457451,0.9887708425521851,0.9140554666519165,0.9893530011177063,0.8890151977539062,0.9979611039161682,0.9456422924995422,0.9860221147537231,0.9052625894546509,0.9724473357200623,0.8315145373344421,0.0418424978852272,0.9865010976791382,0.8974215984344482,0.9855496287345886,0.9184199571609497
25,0.9988247156143188,0.959068775177002,0.9919899106025696,0.9261475205421448,0.9841222167015076,0.8750419616699219,2.099999983329326e-05,0.029989855363965034,0.9919064044952393,0.9301934242248535,0.9920943379402161,0.9238897562026978,0.9981665015220642,0.9407610297203064,0.9875606298446655,0.893961489200592,0.9754343628883362,0.8371508121490479,0.038456205278635025,0.9918943047523499,0.905758261680603,0.9832760095596313,0.883261501789093
26,0.9990332126617432,0.9634228348731995,0.9935194253921509,0.9333257079124451,0.9871295690536499,0.8801550269126892,2.099999983329326e-05,0.026716573163866997,0.9935258626937866,0.94060879945755,0.9935248494148254,0.9292981624603271,0.9982873797416687,0.940227746963501,0.9883479475975037,0.8921076059341431,0.9769769310951233,0.8353814482688904,0.036411501467227936,0.990999698638916,0.8865326642990112,0.9857144355773926,0.9018254280090332
27,0.9990612268447876,0.9679276943206787,0.9937244653701782,0.9421308636665344,0.9875319600105286,0.8934777975082397,2.099999983329326e-05,0.026004623621702194,0.9936525225639343,0.9464658498764038,0.9938076138496399,0.9405449628829956,0.9983334541320801,0.954710841178894,0.9887417554855347,0.9206799864768982,0.9777424335479736,0.8555532693862915,0.03582674264907837,0.9897744655609131,0.9184268116950989,0.987720787525177,0.9256240129470825
28,0.9991171360015869,0.9641595482826233,0.9940804839134216,0.9342389106750488,0.9882360100746155,0.887660801410675,2.099999983329326e-05,0.024687765166163445,0.9941203594207764,0.9381340146064758,0.9940498471260071,0.9320999383926392,0.9983352422714233,0.9435021281242371,0.9888920783996582,0.8981121182441711,0.9780347347259521,0.8446722626686096,0.03523610532283783,0.9899930357933044,0.9048635959625244,0.9877978563308716,0.8926353454589844
29,0.9991564154624939,0.96486496925354,0.9944008588790894,0.9353290796279907,0.988867998123169,0.8876262903213501,2.099999983329326e-05,0.02356322854757309,0.9944790005683899,0.9453748464584351,0.9943292140960693,0.9294811487197876,0.9983740448951721,0.9605347514152527,0.9890434145927429,0.9320259690284729,0.9783310890197754,0.8741394877433777,0.03459157794713974,0.9903606176376343,0.9381820559501648,0.9877334833145142,0.9275957345962524
30,0.9991098046302795,0.9703832864761353,0.9940716624259949,0.9466944932937622,0.9882188439369202,0.9006739854812622,2.099999983329326e-05,0.023892035707831383,0.9939084649085999,0.947116494178772,0.9942482113838196,0.9480066895484924,0.9983285665512085,0.9406524896621704,0.9885827898979187,0.8927220702171326,0.9774320125579834,0.836000919342041,0.03507746011018753,0.99195396900177,0.8971841335296631,0.9852385520935059,0.8913440108299255
31,0.9991484880447388,0.9650641679763794,0.9942248463630676,0.9359033703804016,0.9885221123695374,0.890077531337738,2.099999983329326e-05,0.022965429350733757,0.9942632913589478,0.9446735978126526,0.9941989183425903,0.9306603074073792,0.9983258247375488,0.9652175903320312,0.988650918006897,0.9417842626571655,0.9775698781013489,0.8908904790878296,0.03445814549922943,0.9918094873428345,0.9537448883056641,0.9855180978775024,0.931215763092041
32,0.9992048740386963,0.9602687358856201,0.994651734828949,0.9258861541748047,0.9893649220466614,0.8809545636177063,2.099999983329326e-05,0.02195034548640251,0.9946116805076599,0.9319230914115906,0.9946995377540588,0.9228513240814209,0.9982803463935852,0.9641059041023254,0.9884322881698608,0.93977952003479,0.9771420955657959,0.8871543407440186,0.03555058687925339,0.9935097694396973,0.9304214715957642,0.9834163188934326,0.9499251842498779
33,0.9991635680198669,0.9709725975990295,0.994385302066803,0.9475595951080322,0.988839328289032,0.9040191173553467,2.099999983329326e-05,0.021888554096221924,0.9943220019340515,0.9526333808898926,0.9944618940353394,0.9457536935806274,0.9983373880386353,0.9451424479484558,0.9889286160469055,0.9013562202453613,0.9781055450439453,0.8500398397445679,0.034355174750089645,0.9906905889511108,0.9160521626472473,0.9871779680252075,0.8881076574325562
34,0.9991782903671265,0.9692895412445068,0.9944844245910645,0.9440948367118835,0.9890333414077759,0.8976064920425415,2.099999983329326e-05,0.02156739868223667,0.994452953338623,0.9476718306541443,0.994523286819458,0.9418196082115173,0.9982653856277466,0.9488694667816162,0.9883424639701843,0.9093966484069824,0.9769666194915771,0.847236156463623,0.03631516546010971,0.9899625182151794,0.9092097282409668,0.9867346882820129,0.9124207496643066
35,0.9991108775138855,0.9721004962921143,0.9939368963241577,0.9502645134925842,0.9879554510116577,0.9071712493896484,2.099999983329326e-05,0.022222964093089104,0.9938536882400513,0.9492824673652649,0.9940395355224609,0.9531010985374451,0.9982818365097046,0.9575295448303223,0.9883466362953186,0.9267122745513916,0.9769712686538696,0.865681529045105,0.03414974361658096,0.9905728101730347,0.9215027093887329,0.986133873462677,0.9356411099433899
36,0.9991647601127625,0.9680049419403076,0.9943769574165344,0.9416320323944092,0.988821268081665,0.9001002311706543,2.099999983329326e-05,0.021048851311206818,0.9944741129875183,0.9441888332366943,0.9942918419837952,0.9417828321456909,0.998301088809967,0.9516028761863708,0.9886641502380371,0.9145419597625732,0.9775926470756531,0.8526052236557007,0.03468835726380348,0.9904656410217285,0.9432599544525146,0.9868749976158142,0.9013301134109497
37,0.9993711709976196,0.969231128692627,0.9957855343818665,0.9426769018173218,0.9916104078292847,0.9040113687515259,1.049999991664663e-05,0.018314294517040253,0.9957417845726013,0.9455528855323792,0.9958339929580688,0.9414100050926208,0.9984588623046875,0.9528753757476807,0.9897987842559814,0.9159519076347351,0.979809045791626,0.8516561985015869,0.03148169443011284,0.9898180961608887,0.9207550287246704,0.9897842407226562,0.914775550365448
38,0.9994667172431946,0.9735877513885498,0.9964583516120911,0.9507168531417847,0.9929448962211609,0.9132660031318665,1.049999991664663e-05,0.0170446764677763,0.9965682029724121,0.9531413316726685,0.996351420879364,0.950520932674408,0.9984692335128784,0.9607426524162292,0.9895532727241516,0.931932270526886,0.9793279767036438,0.87718665599823,0.031270403414964676,0.9914537072181702,0.9289166331291199,0.9876648187637329,0.9383125305175781
39,0.9995168447494507,0.9766725301742554,0.9967453479766846,0.9566001296043396,0.9935148358345032,0.9218501448631287,1.049999991664663e-05,0.016313422471284866,0.9966732263565063,0.9663402438163757,0.9968211650848389,0.9513252377510071,0.998521089553833,0.9446781873703003,0.9900169968605042,0.8993393182754517,0.9802396893501282,0.8490754961967468,0.030525991693139076,0.9907815456390381,0.9159953594207764,0.9892584085464478,0.8866423964500427
40,0.9995654821395874,0.9783775806427002,0.9971095323562622,0.9596457481384277,0.9942371249198914,0.9320787787437439,1.049999991664663e-05,0.015379199758172035,0.9971318244934082,0.9598908424377441,0.9970888495445251,0.9604296684265137,0.9984683394432068,0.9653762578964233,0.9897933006286621,0.9409591555595398,0.979796826839447,0.8890433311462402,0.030817311257123947,0.9886929988861084,0.9565815925598145,0.9908997416496277,0.9265289902687073
41,0.999542236328125,0.9817137718200684,0.9969350695610046,0.9664928913116455,0.9938915371894836,0.9360986948013306,1.049999991664663e-05,0.015486875548958778,0.9969593286514282,0.9664677977561951,0.9969134330749512,0.9670829772949219,0.9984850883483887,0.9598281979560852,0.9898905754089355,0.9297656416893005,0.979988157749176,0.8727012872695923,0.031061118468642235,0.9904264211654663,0.9205147624015808,0.989361047744751,0.9407824873924255
42,0.9996132850646973,0.9831935167312622,0.9974274635314941,0.9689598083496094,0.9948702454566956,0.9418745636940002,5.249999958323315e-06,0.014452289789915085,0.9974632263183594,0.967576265335083,0.9973929524421692,0.971024751663208,0.9985504150390625,0.964781641960144,0.9899818897247314,0.9395812153816223,0.9801689982414246,0.8875651359558105,0.029910646378993988,0.9902768731117249,0.9420890212059021,0.9896935820579529,0.9378178119659424
43,0.999663770198822,0.9849467277526855,0.9977681040763855,0.9721249938011169,0.9955476522445679,0.9463858008384705,5.249999958323315e-06,0.013805401511490345,0.9978136420249939,0.9707873463630676,0.9977228045463562,0.9741209149360657,0.9985446333885193,0.9609765410423279,0.9901907444000244,0.9317619800567627,0.9805805087089539,0.8779950737953186,0.030213357880711555,0.9912557005882263,0.9255547523498535,0.9891311526298523,0.9412667751312256
44,0.9996825456619263,0.9818843007087708,0.997911810874939,0.9658564925193787,0.9958338737487793,0.9374748468399048,5.249999958323315e-06,0.013535871170461178,0.9979414939880371,0.9656522274017334,0.9978828430175781,0.967155933380127,0.9985537528991699,0.9644967913627625,0.9900681376457214,0.9389253258705139,0.9803426265716553,0.8877708315849304,0.02994813211262226,0.9899532794952393,0.9407899975776672,0.9901859164237976,0.939723789691925
45,0.999693751335144,0.982876181602478,0.9979345202445984,0.9678183197975159,0.995878279209137,0.941802442073822,5.249999958323315e-06,0.013307906687259674,0.9979849457740784,0.9719663858413696,0.9978845715522766,0.9674772024154663,0.9985604882240295,0.9482603669166565,0.9898305535316467,0.9066900014877319,0.9798769354820251,0.859727680683136,0.029390260577201843,0.9902938604354858,0.9082618951797485,0.9893713593482971,0.9062360525131226
46,0.9996975660324097,0.9826387763023376,0.9979856610298157,0.9672920107841492,0.9959806799888611,0.9459209442138672,5.249999958323315e-06,0.013093066401779652,0.9979605078697205,0.966349720954895,0.9980112314224243,0.9685045480728149,0.9985241889953613,0.9640852212905884,0.989833652973175,0.938336968421936,0.9798828363418579,0.8855195641517639,0.030377710238099098,0.9918228983879089,0.9389154314994812,0.9878568053245544,0.9390078186988831
47,0.999737560749054,0.9847288727760315,0.9982509613037109,0.9712060689926147,0.996508777141571,0.9462993741035461,2.6249999791616574e-06,0.012613401748239994,0.9982635378837585,0.9729933738708496,0.9982390403747559,0.9701793193817139,0.998545229434967,0.9481032490730286,0.9901758432388306,0.9060307145118713,0.9805517792701721,0.858509361743927,0.029902031645178795,0.9905976057052612,0.9059837460517883,0.9897602796554565,0.9072767496109009
48,0.9997074604034424,0.9856130480766296,0.998009204864502,0.9732169508934021,0.9960290789604187,0.9492233991622925,2.6249999791616574e-06,0.012924844399094582,0.9979881048202515,0.9724932909011841,0.9980312585830688,0.9748165011405945,0.9985376000404358,0.9608973860740662,0.9902336597442627,0.931561291217804,0.9806614518165588,0.8757563829421997,0.02992948517203331,0.9906640648841858,0.9306656122207642,0.9898076057434082,0.9364302158355713
49,0.9997431039810181,0.9884130358695984,0.9982959628105164,0.9785300493240356,0.9965988993644714,0.9583587050437927,2.6249999791616574e-06,0.012357508763670921,0.9983422756195068,0.9781404137611389,0.9982501268386841,0.9792119860649109,0.9985586404800415,0.9693657159805298,0.9902123808860779,0.9485185146331787,0.9806228876113892,0.9027042984962463,0.029701728373765945,0.9912667274475098,0.9435184001922607,0.9891649484634399,0.954068124294281
50,0.9997463822364807,0.9824398159980774,0.9982913732528687,0.9665881395339966,0.9965898394584656,0.9451873898506165,2.6249999791616574e-06,0.012359404936432838,0.9982893466949463,0.9671422839164734,0.9982938170433044,0.966416597366333,0.9985537528991699,0.9307395219802856,0.99028480052948,0.8711941242218018,0.9807633757591248,0.8281974792480469,0.029823729768395424,0.9908394813537598,0.8744833469390869,0.9897357821464539,0.8685085773468018
51,0.9997408390045166,0.9820929169654846,0.9982574582099915,0.9659280180931091,0.9965225458145142,0.9442750811576843,2.6249999791616574e-06,0.01227047760039568,0.9983262419700623,0.9626983404159546,0.9981889128684998,0.9701492786407471,0.9985629320144653,0.9691603779792786,0.9904546141624451,0.9478659629821777,0.9810944199562073,0.9015176892280579,0.029197240248322487,0.9904360175132751,0.9491209387779236,0.9904769062995911,0.9470078349113464
52,0.9997577667236328,0.9838757514953613,0.9983806014060974,0.969370424747467,0.9967672228813171,0.9505854249000549,2.6249999791616574e-06,0.01202840730547905,0.9984503984451294,0.9698581695556641,0.998311460018158,0.9691658616065979,0.9985678195953369,0.9689056873321533,0.9903457760810852,0.9474658370018005,0.9808822870254517,0.9010701179504395,0.029345374554395676,0.9902008771896362,0.9534757733345032,0.9904928803443909,0.9420223832130432
53,0.9997457265853882,0.9862996935844421,0.9983084797859192,0.9742907881736755,0.9966236352920532,0.9518337845802307,2.6249999791616574e-06,0.012131358496844769,0.9983160495758057,0.9800099730491638,0.9983010292053223,0.9708344340324402,0.9985150098800659,0.9513712525367737,0.9901614189147949,0.9125807285308838,0.9805232882499695,0.8700199723243713,0.030464163050055504,0.9911994338035583,0.9109539985656738,0.9891310334205627,0.9147608876228333
54,0.9997757077217102,0.9822897911071777,0.9984983205795288,0.9660815596580505,0.9970019459724426,0.9452070593833923,2.6249999791616574e-06,0.011605831794440746,0.998491644859314,0.9700679779052734,0.9985051155090332,0.9641233682632446,0.9985754489898682,0.9650650024414062,0.9902364611625671,0.9398935437202454,0.9806668162345886,0.8882574439048767,0.028861768543720245,0.9903204441070557,0.9428150653839111,0.9901564717292786,0.9379154443740845
55,0.9997735619544983,0.979634165763855,0.9984885454177856,0.9607797861099243,0.996982753276825,0.942757785320282,1.3124999895808287e-06,0.01168423518538475,0.9985051155090332,0.9584707021713257,0.9984729886054993,0.9633499383926392,0.9985354542732239,0.9603151679039001,0.9902458190917969,0.9303845763206482,0.980686366558075,0.8742967247962952,0.029859058558940887,0.9908415079116821,0.9330733418464661,0.989654004573822,0.9353155493736267
56,0.9997857809066772,0.9892408847808838,0.9985790252685547,0.9799025058746338,0.9971632361412048,0.9612057209014893,1.3124999895808287e-06,0.011452704668045044,0.9986196160316467,0.9775147438049316,0.9985387921333313,0.9826052784919739,0.9985446333885193,0.9594311714172363,0.990065336227417,0.9287970662117004,0.9803376197814941,0.8725942373275757,0.029659073799848557,0.9904607534408569,0.9416857957839966,0.9896761178970337,0.9243919849395752
57,0.9997720122337341,0.9880625009536743,0.9984409213066101,0.9776843190193176,0.9968891143798828,0.9571811556816101,1.3124999895808287e-06,0.011692733503878117,0.9984774589538574,0.9804790019989014,0.998404860496521,0.9756731986999512,0.998543381690979,0.9514527320861816,0.9901554584503174,0.9127500057220459,0.9805101752281189,0.8705116510391235,0.030121928080916405,0.9905314445495605,0.9166960120201111,0.9897840023040771,0.9094569683074951
58,0.9997920989990234,0.9866532683372498,0.9985693097114563,0.9747366309165955,0.9971449375152588,0.9533762335777283,1.3124999895808287e-06,0.011294648982584476,0.9985913038253784,0.9765523672103882,0.9985485076904297,0.9760679602622986,0.9985357522964478,0.9691736102104187,0.9902676939964294,0.9480794668197632,0.9807305932044983,0.9024320244789124,0.03020898811519146,0.9905163049697876,0.946881115436554,0.9900234937667847,0.9500434398651123
59,0.9997907280921936,0.9863938689231873,0.9986292123794556,0.9741581082344055,0.9972629547119141,0.9527235627174377,1.3124999895808287e-06,0.011322575621306896,0.9986278414726257,0.9734674096107483,0.9986310601234436,0.9751160144805908,0.9985272288322449,0.9678761959075928,0.9902353882789612,0.9455170631408691,0.9806634783744812,0.8974803686141968,0.030256200581789017,0.9908859729766846,0.9430934190750122,0.9895920753479004,0.9490749835968018
60,0.9997808933258057,0.9832468628883362,0.998527467250824,0.9679660201072693,0.9970607161521912,0.9475952386856079,9.999999974752427e-07,0.011360220611095428,0.9985725283622742,0.9665582776069641,0.998482346534729,0.9697525501251221,0.9985214471817017,0.9676856994628906,0.9903863668441772,0.9449852108955383,0.9809615612030029,0.8965603709220886,0.03033697046339512,0.990845799446106,0.9427759051322937,0.9899320006370544,0.9479114413261414
61,0.9997913837432861,0.9891207218170166,0.9986341595649719,0.9796079397201538,0.9972729682922363,0.960823118686676,9.999999974752427e-07,0.011230411939322948,0.998660147190094,0.9797881245613098,0.9986081719398499,0.9798210263252258,0.9985324144363403,0.9634002447128296,0.9902800917625427,0.9365207552909851,0.980753481388092,0.8832557797431946,0.030072825029492378,0.99102383852005,0.9401934742927551,0.9895430207252502,0.9348208904266357
62,0.9997890591621399,0.9813024997711182,0.9985692501068115,0.9640360474586487,0.9971444010734558,0.942878246307373,9.999999974752427e-07,0.01124066673219204,0.9986433982849121,0.9665818214416504,0.9984959959983826,0.9630874395370483,0.9985507130622864,0.9650578498840332,0.9898959398269653,0.9402198195457458,0.9800035953521729,0.8895972371101379,0.029895246028900146,0.9901930093765259,0.9415361285209656,0.9896050095558167,0.9418807029724121
63,0.9997934699058533,0.9847952127456665,0.9986370801925659,0.9709532260894775,0.9972786903381348,0.95305335521698,9.999999974752427e-07,0.011152326129376888,0.9986622333526611,0.969413161277771,0.9986122250556946,0.9728338718414307,0.9985384941101074,0.9485450983047485,0.9901021718978882,0.9069877862930298,0.9804068803787231,0.8605263233184814,0.030206728726625443,0.990842342376709,0.9147308468818665,0.9893675446510315,0.9014110565185547
64,0.9998060464859009,0.9897609949111938,0.9987000823020935,0.9808223843574524,0.9974043369293213,0.9631673693656921,9.999999974752427e-07,0.01088982354849577,0.998751699924469,0.9788050055503845,0.9986488223075867,0.9835445284843445,0.9985564947128296,0.9695128798484802,0.9902446269989014,0.9487813711166382,0.9806849956512451,0.9033132195472717,0.029899824410676956,0.9911292791366577,0.9495282173156738,0.9893648028373718,0.9484385848045349
65,0.999815046787262,0.980491042137146,0.9987422227859497,0.9622393846511841,0.9974889159202576,0.945436954498291,9.999999974752427e-07,0.010792216286063194,0.9987006187438965,0.9623377323150635,0.9987852573394775,0.9623543620109558,0.998565673828125,0.9495851993560791,0.990223228931427,0.9089468121528625,0.9806423783302307,0.8636431097984314,0.029698939993977547,0.9912536144256592,0.9139014482498169,0.9892005920410156,0.9049939513206482
66,0.9998121857643127,0.9900285601615906,0.9987491369247437,0.9813078045845032,0.9975029826164246,0.963722288608551,9.999999974752427e-07,0.010756964795291424,0.9987983703613281,0.9795546531677246,0.9987008571624756,0.9833105206489563,0.9985397458076477,0.9644477963447571,0.9902806282043457,0.9386149048805237,0.9807567000389099,0.8863663673400879,0.030373631045222282,0.991692066192627,0.937379777431488,0.9888765215873718,0.9406043291091919
67,0.9998133182525635,0.9897679090499878,0.9987261891365051,0.9808096885681152,0.9974564909934998,0.96281898021698,9.999999974752427e-07,0.010697465389966965,0.9987123012542725,0.9789839386940002,0.9987409114837646,0.9830535054206848,0.9985296726226807,0.9636110663414001,0.9901502728462219,0.9370721578598022,0.9804995059967041,0.8842225670814514,0.030346043407917023,0.9910340309143066,0.9387004375457764,0.9892739057540894,0.9372811317443848
68,0.9998152852058411,0.9833159446716309,0.9987814426422119,0.9678506255149841,0.9975662231445312,0.9488754868507385,9.999999974752427e-07,0.010692797601222992,0.998822808265686,0.9641726613044739,0.9987400770187378,0.97355055809021,0.9985226392745972,0.9507064819335938,0.9901915192604065,0.9112212657928467,0.9805808067321777,0.867749035358429,0.030395710840821266,0.9904714226722717,0.9149750471115112,0.9899165630340576,0.9081617593765259
69,0.9998155832290649,0.9904078841209412,0.9987375140190125,0.9820789098739624,0.997479259967804,0.9652239084243774,9.999999974752427e-07,0.010629832744598389,0.9987762570381165,0.9816807508468628,0.9986992478370667,0.9826717376708984,0.998561680316925,0.9682679176330566,0.9902549982070923,0.9462808966636658,0.9807035326957703,0.8994143009185791,0.029823360964655876,0.9906262159347534,0.9472125172615051,0.9898887872695923,0.9465572834014893
0,0.9239138960838318,0.3837241232395172,0.7669934034347534,0.0004548561992123723,0.6514601111412048,0.00022921364870853722,4.199999966658652e-05,1.8804290294647217,0.7436585426330566,0.010192206129431725,0.8598564267158508,0.0052525936625897884,0.13717438280582428,0.07206851989030838,0.1441367268562317,3.0015058882781886e-07,0.07790669798851013,3.0015058882781886e-07,14.444518089294434,0.07790669798851013,0.0,1.0,0.0
1,0.9858925342559814,0.538204550743103,0.9067103862762451,0.16969901323318481,0.8300012946128845,0.11198848485946655,4.199999966658652e-05,0.4834144711494446,0.9028571248054504,0.5037400722503662,0.9145405292510986,0.12075396627187729,0.844639003276825,0.15565373003482819,0.3113073408603668,9.952950108527148e-08,0.18520963191986084,9.952950108527148e-08,3.496912956237793,0.23502971231937408,0.0,0.4701201617717743,0.0
2,0.9892393350601196,0.6854855418205261,0.9290024638175964,0.4419689476490021,0.8679587841033936,0.32981207966804504,4.199999966658652e-05,0.3482711911201477,0.9284018874168396,0.6510985493659973,0.9324061870574951,0.37443187832832336,0.9163039922714233,0.1798945814371109,0.35978907346725464,7.328496565150999e-08,0.2208065539598465,7.328496565150999e-08,1.7694389820098877,0.4405984580516815,0.0,0.31573501229286194,0.0
3,0.991910994052887,0.7647268772125244,0.946459949016571,0.582993745803833,0.898667573928833,0.4561801850795746,4.199999966658652e-05,0.26358532905578613,0.9435991048812866,0.7236465215682983,0.9509755969047546,0.5272152423858643,0.945296049118042,0.25968989729881287,0.519379734992981,7.81952991246726e-08,0.3554704189300537,7.81952991246726e-08,1.1100795269012451,0.8094131350517273,0.0,0.3892786502838135,0.0
4,0.993063747882843,0.8004063367843628,0.9541459679603577,0.6466670036315918,0.9124950170516968,0.5167299509048462,4.199999966658652e-05,0.220962256193161,0.9532604217529297,0.760576605796814,0.9563214778900146,0.5935102105140686,0.9648269414901733,0.35832449793815613,0.7118964195251465,0.00475256098434329,0.5569690465927124,0.0025264013092964888,0.7114265561103821,0.955838680267334,0.03999998793005943,0.572151780128479,0.0025263160932809114
5,0.9936733841896057,0.8217926025390625,0.9582241773605347,0.6853607296943665,0.9199315905570984,0.560566782951355,4.199999966658652e-05,0.19630497694015503,0.9565675258636475,0.7753168344497681,0.9609113335609436,0.6390535235404968,0.9887237548828125,0.5816738605499268,0.9231652617454529,0.2401825487613678,0.8578790426254272,0.15702489018440247,0.2911151051521301,0.929268479347229,0.7335332632064819,0.9174915552139282,0.15843529999256134
6,0.9947122931480408,0.8559215068817139,0.9649486541748047,0.746894359588623,0.9323739409446716,0.6219471096992493,4.199999966658652e-05,0.16440923511981964,0.963764488697052,0.8297879695892334,0.9667766690254211,0.7028346061706543,0.9930221438407898,0.7754082679748535,0.9520816206932068,0.5987347960472107,0.9086338877677917,0.46929997205734253,0.18709297478199005,0.980034351348877,0.8362265825271606,0.9257913827896118,0.4807524085044861
7,0.9953030347824097,0.8759111166000366,0.9689756035804749,0.7828462719917297,0.9398782849311829,0.6627365946769714,4.199999966658652e-05,0.1472775936126709,0.9684683084487915,0.8451693654060364,0.9699134826660156,0.7485350966453552,0.9956899881362915,0.8702785968780518,0.9715713262557983,0.7689858078956604,0.9447417259216309,0.6495086550712585,0.13939569890499115,0.9672400951385498,0.8480216860771179,0.9759806990623474,0.712597668170929
8,0.9955819845199585,0.8824114203453064,0.9709108471870422,0.7939121127128601,0.943533182144165,0.673116147518158,4.199999966658652e-05,0.1341731697320938,0.9703436493873596,0.8665103912353516,0.9718872904777527,0.7567039728164673,0.9958724975585938,0.8627763390541077,0.9725518226623535,0.7530006170272827,0.9466021656990051,0.6398045420646667,0.12344330549240112,0.9824370741844177,0.8150113821029663,0.9629402160644531,0.7299373149871826
9,0.9959462881088257,0.8758255839347839,0.9731063842773438,0.778544545173645,0.9476923942565918,0.6640550494194031,4.199999966658652e-05,0.12242510914802551,0.9725000262260437,0.832481861114502,0.9740508794784546,0.7538376450538635,0.9959466457366943,0.8670172691345215,0.9722762107849121,0.7617580890655518,0.9460887908935547,0.6604617834091187,0.11920852959156036,0.9840589761734009,0.849754273891449,0.9608473181724548,0.7252653241157532
10,0.9960711002349854,0.8802032470703125,0.9736692309379578,0.7867373824119568,0.9487680196762085,0.6772370934486389,4.199999966658652e-05,0.115667924284935,0.9732108116149902,0.8429253101348877,0.9745813608169556,0.7618775963783264,0.9964364767074585,0.8474772572517395,0.9763073921203613,0.7186471819877625,0.9537361860275269,0.6190633773803711,0.10612156987190247,0.9824019074440002,0.7313132286071777,0.970317006111145,0.7223830223083496
11,0.9961868524551392,0.897030234336853,0.9747352600097656,0.8193255066871643,0.9507929086685181,0.708000123500824,4.199999966658652e-05,0.10866887122392654,0.9752930998802185,0.8673197031021118,0.9746185541152954,0.7943711280822754,0.9966357350349426,0.8842152953147888,0.9772824645042419,0.79114830493927,0.9555914998054504,0.6854679584503174,0.09926041960716248,0.9771426916122437,0.9231504797935486,0.977458655834198,0.7352480292320251
12,0.9967016577720642,0.8769373297691345,0.9781570434570312,0.7757176756858826,0.9572953581809998,0.6738094091415405,4.199999966658652e-05,0.09701067209243774,0.978514552116394,0.8263429403305054,0.9780164361000061,0.7493582963943481,0.996970534324646,0.9075906872749329,0.9792675971984863,0.8359137773513794,0.9594070911407471,0.7409365177154541,0.08910730481147766,0.9839738607406616,0.9227258563041687,0.9746345281600952,0.8002200126647949
13,0.9969472289085388,0.9067471027374268,0.9796332716941833,0.8338614702224731,0.960116446018219,0.7336959838867188,4.199999966658652e-05,0.08914399147033691,0.9793468713760376,0.865327000617981,0.9800676703453064,0.8167478442192078,0.9969491362571716,0.9132681488990784,0.9797965884208679,0.8467399477958679,0.9604139924049377,0.7418449521064758,0.08605332672595978,0.9809014797210693,0.8428294658660889,0.9787170886993408,0.8576563000679016
14,0.9966724514961243,0.9099836945533752,0.9777266979217529,0.8422403931617737,0.95649254322052,0.7419159412384033,4.199999966658652e-05,0.09090320765972137,0.9780247211456299,0.8755136132240295,0.9777177572250366,0.8229680061340332,0.9968814253807068,0.9056217074394226,0.9795278310775757,0.8317157030105591,0.959896981716156,0.7203346490859985,0.08465605974197388,0.9827107191085815,0.861956775188446,0.9764019846916199,0.8129029870033264
15,0.9972034692764282,0.9092055559158325,0.981486439704895,0.83692467212677,0.963676929473877,0.7431719303131104,4.199999966658652e-05,0.0792914628982544,0.9813489317893982,0.871237576007843,0.9817437529563904,0.8224546313285828,0.9972668290138245,0.8962955474853516,0.9820156693458557,0.8105754852294922,0.9646900296211243,0.7110531330108643,0.07563753426074982,0.9787725806236267,0.9052320718765259,0.9852979779243469,0.744978666305542
16,0.9972693920135498,0.9092949032783508,0.9819402098655701,0.8366492390632629,0.9645513296127319,0.7449213266372681,4.199999966658652e-05,0.07609447091817856,0.982421875,0.8622552752494812,0.9815818667411804,0.8217536211013794,0.9971200823783875,0.9116452932357788,0.9809597134590149,0.8423308730125427,0.9626492261886597,0.7441484332084656,0.07598782330751419,0.9783565998077393,0.9418588876724243,0.9835976362228394,0.7837181091308594
17,0.9975879192352295,0.9153591394424438,0.9839142560958862,0.8468034863471985,0.9683582186698914,0.7629085779190063,4.199999966658652e-05,0.0686698704957962,0.9838220477104187,0.8781092166900635,0.9840813279151917,0.8301472663879395,0.9971749782562256,0.9137158393859863,0.9809768795967102,0.8464544415473938,0.9626867175102234,0.7466378808021545,0.07102012634277344,0.9888094067573547,0.8862760663032532,0.9732815027236938,0.8278037309646606
18,0.9975242018699646,0.9133743047714233,0.9836377501487732,0.8431103229522705,0.9678189754486084,0.7520582675933838,4.199999966658652e-05,0.06680893152952194,0.9840332269668579,0.8588722944259644,0.9833471775054932,0.8421046733856201,0.9970278739929199,0.916767418384552,0.9801567196846008,0.8533782362937927,0.9611042737960815,0.749762773513794,0.07345955818891525,0.9878908395767212,0.7936649322509766,0.9725728631019592,0.9283092021942139
19,0.997534990310669,0.9227253198623657,0.983599066734314,0.8618518114089966,0.9677589535713196,0.7724764347076416,4.199999966658652e-05,0.06527804583311081,0.9836362600326538,0.8889692425727844,0.9836717247962952,0.848569929599762,0.9973306059837341,0.902890682220459,0.9820230007171631,0.8237585425376892,0.964699387550354,0.7308068871498108,0.06659147888422012,0.9825119972229004,0.8937481641769409,0.9815431237220764,0.7774192094802856
20,0.99776291847229,0.9405139684677124,0.9851297736167908,0.8958982229232788,0.9707129597663879,0.8160074353218079,4.199999966658652e-05,0.060071464627981186,0.9856822490692139,0.9076490998268127,0.9846343398094177,0.8878476619720459,0.9975820779800415,0.9231752753257751,0.9831907153129578,0.8631596565246582,0.9669695496559143,0.7793014645576477,0.06029798090457916,0.9870374202728271,0.9225761890411377,0.9793832898139954,0.8359647393226624
21,0.9979006052017212,0.9432533383369446,0.9859845042228699,0.9005219340324402,0.9723709225654602,0.8243704438209534,4.199999966658652e-05,0.056310366839170456,0.9859459400177002,0.9124333262443542,0.9860947132110596,0.8947048783302307,0.9975875616073608,0.922077476978302,0.9840755462646484,0.8600795865058899,0.9686633348464966,0.7746896147727966,0.05963895469903946,0.9877272844314575,0.8659135699272156,0.980475664138794,0.8648736476898193
22,0.9979099035263062,0.9320013523101807,0.9859572649002075,0.8780450224876404,0.9723248481750488,0.7956786155700684,4.199999966658652e-05,0.054767996072769165,0.986340343952179,0.8959869146347046,0.9856330156326294,0.866982102394104,0.9976327419281006,0.92270827293396,0.9838332533836365,0.8615831136703491,0.9681921601295471,0.7675765752792358,0.05860542133450508,0.9864240884780884,0.8991924524307251,0.9812779426574707,0.8360936045646667
23,0.9978216290473938,0.9383288621902466,0.9853255748748779,0.8913317322731018,0.9711052179336548,0.8087641000747681,4.199999966658652e-05,0.054954420775175095,0.9857512712478638,0.9109117984771729,0.9849826097488403,0.8786237835884094,0.9975168108940125,0.9107518196105957,0.9828869700431824,0.8386167287826538,0.9663814306259155,0.7543798685073853,0.05785591900348663,0.9870529174804688,0.819953203201294,0.9787670969963074,0.8635255694389343
24,0.9980959296226501,0.9365122318267822,0.9873387813568115,0.8856854438781738,0.9750112891197205,0.8138613104820251,4.199999966658652e-05,0.048912886530160904,0.9878575801849365,0.8906318545341492,0.9868638515472412,0.8868222236633301,0.9976022243499756,0.9271589517593384,0.9840424060821533,0.8702756762504578,0.9686107039451599,0.7797701954841614,0.05568767711520195,0.986717700958252,0.8421523571014404,0.9814006090164185,0.912554144859314
25,0.9982000589370728,0.9398664236068726,0.9880695939064026,0.8916633129119873,0.9764308333396912,0.8165827393531799,4.199999966658652e-05,0.04639904573559761,0.9884163737297058,0.9022446274757385,0.9877581000328064,0.8883519172668457,0.9977831840515137,0.9357999563217163,0.9852668642997742,0.8863329887390137,0.9709741473197937,0.8011597394943237,0.05213223397731781,0.9851080179214478,0.9265570044517517,0.9854354858398438,0.8571123480796814
26,0.9981455206871033,0.9441467523574829,0.9875850081443787,0.9007083177566528,0.9754883646965027,0.8318250775337219,4.199999966658652e-05,0.046225883066654205,0.9877957105636597,0.9163414239883423,0.9874213933944702,0.8914070725440979,0.9977948069572449,0.9213183522224426,0.9853463172912598,0.857290506362915,0.9711275696754456,0.7811974883079529,0.050054751336574554,0.9866173267364502,0.8670433163642883,0.9840899705886841,0.8571463227272034
27,0.9982502460479736,0.9471687078475952,0.9883614182472229,0.9059755802154541,0.9770017862319946,0.8379328846931458,4.199999966658652e-05,0.044041916728019714,0.9888415336608887,0.9191335439682007,0.9879249334335327,0.8983304500579834,0.9977428913116455,0.9334239363670349,0.9850030541419983,0.8818449974060059,0.9704601764678955,0.8026239275932312,0.05003893002867699,0.9906005859375,0.910295307636261,0.9794812798500061,0.8790537118911743
28,0.9980721473693848,0.9457590579986572,0.9868537783622742,0.904664158821106,0.9740810394287109,0.8357875347137451,4.199999966658652e-05,0.04543309658765793,0.9870455265045166,0.9121061563491821,0.9867691993713379,0.9017148613929749,0.9977108836174011,0.9208175539970398,0.9850885272026062,0.856546938419342,0.9706282019615173,0.7783875465393066,0.051142726093530655,0.981822669506073,0.8868737816810608,0.988391101360321,0.8335866332054138
29,0.998289167881012,0.9361429810523987,0.9885222911834717,0.8837634325027466,0.977317214012146,0.8166112303733826,4.199999966658652e-05,0.04139862209558487,0.9888383746147156,0.8953007459640503,0.9882500171661377,0.8784214854240417,0.9979013204574585,0.9330368041992188,0.9857536554336548,0.8803201913833618,0.971923828125,0.7959019541740417,0.04701203480362892,0.9870374202728271,0.8683833479881287,0.9844858050346375,0.8964457511901855
30,0.9984275102615356,0.954613447189331,0.9895728230476379,0.9196534752845764,0.9793679714202881,0.8546739220619202,4.199999966658652e-05,0.038383983075618744,0.9897735118865967,0.9310203790664673,0.9894104599952698,0.9120090007781982,0.9979968070983887,0.9449253082275391,0.98638916015625,0.9034612774848938,0.9731625914573669,0.830617368221283,0.04426700621843338,0.9878682494163513,0.9290416240692139,0.9849213361740112,0.8903255462646484
31,0.9983875155448914,0.9523285031318665,0.9892964959144592,0.915360689163208,0.9788272380828857,0.8541480898857117,4.199999966658652e-05,0.03832295909523964,0.9896354079246521,0.9237608909606934,0.9889922142028809,0.9112665057182312,0.9978057742118835,0.9354679584503174,0.985323965549469,0.885611891746521,0.971081018447876,0.804690420627594,0.04610702022910118,0.9891243577003479,0.9261634945869446,0.9815723896026611,0.8561875224113464
32,0.9985318183898926,0.949073314666748,0.9902128577232361,0.9079343676567078,0.980623185634613,0.8434066772460938,4.199999966658652e-05,0.03544441610574722,0.9905080199241638,0.914703905582428,0.9899376034736633,0.9076609015464783,0.9978625774383545,0.9483505487442017,0.9856306314468384,0.9110703468322754,0.9716766476631165,0.8394086360931396,0.0448014922440052,0.9929258823394775,0.9271005988121033,0.9784523248672485,0.8981407880783081
33,0.9985642433166504,0.9574373364448547,0.9904074668884277,0.9244672656059265,0.9810047149658203,0.8625634908676147,4.199999966658652e-05,0.034311845898628235,0.9906681180000305,0.9331469535827637,0.9901682138442993,0.9192986488342285,0.9980130195617676,0.9504759311676025,0.9868521690368652,0.9140996336936951,0.974056601524353,0.8478560447692871,0.04212719947099686,0.9898045063018799,0.9097581505775452,0.9839262366294861,0.9209433794021606
34,0.9985415935516357,0.9563313126564026,0.9901156425476074,0.9225468635559082,0.9804346561431885,0.861775279045105,4.199999966658652e-05,0.03416059911251068,0.9904390573501587,0.9266421794891357,0.9898247718811035,0.9216023087501526,0.9978525042533875,0.9425843954086304,0.9856208562850952,0.8995479345321655,0.9716600179672241,0.8280561566352844,0.04414299502968788,0.9922583699226379,0.9251336455345154,0.9790796637535095,0.882714033126831
35,0.9985495209693909,0.9617539048194885,0.9901692867279053,0.9333384037017822,0.9805425405502319,0.8774538636207581,4.199999966658652e-05,0.03360734134912491,0.9904147982597351,0.9360642433166504,0.9899591207504272,0.9345670342445374,0.9981185793876648,0.9145940542221069,0.9875426292419434,0.8416458964347839,0.975400984287262,0.7679072022438049,0.03912125900387764,0.9889771342277527,0.9207825660705566,0.9861247539520264,0.799064576625824
36,0.9987068176269531,0.9539797306060791,0.9913555383682251,0.9166038036346436,0.9828654527664185,0.8603061437606812,4.199999966658652e-05,0.030457813292741776,0.9916760325431824,0.9214493632316589,0.9910496473312378,0.9153774976730347,0.9979684352874756,0.9361913800239563,0.9863256216049194,0.8860571980476379,0.9730353355407715,0.8111674785614014,0.04190608486533165,0.983730137348175,0.9404311180114746,0.9889410138130188,0.8512060642242432
37,0.998706042766571,0.9510226249694824,0.9912607669830322,0.9107844829559326,0.9826820492744446,0.8526982665061951,4.199999966658652e-05,0.029945509508252144,0.9913870096206665,0.9177687764167786,0.9911551475524902,0.907386839389801,0.9981130957603455,0.9363500475883484,0.9872831106185913,0.8854170441627502,0.974894106388092,0.8151495456695557,0.03932374343276024,0.9906672835350037,0.9517530798912048,0.9839279651641846,0.8562308549880981
38,0.9985898733139038,0.9627429842948914,0.9905107021331787,0.9349750280380249,0.9812095761299133,0.8801187872886658,4.199999966658652e-05,0.03143417835235596,0.9910297393798828,0.9371457099914551,0.9900288581848145,0.9357782006263733,0.9981091022491455,0.950846254825592,0.9874327182769775,0.9142597913742065,0.9751837253570557,0.8496244549751282,0.03867831826210022,0.9907476305961609,0.9416534900665283,0.9841460585594177,0.8984618186950684
39,0.9985760450363159,0.9506137371063232,0.9904187917709351,0.9108083248138428,0.9810335636138916,0.8477851748466492,4.199999966658652e-05,0.031218715012073517,0.990767240524292,0.9194769263267517,0.9901140332221985,0.9082096815109253,0.9978747367858887,0.9453725218772888,0.9855548739433289,0.9051902294158936,0.9715333580970764,0.835793137550354,0.042121972888708115,0.9921384453773499,0.9199293255805969,0.9790651798248291,0.8974533677101135
40,0.9986498355865479,0.960176408290863,0.9910324811935425,0.9293198585510254,0.9822328686714172,0.8706141710281372,4.199999966658652e-05,0.02973170019686222,0.991306483745575,0.9311408996582031,0.9907901287078857,0.9316073656082153,0.9980352520942688,0.9429384469985962,0.9871574640274048,0.898719310760498,0.9746459722518921,0.829101026058197,0.03939985856413841,0.9911134243011475,0.9440656304359436,0.9832397699356079,0.864026665687561
41,0.9988501071929932,0.967669665813446,0.9923274517059326,0.9430112242698669,0.9847765564918518,0.8949448466300964,4.199999966658652e-05,0.026003191247582436,0.9926343560218811,0.9426543712615967,0.9920403957366943,0.9456925988197327,0.9981558322906494,0.9489743113517761,0.9875942468643188,0.9103542566299438,0.9755039811134338,0.8432603478431702,0.037042923271656036,0.9886136651039124,0.9257000684738159,0.9865908622741699,0.8994892239570618
42,0.9988710284233093,0.962261974811554,0.9924814701080322,0.9320421814918518,0.9850813150405884,0.8829432725906372,4.199999966658652e-05,0.025345349684357643,0.9927894473075867,0.9315444827079773,0.992186963558197,0.9348722100257874,0.9981393218040466,0.9290793538093567,0.9877954125404358,0.8703632354736328,0.975890040397644,0.8033790588378906,0.037499696016311646,0.9836850166320801,0.8950232863426208,0.9919463396072388,0.8566509485244751
43,0.9987354278564453,0.9596176743507385,0.9915510416030884,0.927684485912323,0.9832510352134705,0.8761765956878662,4.199999966658652e-05,0.02732229046523571,0.9918259978294373,0.9346155524253845,0.991314709186554,0.9248172640800476,0.998272716999054,0.9382874369621277,0.988319456577301,0.8882558345794678,0.9769197106361389,0.8301920890808105,0.034186311066150665,0.9912201166152954,0.8983075618743896,0.985440731048584,0.8798125982284546
44,0.9991560578346252,0.9728031754493713,0.9943565130233765,0.9512500762939453,0.9887806177139282,0.9130432605743408,2.099999983329326e-05,0.020904336124658585,0.994544267654419,0.9549571871757507,0.9941765069961548,0.9504274129867554,0.998441755771637,0.955525279045105,0.9894697070121765,0.9215806722640991,0.9791663289070129,0.8609553575515747,0.03144602105021477,0.9907400608062744,0.9328120350837708,0.98820960521698,0.9148088693618774
45,0.9993991851806641,0.9812020063400269,0.9959182143211365,0.9664855003356934,0.9918720126152039,0.9359011650085449,2.099999983329326e-05,0.017511727288365364,0.9959751963615417,0.9664891958236694,0.9958641529083252,0.9670944809913635,0.9985144138336182,0.9476680159568787,0.9898310899734497,0.9055047631263733,0.9798755645751953,0.8385769128799438,0.030213158577680588,0.9889191389083862,0.940395176410675,0.9907510876655579,0.8850198984146118
46,0.9994719624519348,0.9750198125839233,0.9964792728424072,0.9535611867904663,0.9929845333099365,0.9217256903648376,2.099999983329326e-05,0.01617845706641674,0.9965274333953857,0.9574797749519348,0.9964321851730347,0.9520859718322754,0.998453676700592,0.956082284450531,0.9896966814994812,0.9224681854248047,0.9796150326728821,0.862296462059021,0.030749395489692688,0.9924783110618591,0.9183956980705261,0.9869371056556702,0.929745614528656
47,0.9994510412216187,0.974026083946228,0.9962634444236755,0.9517890214920044,0.9925580620765686,0.919461190700531,2.099999983329326e-05,0.016118234023451805,0.9963975548744202,0.9575049877166748,0.9961335062980652,0.9499993920326233,0.9984997510910034,0.9534974098205566,0.9899703860282898,0.9170246124267578,0.9801477193832397,0.8559797406196594,0.0304692555218935,0.9892024993896484,0.9166349768638611,0.990743100643158,0.9205834865570068
48,0.9994909763336182,0.976961076259613,0.9965964555740356,0.9573255777359009,0.9932180047035217,0.9280479550361633,2.099999983329326e-05,0.015307128429412842,0.9966912269592285,0.956443727016449,0.9965044260025024,0.9588776230812073,0.9984893798828125,0.9599741101264954,0.9899205565452576,0.9300278425216675,0.9800478219985962,0.8728500604629517,0.030727801844477654,0.9908403158187866,0.9117786884307861,0.9890058636665344,0.9498295783996582
49,0.9995133280754089,0.9790896773338318,0.9967129230499268,0.961465060710907,0.9934503436088562,0.9284116625785828,2.099999983329326e-05,0.014858352020382881,0.996782660484314,0.9565432667732239,0.9966465830802917,0.9695017337799072,0.9985430836677551,0.9364454746246338,0.9901236891746521,0.8827672004699707,0.9804463982582092,0.8227629065513611,0.029312990605831146,0.9907483458518982,0.8993037343025208,0.989505410194397,0.8730139136314392
50,0.9995187520980835,0.9778683185577393,0.9967774748802185,0.9589592218399048,0.9935775995254517,0.9317683577537537,2.099999983329326e-05,0.01445094309747219,0.9968533515930176,0.9617683291435242,0.9967032074928284,0.9575050473213196,0.9984634518623352,0.9569108486175537,0.9895920753479004,0.9242295026779175,0.9794087409973145,0.8640471696853638,0.030975190922617912,0.9927798509597778,0.940781831741333,0.9864329695701599,0.915547251701355
51,0.9994493126869202,0.9676284193992615,0.9963099956512451,0.9389467835426331,0.9926506280899048,0.9116429686546326,2.099999983329326e-05,0.015332235023379326,0.9963409304618835,0.944105327129364,0.9962823390960693,0.9360113739967346,0.9984427094459534,0.9565730094909668,0.9893558025360107,0.923790693283081,0.9789448380470276,0.8623891472816467,0.03153439238667488,0.9921800494194031,0.9180641770362854,0.9865535497665405,0.9316008687019348
52,0.9994929432868958,0.979899525642395,0.9965429902076721,0.9632570147514343,0.9931125044822693,0.9330121874809265,2.099999983329326e-05,0.014454969204962254,0.9966282844543457,0.9617918133735657,0.9964604377746582,0.9695537090301514,0.9984777569770813,0.9521588087081909,0.9896969795227051,0.9146205186843872,0.9796106815338135,0.8493151068687439,0.03136545047163963,0.9885278940200806,0.9542155265808105,0.9908749461174011,0.8861830234527588
53,0.9994555115699768,0.9717589616775513,0.9963670372962952,0.9471508264541626,0.9927629828453064,0.9181684255599976,2.099999983329326e-05,0.014682182110846043,0.9964070916175842,0.9492879509925842,0.9963307976722717,0.9468816518783569,0.998461902141571,0.9561263918876648,0.989264965057373,0.9229877591133118,0.9787695407867432,0.8636608719825745,0.030957574024796486,0.9897592663764954,0.9460080862045288,0.9887768626213074,0.9064235091209412
54,0.9996200799942017,0.9752436876296997,0.9974908232688904,0.9529968500137329,0.9949959516525269,0.9290748834609985,1.049999991664663e-05,0.0124268289655447,0.9975730180740356,0.9525468349456787,0.9974103569984436,0.9540919661521912,0.9986068606376648,0.9575092196464539,0.9905420541763306,0.924476683139801,0.9812728762626648,0.8650874495506287,0.02848696894943714,0.9905940294265747,0.9376651644706726,0.9904944896697998,0.916026771068573
55,0.9997063279151917,0.9881439805030823,0.9980323910713196,0.9782556891441345,0.9960739612579346,0.9579740762710571,1.049999991664663e-05,0.01122228242456913,0.9980723857879639,0.9759396910667419,0.9979931116104126,0.9810426831245422,0.9986160397529602,0.9548133015632629,0.9906556010246277,0.9189709424972534,0.9814913868904114,0.8587357401847839,0.02819846384227276,0.9911162853240967,0.9374194145202637,0.9901988506317139,0.9105179309844971
56,0.9997384548187256,0.9864444136619568,0.9982495307922363,0.9746394157409668,0.9965060949325562,0.9550942182540894,1.049999991664663e-05,0.010698391124606133,0.9983322024345398,0.9791289567947388,0.9981673955917358,0.9750173091888428,0.9985970854759216,0.9627639055252075,0.990489661693573,0.9350384473800659,0.9811630249023438,0.882601797580719,0.02876618131995201,0.9912175536155701,0.9432713389396667,0.9897661805152893,0.9310495853424072
57,0.9997586011886597,0.9889208078384399,0.9983963966369629,0.9794453382492065,0.9967986345291138,0.9610379934310913,1.049999991664663e-05,0.010330289602279663,0.9984332919120789,0.9816091656684875,0.9983599781990051,0.9785708785057068,0.9985952973365784,0.9612526893615723,0.9906278252601624,0.9318776726722717,0.9814347624778748,0.8774474859237671,0.02879846841096878,0.9905967712402344,0.9376408457756042,0.9906622171401978,0.9306779503822327
58,0.9997583031654358,0.9842571020126343,0.9983872175216675,0.9701266288757324,0.9967806935310364,0.9515760540962219,1.049999991664663e-05,0.010121188126504421,0.9984474778175354,0.9664718508720398,0.9983280301094055,0.9743701815605164,0.9985586404800415,0.9373281002044678,0.9901449680328369,0.8845113515853882,0.9804893732070923,0.8275931477546692,0.02955015003681183,0.9919548630714417,0.8814749717712402,0.9883484840393066,0.8918814659118652
59,0.9997479319572449,0.9888167381286621,0.9982843995094299,0.9793493151664734,0.9965757727622986,0.960252583026886,1.049999991664663e-05,0.010229397565126419,0.9983478784561157,0.9761540293693542,0.998221755027771,0.9832914471626282,0.9985705614089966,0.9609653949737549,0.9904528856277466,0.9314777255058289,0.9810903072357178,0.8763144016265869,0.029302798211574554,0.9911606311798096,0.9266149401664734,0.9897493124008179,0.9393602013587952
60,0.9997390508651733,0.9893120527267456,0.9982627630233765,0.9803615808486938,0.9965329170227051,0.9619736671447754,1.049999991664663e-05,0.010181332007050514,0.9983124732971191,0.9786469340324402,0.9982141256332397,0.9826396703720093,0.9985528588294983,0.9601110816001892,0.9901585578918457,0.9300634264945984,0.9805169701576233,0.8757421970367432,0.030502691864967346,0.9902798533439636,0.9313775897026062,0.9900432825088501,0.9319498538970947
61,0.9997606873512268,0.9801167249679565,0.9984104037284851,0.9618224501609802,0.9968269467353821,0.9446718096733093,1.049999991664663e-05,0.009727577678859234,0.9984967708587646,0.9611179232597351,0.998324990272522,0.962810218334198,0.9985522627830505,0.9605144262313843,0.9901741743087769,0.9308547973632812,0.9805486798286438,0.876070499420166,0.030011380091309547,0.9909904599189758,0.928449273109436,0.9893690347671509,0.9364442229270935
62,0.9998214840888977,0.987149715423584,0.9987912178039551,0.975508451461792,0.9975855946540833,0.9619319438934326,5.249999958323315e-06,0.00888311117887497,0.9988349676132202,0.9748473167419434,0.9987477660179138,0.9765346646308899,0.9986053705215454,0.9588028192520142,0.9904956817626953,0.9271098971366882,0.9811770915985107,0.8711349368095398,0.029088720679283142,0.9911523461341858,0.935901939868927,0.9898442029953003,0.921047568321228
63,0.9998419284820557,0.9884020090103149,0.9989475011825562,0.977855920791626,0.9978978037834167,0.9662248492240906,5.249999958323315e-06,0.008579832501709461,0.9989604949951172,0.9782578945159912,0.9989349246025085,0.9776654839515686,0.9985983371734619,0.9569271206855774,0.9904115200042725,0.923442542552948,0.9810120463371277,0.8663406372070312,0.029295019805431366,0.9903832077980042,0.9324090480804443,0.9904455542564392,0.9197641015052795
64,0.9998525977134705,0.9925518035888672,0.9989921450614929,0.9861109852790833,0.9979875683784485,0.9729676246643066,5.249999958323315e-06,0.00840680580586195,0.999019980430603,0.9845247864723206,0.9989655017852783,0.988101601600647,0.9986358880996704,0.9635310173034668,0.9907498955726624,0.9363120198249817,0.9816749691963196,0.8849185109138489,0.028630468994379044,0.991914689540863,0.9435567259788513,0.989591658115387,0.9332509636878967
65,0.9998517036437988,0.9876333475112915,0.9990190863609314,0.9762478470802307,0.9980409145355225,0.9633113145828247,5.249999958323315e-06,0.008271617814898491,0.9990556240081787,0.9739943146705627,0.9989830851554871,0.9787983894348145,0.9986132979393005,0.9591168761253357,0.9906208515167236,0.9276131987571716,0.9814243316650391,0.8723458647727966,0.029085855931043625,0.9908800721168518,0.9387854933738708,0.9903656840324402,0.9202213287353516
66,0.999861478805542,0.9922725558280945,0.9990574717521667,0.985487699508667,0.998117208480835,0.9718670845031738,5.249999958323315e-06,0.008127913810312748,0.999070942401886,0.9838308691978455,0.9990440607070923,0.987636923789978,0.9986129999160767,0.9584386348724365,0.9906775951385498,0.9261999726295471,0.9815308451652527,0.8704267144203186,0.029322564601898193,0.9908567667007446,0.9294455051422119,0.990501880645752,0.9269225597381592
67,0.9998754262924194,0.989810049533844,0.9991618990898132,0.9804580807685852,0.9983258843421936,0.9712305665016174,5.249999958323315e-06,0.007791312877088785,0.9992102980613708,0.9794054627418518,0.9991136193275452,0.9816600680351257,0.9986117482185364,0.9555566906929016,0.9904288649559021,0.920684814453125,0.981045663356781,0.8622708916664124,0.029267268255352974,0.9910268187522888,0.9213168621063232,0.9898355007171631,0.9237008690834045
68,0.9998663067817688,0.994077205657959,0.999129056930542,0.9890254139900208,0.9982602596282959,0.9784889817237854,5.249999958323315e-06,0.007784540764987469,0.9991822838783264,0.9875359535217285,0.9990761280059814,0.9907360672950745,0.9986310005187988,0.9415582418441772,0.9908877015113831,0.8922287821769714,0.9819461107254028,0.8392627239227295,0.029286403208971024,0.9913480877876282,0.901487410068512,0.9904296398162842,0.8866513967514038
69,0.999864399433136,0.9936468601226807,0.999076783657074,0.988216757774353,0.9981563091278076,0.9769293069839478,5.249999958323315e-06,0.007866863161325455,0.999076783657074,0.9872244000434875,0.999077320098877,0.9894948601722717,0.9986096024513245,0.9404232501983643,0.9906575679779053,0.890188992023468,0.9814924001693726,0.836448073387146,0.029383648186922073,0.9913774728775024,0.8928347229957581,0.9899439811706543,0.8926238417625427
70,0.9998852610588074,0.9893314838409424,0.9992111921310425,0.9794521927833557,0.9984245300292969,0.9692906737327576,2.6249999791616574e-06,0.007489356212317944,0.9992386698722839,0.9779784679412842,0.9991839528083801,0.9810861349105835,0.9986193776130676,0.9618446230888367,0.9905948638916016,0.9330945014953613,0.9813730120658875,0.879794180393219,0.029444368556141853,0.9910664558410645,0.9330019950866699,0.9901283979415894,0.936358630657196
71,0.9999008774757385,0.9945535063743591,0.9993383288383484,0.9897689819335938,0.9986773729324341,0.9800076484680176,2.6249999791616574e-06,0.007228436879813671,0.9993689060211182,0.9897595047950745,0.9993071556091309,0.9900532364845276,0.9986172318458557,0.9555711150169373,0.9906798005104065,0.9204627275466919,0.9815424084663391,0.8639354705810547,0.029445987194776535,0.9907703995704651,0.9202761650085449,0.9905929565429688,0.9246542453765869
72,0.999891996383667,0.9951747059822083,0.9992842078208923,0.9910651445388794,0.9985698461532593,0.9824264049530029,2.6249999791616574e-06,0.00724914250895381,0.9993313550949097,0.991512656211853,0.9992370009422302,0.9907224178314209,0.998606264591217,0.945116400718689,0.9906015992164612,0.8996309041976929,0.9813855886459351,0.8519412279129028,0.029842717573046684,0.9910171627998352,0.9006849527359009,0.9901893138885498,0.9013062119483948
73,0.9999064803123474,0.9892850518226624,0.9993615746498108,0.9792084693908691,0.9987249970436096,0.9693990349769592,2.6249999791616574e-06,0.007062045391649008,0.999356210231781,0.9801804423332214,0.9993670582771301,0.9789838194847107,0.9986230731010437,0.9594314098358154,0.9905480742454529,0.9283146858215332,0.9812816381454468,0.8726966977119446,0.029721496626734734,0.9903430342674255,0.9304541945457458,0.9907568097114563,0.9301812648773193
74,0.9999098181724548,0.9950506091117859,0.9993976354598999,0.9907035231590271,0.9987967014312744,0.9817178845405579,2.6249999791616574e-06,0.0069312225095927715,0.9993953704833984,0.9897572994232178,0.9994008541107178,0.9917661547660828,0.9986300468444824,0.9590159058570862,0.9905458688735962,0.9274861216545105,0.9812788367271423,0.871177613735199,0.02930786833167076,0.9909106492996216,0.9315085411071777,0.9901867508888245,0.9270033240318298
75,0.9999105334281921,0.9957093596458435,0.999399721622467,0.9920195937156677,0.9988000988960266,0.9843727350234985,1.3124999895808287e-06,0.006901466753333807,0.9993950128555298,0.9921198487281799,0.9994038343429565,0.9919668436050415,0.9985830783843994,0.957564115524292,0.9904385209083557,0.9246894717216492,0.9810671210289001,0.8682050108909607,0.03042389452457428,0.9906043410301208,0.9244257211685181,0.990277111530304,0.9307003617286682
76,0.9999148845672607,0.9906352758407593,0.9994411468505859,0.9818294048309326,0.9988834857940674,0.9740800261497498,1.3124999895808287e-06,0.006833694409579039,0.9994856119155884,0.9801309704780579,0.9993969798088074,0.9838165044784546,0.9986459612846375,0.962444007396698,0.990675151348114,0.9342125654220581,0.9815307855606079,0.8821495175361633,0.029430659487843513,0.9907826781272888,0.940903902053833,0.9905723333358765,0.9305238127708435
77,0.9999297261238098,0.9954310059547424,0.9995326995849609,0.991330087184906,0.9990656971931458,0.9832671880722046,1.3124999895808287e-06,0.006556681357324123,0.9995645880699158,0.9893589615821838,0.9995003342628479,0.9937143921852112,0.9985970854759216,0.9644854664802551,0.9907743334770203,0.9381964206695557,0.9817227125167847,0.8889824151992798,0.03009718842804432,0.9911008477210999,0.9414522051811218,0.9904524087905884,0.9374078512191772
78,0.999916136264801,0.994682252407074,0.9994560480117798,0.9899078607559204,0.9989132881164551,0.9808545112609863,1.3124999895808287e-06,0.006735556293278933,0.9994819760322571,0.9907451868057251,0.9994304776191711,0.9900047183036804,0.9986303448677063,0.9616461992263794,0.9906429052352905,0.932649552822113,0.981465220451355,0.8794967532157898,0.02980479784309864,0.9907608032226562,0.937920093536377,0.9905286431312561,0.930253803730011
79,0.9999297857284546,0.9907804727554321,0.9995241761207581,0.9820369482040405,0.9990488290786743,0.974724531173706,1.3124999895808287e-06,0.00654498441144824,0.9995437860488892,0.9822191596031189,0.9995043873786926,0.9820488691329956,0.9986199736595154,0.9592693448066711,0.9905962944030762,0.9279422760009766,0.9813777208328247,0.8727586269378662,0.0297047421336174,0.990928053855896,0.9294379353523254,0.9902681112289429,0.9313600659370422
80,0.9999285936355591,0.9906197190284729,0.9995097517967224,0.9817298650741577,0.999019980430603,0.9738403558731079,1.3124999895808287e-06,0.006520411465317011,0.999508261680603,0.980112612247467,0.9995111227035522,0.9834468364715576,0.9986074566841125,0.963782548904419,0.9906937479972839,0.9368711709976196,0.9815641045570374,0.8868969082832336,0.03031257353723049,0.9912978410720825,0.9417241811752319,0.9900950789451599,0.9346005320549011
81,0.9999146461486816,0.990159809589386,0.999431312084198,0.980887770652771,0.998863935470581,0.9722175002098083,1.3124999895808287e-06,0.006674750242382288,0.99945467710495,0.9799577593803406,0.9994083642959595,0.9821199774742126,0.9986218214035034,0.9645372629165649,0.9908736944198608,0.9382010102272034,0.9819183349609375,0.888898491859436,0.029437297955155373,0.9916422367095947,0.9411159753799438,0.9901096820831299,0.9380781650543213
82,0.9999168515205383,0.9940258264541626,0.9994285702705383,0.9886229634284973,0.9988582134246826,0.9787966012954712,1.3124999895808287e-06,0.006630632095038891,0.9994443655014038,0.9917140007019043,0.9994127750396729,0.9869648814201355,0.9986081123352051,0.9597091674804688,0.9905171394348145,0.9289010763168335,0.9812200665473938,0.8735071420669556,0.030252933502197266,0.9904417991638184,0.934166431427002,0.9905978441238403,0.9274844527244568
83,0.999931812286377,0.9914045929908752,0.999549388885498,0.9832599759101868,0.9990997314453125,0.9766978621482849,9.999999974752427e-07,0.006354758515954018,0.9995733499526978,0.9825676083564758,0.999525785446167,0.9840202927589417,0.9986422657966614,0.9592506885528564,0.9905940890312195,0.92790687084198,0.9813758730888367,0.8729488253593445,0.02940680831670761,0.9909148216247559,0.9373263716697693,0.9902757406234741,0.9233957529067993
84,0.9999250769615173,0.9954217672348022,0.9994839429855347,0.9913597106933594,0.9989684820175171,0.9831291437149048,9.999999974752427e-07,0.006544448900967836,0.9994778633117676,0.9901763796806335,0.9994902014732361,0.9927911162376404,0.998614490032196,0.9588487148284912,0.9906659126281738,0.9270316362380981,0.9815084338188171,0.8706028461456299,0.0301529411226511,0.9907563924789429,0.9321767687797546,0.9905787706375122,0.9258240461349487
85,0.9999268054962158,0.9907103180885315,0.9995046854019165,0.9819158315658569,0.9990105628967285,0.9743570685386658,9.999999974752427e-07,0.006418762728571892,0.9995331764221191,0.9811553955078125,0.9994763135910034,0.9827218055725098,0.9986108541488647,0.9452530741691589,0.9907180666923523,0.8997879028320312,0.9816158413887024,0.8520042896270752,0.03012700006365776,0.9909728765487671,0.9069311618804932,0.9904691576957703,0.8957118391990662
86,0.9999264478683472,0.995029091835022,0.9994956851005554,0.9905626177787781,0.9989922046661377,0.9818245768547058,9.999999974752427e-07,0.006345766130834818,0.99950110912323,0.9882152676582336,0.9994903802871704,0.9933978915214539,0.9986343383789062,0.9590105414390564,0.9906111359596252,0.9274099469184875,0.9814021587371826,0.8728349804878235,0.029825426638126373,0.9914363026618958,0.9228949546813965,0.9897920489311218,0.9385486841201782
87,0.9999284148216248,0.996482253074646,0.9995080828666687,0.9934561252593994,0.9990171194076538,0.9870768189430237,9.999999974752427e-07,0.006356098689138889,0.9995328783988953,0.9928669929504395,0.9994834661483765,0.9941102862358093,0.9986435174942017,0.9606361985206604,0.9905627369880676,0.9307096600532532,0.9813117980957031,0.8775594830513,0.02994357980787754,0.9906608462333679,0.928740918636322,0.9904675483703613,0.9393482804298401
88,0.999928891658783,0.9861208200454712,0.9995274543762207,0.9727141857147217,0.999055802822113,0.9657206535339355,9.999999974752427e-07,0.006290948949754238,0.9995730519294739,0.9721429347991943,0.999482274055481,0.9734606742858887,0.9986425638198853,0.957528293132782,0.9908357858657837,0.9242210388183594,0.9818450212478638,0.8659586906433105,0.02917395532131195,0.9907605051994324,0.9360226988792419,0.9909136891365051,0.9160044193267822
89,0.9999265074729919,0.9905678629875183,0.9995138645172119,0.9816216826438904,0.9990288019180298,0.9739076495170593,9.999999974752427e-07,0.006289783865213394,0.9995119571685791,0.9803199172019958,0.9995160102844238,0.9829933047294617,0.9986206293106079,0.9592596292495728,0.9902327060699463,0.928286612033844,0.980679988861084,0.873700737953186,0.03013501688838005,0.9909491539001465,0.9298534393310547,0.9895234107971191,0.9310257434844971
90,0.9999324679374695,0.9958446621894836,0.9995468258857727,0.9921419620513916,0.9990942478179932,0.9846257567405701,9.999999974752427e-07,0.006201507989317179,0.9995981454849243,0.9900736808776855,0.9994958639144897,0.9944252967834473,0.9986270070075989,0.9630052447319031,0.9908394813537598,0.9351710677146912,0.9818513989448547,0.8840672969818115,0.029788391664624214,0.9909443855285645,0.9405763745307922,0.9907381534576416,0.9322630167007446
91,0.9999358654022217,0.9964439868927002,0.9995620846748352,0.9933257102966309,0.9991241693496704,0.9868866801261902,9.999999974752427e-07,0.006166799459606409,0.999571681022644,0.993248701095581,0.9995522499084473,0.993489682674408,0.9986150860786438,0.9618119597434998,0.9907013177871704,0.9329228401184082,0.9815824627876282,0.8798725008964539,0.03005620278418064,0.9907070994377136,0.9366137981414795,0.9906995892524719,0.931769847869873
92,0.9999432563781738,0.9970147609710693,0.9996221661567688,0.9944081902503967,0.9992443919181824,0.9889439344406128,9.999999974752427e-07,0.005962474271655083,0.9996341466903687,0.99285489320755,0.9996103644371033,0.9960317015647888,0.9986004829406738,0.9582216739654541,0.9907590746879578,0.9256845116615295,0.9816957712173462,0.8686556220054626,0.030435509979724884,0.9912220239639282,0.9313617944717407,0.9902985095977783,0.9239984750747681
93,0.9999323487281799,0.9912322163581848,0.9995572566986084,0.9829080700874329,0.9991149306297302,0.976236879825592,9.999999974752427e-07,0.006093179807066917,0.9995623826980591,0.9815564751625061,0.9995521306991577,0.9843547344207764,0.9986123442649841,0.9640974998474121,0.9906574487686157,0.9375375509262085,0.9814937710762024,0.8879549503326416,0.030362067744135857,0.9916106462478638,0.9416338205337524,0.9897093176841736,0.9361664652824402
94,0.9999352097511292,0.9962573051452637,0.9995541572570801,0.9929611086845398,0.9991089105606079,0.9861290454864502,9.999999974752427e-07,0.006006143521517515,0.9995685815811157,0.9915847182273865,0.9995396137237549,0.994427502155304,0.9986404180526733,0.9649526476860046,0.9908695816993713,0.9390352368354797,0.981910228729248,0.8908178806304932,0.029994964599609375,0.9912879467010498,0.9452755451202393,0.9904540181159973,0.935624897480011
95,0.9999303221702576,0.9888808727264404,0.9995478987693787,0.9782134890556335,0.9990969300270081,0.9699464440345764,9.999999974752427e-07,0.0060070413164794445,0.9995723962783813,0.9821875095367432,0.999523937702179,0.9776273369789124,0.9985852241516113,0.9612510800361633,0.9906117916107178,0.9318904876708984,0.9814057946205139,0.8781129717826843,0.030412934720516205,0.9914354085922241,0.9297588467597961,0.9897943139076233,0.9373527765274048
96,0.9999375343322754,0.9963054060935974,0.9995812177658081,0.9930299520492554,0.9991629123687744,0.9862850308418274,9.999999974752427e-07,0.005985679570585489,0.9995900988578796,0.9920591711997986,0.9995725154876709,0.9940788745880127,0.9986242651939392,0.9612195491790771,0.9907978773117065,0.9316413402557373,0.981770932674408,0.8780391216278076,0.03036375343799591,0.9909917712211609,0.9404285550117493,0.9906083941459656,0.9259453415870667
97,0.9999483227729797,0.9965232610702515,0.999656617641449,0.9933903217315674,0.9993131756782532,0.987114429473877,9.999999974752427e-07,0.005716782063245773,0.9996896386146545,0.9937776923179626,0.9996235370635986,0.9932098388671875,0.9986383318901062,0.9642009139060974,0.9908621907234192,0.9375395774841309,0.981894314289093,0.8879584670066833,0.03007659502327442,0.9907045960426331,0.946411669254303,0.9910231828689575,0.9314362406730652
0,0.9320902824401855,0.41781550645828247,0.7755982279777527,0.060032907873392105,0.6620297431945801,0.037347033619880676,4.199999966658652e-05,0.808967649936676,0.7317964434623718,0.19754457473754883,0.884596049785614,0.05157752335071564,0.28100889921188354,0.08417563140392303,0.1683512181043625,4.6444188939176456e-08,0.092058926820755,4.6444188939176456e-08,2.7876107692718506,0.092058926820755,0.0,1.0,0.0
1,0.9871269464492798,0.6355322599411011,0.9156280755996704,0.3554362952709198,0.8451707363128662,0.2559964656829834,4.199999966658652e-05,0.4800242483615875,0.9084535241127014,0.5920424461364746,0.92657071352005,0.2878357172012329,0.878875732421875,0.19586966931819916,0.391739159822464,1.5804614861281152e-07,0.2449587881565094,1.5804614861281152e-07,1.315892219543457,0.3137302100658417,0.0,0.5393588542938232,0.0
2,0.9908491373062134,0.7675950527191162,0.939226508140564,0.595963716506958,0.8857972025871277,0.4644472599029541,4.199999966658652e-05,0.4375671446323395,0.9328531622886658,0.7483529448509216,0.9472540020942688,0.5347751379013062,0.919327974319458,0.2219277024269104,0.4438553750514984,5.5069314441880124e-08,0.28666239976882935,5.5069314441880124e-08,0.8338055610656738,0.4623027443885803,0.0,0.43313175439834595,0.0
3,0.992533266544342,0.8060166239738464,0.9497921466827393,0.662241518497467,0.9046509265899658,0.5324728488922119,4.199999966658652e-05,0.4167225658893585,0.9451947808265686,0.7681295275688171,0.9558254480361938,0.6169979572296143,0.9358517527580261,0.3326590359210968,0.6653180122375488,6.783573525126485e-08,0.50104159116745,6.783573525126485e-08,0.7729748487472534,0.5357728600502014,0.0,0.8867590427398682,0.0
4,0.993483304977417,0.8215755224227905,0.9571630954742432,0.685988187789917,0.9179448485374451,0.5605577826499939,4.199999966658652e-05,0.40418747067451477,0.9541552066802979,0.7739707827568054,0.9608347415924072,0.6499704718589783,0.9688543677330017,0.456704318523407,0.7984752058982849,0.11493336409330368,0.6656036972999573,0.07991763204336166,0.5509829521179199,0.7631799578666687,0.22736278176307678,0.8425366282463074,0.08230610936880112
5,0.9941127896308899,0.8583139777183533,0.9608251452445984,0.7558027505874634,0.9247257113456726,0.6305658221244812,4.199999966658652e-05,0.39521652460098267,0.9576566815376282,0.8230583071708679,0.9647586345672607,0.7211255431175232,0.9860439896583557,0.6336653828620911,0.9071974158287048,0.36013340950012207,0.8306156992912292,0.25285112857818604,0.4457603394985199,0.8809593319892883,0.6272334456443787,0.9357211589813232,0.27856045961380005
6,0.9948293566703796,0.853913426399231,0.9656429886817932,0.7421836853027344,0.9336807727813721,0.6163657903671265,4.199999966658652e-05,0.38766804337501526,0.9634947776794434,0.8271813988685608,0.9683499336242676,0.7041088342666626,0.9907540678977966,0.8158577084541321,0.938962459564209,0.6927528977394104,0.8853121995925903,0.5534635782241821,0.4146469235420227,0.9151339530944824,0.6103647351264954,0.9646248817443848,0.8215491771697998
7,0.9951145648956299,0.8724430203437805,0.9675012826919556,0.7773845791816711,0.9371656775474548,0.6608420610427856,4.199999966658652e-05,0.38253074884414673,0.9656840562820435,0.8350676894187927,0.9698465466499329,0.7506580352783203,0.995430588722229,0.8779452443122864,0.9693492650985718,0.7865408062934875,0.9405510425567627,0.6719788312911987,0.38027113676071167,0.980329692363739,0.770626425743103,0.9587165117263794,0.8196222186088562
8,0.9959916472434998,0.89747154712677,0.9734027981758118,0.8215402960777283,0.9482407569885254,0.7131445407867432,4.199999966658652e-05,0.3757893741130829,0.9718239307403564,0.8567003011703491,0.9752861857414246,0.8031907081604004,0.9959588646888733,0.8943266868591309,0.9722445011138916,0.8164090514183044,0.9460336565971375,0.6939694881439209,0.3743433356285095,0.9792047142982483,0.7677827477455139,0.9654295444488525,0.8855928182601929
9,0.9960967898368835,0.8928093910217285,0.9739630222320557,0.81165611743927,0.9492943286895752,0.7047686576843262,4.199999966658652e-05,0.3728095293045044,0.9724821448326111,0.8499881625175476,0.9757316708564758,0.7952017784118652,0.9957946538925171,0.8901647925376892,0.972083568572998,0.8082460165023804,0.9457347393035889,0.6901272535324097,0.3730257749557495,0.9706301689147949,0.8067071437835693,0.9736477136611938,0.8308960795402527
10,0.9963106513023376,0.8914301991462708,0.9753283858299255,0.8075315952301025,0.9519034028053284,0.7072756290435791,4.199999966658652e-05,0.3700133264064789,0.9738496541976929,0.8388038873672485,0.9770864248275757,0.7890410423278809,0.9958416819572449,0.9098657369613647,0.9724577069282532,0.847273588180542,0.9464114308357239,0.7389187812805176,0.37144073843955994,0.9592435359954834,0.8442750573158264,0.9860948920249939,0.8560327291488647
11,0.9965152144432068,0.9091091752052307,0.9766944050788879,0.8415241837501526,0.9545202851295471,0.7366674542427063,4.199999966658652e-05,0.3673876225948334,0.9749748110771179,0.8679100275039673,0.9787477254867554,0.8286857604980469,0.9963488578796387,0.9086338877677917,0.9753372073173523,0.8419304490089417,0.9518852829933167,0.7344807982444763,0.36659470200538635,0.9890304803848267,0.8540334105491638,0.9620546102523804,0.8386273384094238
12,0.9970586895942688,0.9231935739517212,0.9804238677024841,0.8659630417823792,0.9616351127624512,0.7699555158615112,4.199999966658652e-05,0.36364731192588806,0.9795389771461487,0.8867051005363464,0.9814286828041077,0.8528285026550293,0.9968173503875732,0.9220021963119507,0.9784820079803467,0.8655223846435547,0.9578942060470581,0.767416775226593,0.36457759141921997,0.9692171216011047,0.8563229441642761,0.9879438281059265,0.8781871795654297
13,0.9972253441810608,0.9112282395362854,0.9815934896469116,0.8408622145652771,0.9638750553131104,0.7511427998542786,4.199999966658652e-05,0.36158061027526855,0.9810473918914795,0.8582888245582581,0.9822518229484558,0.8351182341575623,0.9971520900726318,0.9299288392066956,0.9808409214019775,0.879016637802124,0.9624217748641968,0.7868225574493408,0.36134830117225647,0.9834425449371338,0.8681660294532776,0.9782770276069641,0.8934121131896973
14,0.9971046447753906,0.9175513982772827,0.9807460904121399,0.8543564677238464,0.9622564911842346,0.7688743472099304,4.199999966658652e-05,0.3609921336174011,0.9800712466239929,0.8645229935646057,0.9815971851348877,0.8500333428382874,0.9969732761383057,0.9171227812767029,0.9791207313537598,0.8551248908042908,0.9592069983482361,0.756757915019989,0.36071547865867615,0.9762494564056396,0.8544946312904358,0.9821579456329346,0.8654915690422058
15,0.9974262714385986,0.9186699390411377,0.9827439785003662,0.854595959186554,0.9661004543304443,0.7715124487876892,4.199999966658652e-05,0.3586288392543793,0.9816735982894897,0.8751917481422424,0.9839054346084595,0.8435422778129578,0.9973281621932983,0.9113267660140991,0.9821888208389282,0.8404644131660461,0.9650164842605591,0.7530786395072937,0.3577171564102173,0.9849681258201599,0.8896582126617432,0.97944176197052,0.8065496683120728
16,0.9975185990333557,0.9310653209686279,0.9834238290786743,0.8787073493003845,0.9674167633056641,0.8000160455703735,4.199999966658652e-05,0.3573608100414276,0.9828437566757202,0.8843955993652344,0.9841033816337585,0.8774147629737854,0.9973037838935852,0.9277117252349854,0.981351912021637,0.874071478843689,0.9634249806404114,0.7816802859306335,0.3574850857257843,0.9900213479995728,0.8607791066169739,0.972887396812439,0.8944414258003235
17,0.9976041913032532,0.925416886806488,0.9840668439865112,0.8667665123939514,0.9686539173126221,0.7848583459854126,4.199999966658652e-05,0.3562009036540985,0.9834352731704712,0.886589527130127,0.984771728515625,0.8562297224998474,0.9972735643386841,0.9412654638290405,0.9820494651794434,0.9004814028739929,0.9647446274757385,0.8203026056289673,0.35573649406433105,0.9855272173881531,0.9150946140289307,0.9786188006401062,0.8893001079559326
18,0.9976626634597778,0.9334068298339844,0.9843927621841431,0.8824211359024048,0.9692842960357666,0.8085405230522156,4.199999966658652e-05,0.3553188443183899,0.9838345050811768,0.889865517616272,0.9850406050682068,0.8812923431396484,0.9973831176757812,0.9409472942352295,0.9822805523872375,0.8996140360832214,0.9651905298233032,0.8191112279891968,0.355991005897522,0.9860487580299377,0.9069801568984985,0.9785606265068054,0.8949359655380249
19,0.9976890683174133,0.9287974834442139,0.9846049547195435,0.8729898929595947,0.9696922302246094,0.7947145104408264,4.199999966658652e-05,0.3544773459434509,0.9843049645423889,0.8912193179130554,0.9849687218666077,0.8684131503105164,0.9975335597991943,0.9187256097793579,0.9831264019012451,0.8543246388435364,0.9668334722518921,0.7743942141532898,0.35532867908477783,0.9785332679748535,0.8859636783599854,0.9877824187278748,0.8315178751945496
20,0.9978594779968262,0.9413964748382568,0.9857316613197327,0.8970612287521362,0.9718873500823975,0.8221997022628784,4.199999966658652e-05,0.3532485067844391,0.9853542447090149,0.9078555107116699,0.9861931800842285,0.8976824283599854,0.9976312518119812,0.9438523650169373,0.984122097492218,0.9035826921463013,0.9687485694885254,0.8258302211761475,0.35407719016075134,0.9816630482673645,0.8809089064598083,0.9866093397140503,0.9291196465492249
21,0.9976921081542969,0.940743625164032,0.9845336675643921,0.896953821182251,0.9695651531219482,0.8178027868270874,4.199999966658652e-05,0.35366562008857727,0.9840483665466309,0.8999947309494019,0.9851095080375671,0.8998211026191711,0.9976416230201721,0.9058287143707275,0.9843912720680237,0.8272663354873657,0.969275712966919,0.7526957988739014,0.35313862562179565,0.9869785904884338,0.7994649410247803,0.981831967830658,0.859795093536377
22,0.9980711340904236,0.9445284008979797,0.9872545003890991,0.9018024206161499,0.9748414754867554,0.8310284614562988,4.199999966658652e-05,0.351363867521286,0.986774206161499,0.9091821908950806,0.9877744317054749,0.8996517062187195,0.9975271821022034,0.9381382465362549,0.9830599427223206,0.8932167887687683,0.9666932821273804,0.8115149736404419,0.35391098260879517,0.9930511713027954,0.8988412618637085,0.9732825756072998,0.8913004994392395
23,0.9980791211128235,0.9471843838691711,0.9870663285255432,0.9073032140731812,0.9744825959205627,0.8408230543136597,4.199999966658652e-05,0.3508979082107544,0.986716091632843,0.9155011177062988,0.9875009655952454,0.9042580127716064,0.9976662993431091,0.9371060132980347,0.9841220378875732,0.8900904059410095,0.9687589406967163,0.803602397441864,0.35267317295074463,0.9897176623344421,0.8315287828445435,0.9786041378974915,0.9601159691810608
24,0.9982797503471375,0.9480843544006348,0.988564133644104,0.9076048135757446,0.9773960113525391,0.8444682955741882,4.199999966658652e-05,0.34965312480926514,0.9881350994110107,0.9215957522392273,0.9890226721763611,0.9042107462882996,0.9978024363517761,0.9323910474777222,0.9851447939872742,0.8796373009681702,0.9707356095314026,0.8129924535751343,0.35146886110305786,0.9895183444023132,0.8820942044258118,0.9808191657066345,0.8798790574073792
25,0.9983721375465393,0.9538142681121826,0.9891815781593323,0.9184461236000061,0.9786056280136108,0.853269636631012,4.199999966658652e-05,0.34894728660583496,0.9889363646507263,0.92377108335495,0.9894599318504333,0.9173098802566528,0.997733473777771,0.9052663445472717,0.9845897555351257,0.8259429931640625,0.9696594476699829,0.7541112303733826,0.3509291708469391,0.9920491576194763,0.8107225298881531,0.977256715297699,0.8488434553146362
26,0.998717725276947,0.9550684094429016,0.9914164543151855,0.9187204241752625,0.9829866886138916,0.8643032312393188,2.099999983329326e-05,0.3474516272544861,0.9910790920257568,0.9297435879707336,0.9917700886726379,0.914294421672821,0.998264491558075,0.9423484802246094,0.9882785081863403,0.8964185118675232,0.9768421053886414,0.8255606889724731,0.34897080063819885,0.9879817962646484,0.9301446676254272,0.9885804057121277,0.8867814540863037
27,0.9989023804664612,0.9672386646270752,0.9926173686981201,0.941860020160675,0.985349714756012,0.8935498595237732,2.099999983329326e-05,0.3465791940689087,0.9922327399253845,0.946963369846344,0.9930168390274048,0.9397282600402832,0.9983373880386353,0.958270251750946,0.9885733723640442,0.9279668927192688,0.977414071559906,0.866986870765686,0.3491043448448181,0.9895982146263123,0.9185640215873718,0.9875607490539551,0.9383154511451721
28,0.9989776611328125,0.9667389392852783,0.9930921196937561,0.940385639667511,0.986285388469696,0.8917491436004639,2.099999983329326e-05,0.34607070684432983,0.9928311705589294,0.9406571388244629,0.9933619499206543,0.9414858818054199,0.9982986450195312,0.9396015405654907,0.9888033270835876,0.890399694442749,0.9778618812561035,0.8312495946884155,0.3482445478439331,0.9871959090232849,0.9007688760757446,0.9904284477233887,0.8812953233718872
29,0.999005913734436,0.9692535400390625,0.9933602213859558,0.9451471567153931,0.9868125915527344,0.8993818759918213,2.099999983329326e-05,0.3458253741264343,0.9930910468101501,0.9420787692070007,0.9936395883560181,0.9502426981925964,0.9982724189758301,0.9617758393287659,0.9883714318275452,0.9351801872253418,0.977017343044281,0.8791555762290955,0.34842899441719055,0.9914409518241882,0.9528968334197998,0.9853260517120361,0.9193769693374634
30,0.9990082383155823,0.962908923625946,0.9933490753173828,0.9324687719345093,0.9867900609970093,0.8863182663917542,2.099999983329326e-05,0.34562191367149353,0.9930281639099121,0.9396833181381226,0.9936806559562683,0.9312831163406372,0.9982894659042358,0.9201918244361877,0.9883197546005249,0.8520636558532715,0.9769156575202942,0.7943477034568787,0.3483750522136688,0.9904414415359497,0.8252996802330017,0.9862129092216492,0.8818297386169434
31,0.9989786744117737,0.9557554721832275,0.9931613802909851,0.9183492064476013,0.9864223003387451,0.8638632297515869,2.099999983329326e-05,0.3455486297607422,0.9927799701690674,0.9355961680412292,0.9935523867607117,0.910338282585144,0.9981622099876404,0.9569892287254333,0.9869169592857361,0.9270613789558411,0.9741859436035156,0.8672072887420654,0.3493330478668213,0.9923166036605835,0.9146969318389893,0.9815886616706848,0.9448301196098328
32,0.9990013837814331,0.9699298143386841,0.9932529926300049,0.9466065168380737,0.9866033792495728,0.9018010497093201,2.099999983329326e-05,0.34529659152030945,0.9930828213691711,0.9461231827735901,0.9934360384941101,0.9483874440193176,0.9982416033744812,0.9552486538887024,0.9880618453025818,0.9224351644515991,0.9764131307601929,0.8586719036102295,0.34804973006248474,0.9882057905197144,0.9412536025047302,0.9879251718521118,0.9068455696105957
33,0.9990605711936951,0.97050940990448,0.9937371611595154,0.9472810626029968,0.987555980682373,0.9037085175514221,2.099999983329326e-05,0.34488287568092346,0.9935161471366882,0.9511732459068298,0.9939670562744141,0.9467833638191223,0.9983105659484863,0.9602766633033752,0.9886189103126526,0.9319347143173218,0.9774976968765259,0.8735418915748596,0.3477822542190552,0.9894105792045593,0.9296844601631165,0.9878337383270264,0.9357029795646667
34,0.9990341663360596,0.9647056460380554,0.9935104846954346,0.9359010457992554,0.9871099591255188,0.8918961882591248,2.099999983329326e-05,0.344807505607605,0.9931631684303284,0.9334052205085754,0.9938686490058899,0.9406770467758179,0.9982458353042603,0.9538148641586304,0.9881231188774109,0.9195066094398499,0.9765322208404541,0.8538967967033386,0.34784021973609924,0.9921188950538635,0.8959829211235046,0.9841668009757996,0.9475181102752686
35,0.9992321729660034,0.9753713011741638,0.9948267936706543,0.9559154510498047,0.9897101521492004,0.9192716479301453,1.049999991664663e-05,0.34408077597618103,0.9946553111076355,0.9521787166595459,0.9950039386749268,0.9643573760986328,0.9984371662139893,0.9474846720695496,0.9894378781318665,0.9055312871932983,0.9791038632392883,0.8464277386665344,0.3467770516872406,0.9877229928970337,0.9111919403076172,0.9911652207374573,0.9276972413063049
36,0.9993308186531067,0.9774415493011475,0.9955553412437439,0.9593281745910645,0.9911525249481201,0.9237571954727173,1.049999991664663e-05,0.3436606228351593,0.9953315258026123,0.9565655589103699,0.9957823157310486,0.9633641242980957,0.9985067844390869,0.9583861827850342,0.9897100925445557,0.9270619750022888,0.9796383380889893,0.8678923845291138,0.3467249572277069,0.9904428720474243,0.9116196632385254,0.9889833927154541,0.947650671005249
37,0.9993219971656799,0.9776498675346375,0.9954715967178345,0.9598274230957031,0.9909891486167908,0.9244306087493896,1.049999991664663e-05,0.34362533688545227,0.995215892791748,0.9568743109703064,0.9957316517829895,0.9641824960708618,0.9984838962554932,0.9658655524253845,0.989493727684021,0.9422375559806824,0.9792141914367676,0.8913818597793579,0.3473045229911804,0.9893548488616943,0.9458972811698914,0.9896419644355774,0.9398338198661804
38,0.9993641376495361,0.9642081260681152,0.9957169890403748,0.9326992034912109,0.991474986076355,0.8964940905570984,1.049999991664663e-05,0.34340301156044006,0.9955563545227051,0.9383002519607544,0.9958813190460205,0.9349048137664795,0.9984704852104187,0.958092451095581,0.9898397922515869,0.9263452291488647,0.979890763759613,0.8660117387771606,0.3463596701622009,0.9900676608085632,0.9172703623771667,0.9896169304847717,0.938187837600708
39,0.9993982911109924,0.9795055389404297,0.9959645867347717,0.9630457162857056,0.9919639825820923,0.9301210045814514,1.049999991664663e-05,0.3431791067123413,0.9957638382911682,0.9599587917327881,0.9961672425270081,0.9672309756278992,0.9985464215278625,0.9610471129417419,0.9899776577949524,0.9321168661117554,0.9801622033119202,0.8747484087944031,0.3466145396232605,0.9919347167015076,0.9168679714202881,0.9880340099334717,0.9503865242004395
40,0.999428391456604,0.9747501611709595,0.9961280822753906,0.9533724188804626,0.9922890663146973,0.9222095012664795,1.049999991664663e-05,0.34300291538238525,0.9959635138511658,0.9553552269935608,0.9962958693504333,0.9521983861923218,0.9985101222991943,0.9627875685691833,0.9897588491439819,0.9358162879943848,0.9797320365905762,0.8801062703132629,0.3469618856906891,0.9911679625511169,0.9124549627304077,0.9883602261543274,0.9618209004402161
41,0.9994470477104187,0.9806957244873047,0.9962591528892517,0.9651314616203308,0.9925490021705627,0.9345887899398804,1.049999991664663e-05,0.3428555727005005,0.9960439801216125,0.9641957879066467,0.9964768886566162,0.9664581418037415,0.9985342621803284,0.9251272082328796,0.9897658824920654,0.8604884147644043,0.9797510504722595,0.8095443248748779,0.3468141257762909,0.9904429912567139,0.8525017499923706,0.9890956282615662,0.8698946237564087
42,0.9994375705718994,0.9741694927215576,0.9962211847305298,0.9521172046661377,0.9924734234809875,0.9209275245666504,1.049999991664663e-05,0.34276270866394043,0.9961355328559875,0.9549219012260437,0.9963098168373108,0.9512988924980164,0.9985470771789551,0.9426078796386719,0.990274965763092,0.8949406147003174,0.9807425141334534,0.8420243263244629,0.3460039794445038,0.9912428855895996,0.8889074921607971,0.9893138408660889,0.904869019985199
43,0.999512255191803,0.9836264252662659,0.9967198371887207,0.970533549785614,0.9934640526771545,0.9438526034355164,5.249999958323315e-06,0.34249722957611084,0.9966232776641846,0.9674789309501648,0.9968174695968628,0.9741665124893188,0.9985327124595642,0.9440864324569702,0.9899863600730896,0.8981866240501404,0.9801798462867737,0.8454553484916687,0.3459550738334656,0.9884396195411682,0.9032365679740906,0.9915415048599243,0.8937294483184814
44,0.9995735287666321,0.9708407521247864,0.9971507787704468,0.9445309638977051,0.9943188428878784,0.9210708141326904,5.249999958323315e-06,0.34225404262542725,0.9969586133956909,0.9422904253005981,0.9973441362380981,0.9472284913063049,0.9985928535461426,0.9431210160255432,0.9903586506843567,0.8958835601806641,0.9809065461158752,0.847053050994873,0.3462926149368286,0.9908740520477295,0.8997910022735596,0.989846408367157,0.8936088681221008
45,0.999569833278656,0.9856087565422058,0.9971177577972412,0.9740997552871704,0.994253396987915,0.9503530263900757,5.249999958323315e-06,0.3422042727470398,0.9969584941864014,0.9739764332771301,0.9972781538963318,0.9751846194267273,0.9985647797584534,0.9531309604644775,0.9902694225311279,0.9159925580024719,0.9807325601577759,0.8547506928443909,0.34610268473625183,0.9908943772315979,0.9089754223823547,0.989650547504425,0.9372653961181641
46,0.9995638132095337,0.9802505970001221,0.9970465898513794,0.9634549021720886,0.9941136240959167,0.9401683807373047,5.249999958323315e-06,0.34220418334007263,0.9968677759170532,0.9602304100990295,0.9972270727157593,0.968567430973053,0.9985662698745728,0.9636147022247314,0.9899670481681824,0.9372625946998596,0.9801426529884338,0.8837577104568481,0.3466152846813202,0.9897741675376892,0.9302917718887329,0.9901649951934814,0.9467998743057251
47,0.9995916485786438,0.9838271141052246,0.9972522854804993,0.9704020023345947,0.9945217967033386,0.9444029927253723,5.249999958323315e-06,0.34208381175994873,0.9970648288726807,0.9703306555747986,0.9974406957626343,0.9719990491867065,0.9985818266868591,0.9470201134681702,0.9904201626777649,0.9036199450492859,0.9810276031494141,0.8541719913482666,0.345647394657135,0.9913308024406433,0.8942353129386902,0.9895145893096924,0.9145436882972717
48,0.9996316432952881,0.9804618954658508,0.9975295066833496,0.9633939266204834,0.9950729608535767,0.9395172595977783,2.6249999791616574e-06,0.34190383553504944,0.9974455833435059,0.962287187576294,0.9976142048835754,0.9655007123947144,0.9985544085502625,0.9655504822731018,0.990456759929657,0.9406440854072571,0.9810997247695923,0.8899116516113281,0.34504982829093933,0.9906588792800903,0.936118483543396,0.9902596473693848,0.947526752948761
49,0.9996362924575806,0.9824325442314148,0.9975656867027283,0.9672998189926147,0.995145857334137,0.9462093114852905,2.6249999791616574e-06,0.34186962246894836,0.9974763989448547,0.9673835635185242,0.9976550340652466,0.967507004737854,0.9985952973365784,0.9420706033706665,0.990475594997406,0.8936655521392822,0.9811378717422485,0.8458014130592346,0.34554141759872437,0.9901940822601318,0.8867334723472595,0.9907650947570801,0.9055750966072083
50,0.9996568560600281,0.9858797192573547,0.997711181640625,0.974048376083374,0.995434582233429,0.951072096824646,2.6249999791616574e-06,0.3417389988899231,0.997612476348877,0.9771301746368408,0.9978103041648865,0.9722093939781189,0.9985705614089966,0.9635075926780701,0.9903852343559265,0.9366298913955688,0.9809591174125671,0.8838772773742676,0.34539932012557983,0.9904643297195435,0.9365400671958923,0.9903090000152588,0.9428938031196594
51,0.9996589422225952,0.9866642951965332,0.9977139234542847,0.975614607334137,0.9954397082328796,0.9530775547027588,2.6249999791616574e-06,0.3417133688926697,0.997650146484375,0.9745561480522156,0.9977779984474182,0.9770320653915405,0.9985580444335938,0.9479331970214844,0.9900674223899841,0.9057990908622742,0.9803404808044434,0.858123779296875,0.34637242555618286,0.9899683594703674,0.899705171585083,0.9901723265647888,0.9130571484565735
52,0.9996809959411621,0.9841643571853638,0.9978604912757874,0.9704679250717163,0.9957308769226074,0.9521223306655884,2.6249999791616574e-06,0.34161922335624695,0.9977216124534607,0.9692394733428955,0.9979994893074036,0.9718663096427917,0.9985977411270142,0.9472489953041077,0.9904921650886536,0.9040056467056274,0.9811687469482422,0.8555234670639038,0.34582987427711487,0.9904822707176208,0.9044625759124756,0.9905049204826355,0.9051216244697571
53,0.9996650218963623,0.9882265329360962,0.9977465867996216,0.9787065386772156,0.9955049753189087,0.9587749242782593,1.3124999895808287e-06,0.3416424095630646,0.9976177215576172,0.9783948659896851,0.9978763461112976,0.9793499708175659,0.9986209273338318,0.9678319692611694,0.9906384348869324,0.9450255036354065,0.9814545512199402,0.896271824836731,0.34594428539276123,0.9905633330345154,0.9447710514068604,0.9907176494598389,0.9462792873382568
54,0.9996778964996338,0.987759530544281,0.9978703260421753,0.9776483178138733,0.9957515001296997,0.9568579196929932,1.3124999895808287e-06,0.34160545468330383,0.9977647662162781,0.9782145619392395,0.997977077960968,0.9777324199676514,0.9985668659210205,0.9629356265068054,0.9904659390449524,0.9354051351547241,0.9811170697212219,0.8815264701843262,0.3456093668937683,0.9905634522438049,0.9360321760177612,0.9903714656829834,0.9358732104301453
55,0.9996830224990845,0.9872888922691345,0.9978795647621155,0.9766978621482849,0.9957699775695801,0.9553626179695129,1.3124999895808287e-06,0.34156304597854614,0.997819185256958,0.9734260439872742,0.9979405999183655,0.9806764125823975,0.9985827803611755,0.9444182515144348,0.9902926087379456,0.8985435366630554,0.9807772636413574,0.8488858938217163,0.3462253212928772,0.9904889464378357,0.9047096967697144,0.9901003241539001,0.8981120586395264
56,0.9997033476829529,0.9872483611106873,0.9980155825614929,0.976481020450592,0.9960410594940186,0.9550299644470215,1.3124999895808287e-06,0.3414900600910187,0.9979314208030701,0.9748491644859314,0.9981008172035217,0.9789556264877319,0.9985803365707397,0.9477114081382751,0.9902563691139221,0.9051663875579834,0.9807099103927612,0.8570736646652222,0.3458211421966553,0.9902273416519165,0.8962172865867615,0.9902912974357605,0.9162268042564392
57,0.9997099041938782,0.9831011891365051,0.9980446696281433,0.9681578278541565,0.9960981011390686,0.9484272599220276,1.3124999895808287e-06,0.3414517343044281,0.9979958534240723,0.9640650749206543,0.9980939626693726,0.9727636575698853,0.9986114501953125,0.9689455628395081,0.9905150532722473,0.9473758935928345,0.9812123775482178,0.9006826877593994,0.34608155488967896,0.9904355406761169,0.9428187608718872,0.9905977845191956,0.9528951048851013
58,0.9997051954269409,0.9831463098526001,0.9979719519615173,0.9683202505111694,0.9959539771080017,0.9488444328308105,1.3124999895808287e-06,0.34147605299949646,0.9979289174079895,0.9662358164787292,0.998015284538269,0.9709213376045227,0.9985882639884949,0.9548277258872986,0.9902059435844421,0.9194496870040894,0.9806100726127625,0.8644782900810242,0.34607547521591187,0.9896602034568787,0.9172322154045105,0.9907559752464294,0.9252632260322571
59,0.9996972680091858,0.980904757976532,0.9979281425476074,0.9638817310333252,0.9958669543266296,0.9415023326873779,1.3124999895808287e-06,0.34148189425468445,0.9977937340736389,0.9675694108009338,0.9980630278587341,0.9626754522323608,0.9985864162445068,0.9650661945343018,0.990315854549408,0.9398161172866821,0.980825662612915,0.8876625895500183,0.3459506928920746,0.9905879497528076,0.929640531539917,0.9900473952293396,0.9526426792144775
60,0.9997003078460693,0.9895408153533936,0.9979606866836548,0.9811203479766846,0.9959319233894348,0.9633951783180237,1.3124999895808287e-06,0.34145528078079224,0.9978771805763245,0.9789817333221436,0.9980455040931702,0.9836389422416687,0.9986065626144409,0.9595080018043518,0.990517258644104,0.9284988641738892,0.9812197685241699,0.871499240398407,0.3459700644016266,0.990231454372406,0.9367406964302063,0.9908087849617004,0.9292380809783936
61,0.9997003078460693,0.9883871674537659,0.9979968070983887,0.9787776470184326,0.9960033893585205,0.9593063592910767,1.3124999895808287e-06,0.341439425945282,0.997917890548706,0.9779641628265381,0.9980763792991638,0.9805575013160706,0.9986099004745483,0.9672385454177856,0.990339457988739,0.9441378712654114,0.9808750748634338,0.8949772715568542,0.34602510929107666,0.9906165599822998,0.9424412250518799,0.9900665283203125,0.9469961524009705
62,0.9997130036354065,0.974948525428772,0.9980664253234863,0.9518303871154785,0.9961411356925964,0.9347931742668152,1.3124999895808287e-06,0.34135445952415466,0.9979705810546875,0.9502584934234619,0.9981626868247986,0.9537695050239563,0.9986038208007812,0.9671538472175598,0.9903738498687744,0.9439336657524109,0.9809432029724121,0.8949350714683533,0.3457687497138977,0.990365207195282,0.9436716437339783,0.9903879761695862,0.9452593922615051
63,0.9997003674507141,0.9830933213233948,0.997982919216156,0.9682034254074097,0.9959763884544373,0.9479852914810181,9.999999974752427e-07,0.3413943946361542,0.9978942275047302,0.9664279818534851,0.9980725646018982,0.9707692861557007,0.9985730051994324,0.9659677147865295,0.9902924299240112,0.9416429400444031,0.9807784557342529,0.8905761241912842,0.3457294702529907,0.9899994730949402,0.9327806234359741,0.9905886650085449,0.9520841240882874
64,0.9997202157974243,0.9889547228813171,0.9980964064598083,0.9798128008842468,0.9962019920349121,0.9610465168952942,9.999999974752427e-07,0.3412994146347046,0.9980048537254333,0.9773921370506287,0.9981889128684998,0.9827867150306702,0.9985916018486023,0.9663475155830383,0.9904406666755676,0.9422542452812195,0.981070876121521,0.8916938304901123,0.3455435037612915,0.9898970723152161,0.9440929293632507,0.9909887909889221,0.9423971772193909
65,0.9997090101242065,0.9831450581550598,0.9980158805847168,0.9682742953300476,0.9960415363311768,0.9493663907051086,9.999999974752427e-07,0.3413209021091461,0.9979692697525024,0.9671846628189087,0.9980626106262207,0.9699094891548157,0.9985693097114563,0.9632521867752075,0.990418553352356,0.9360854625701904,0.9810246229171753,0.8827441930770874,0.34560227394104004,0.990703284740448,0.9270510077476501,0.9901365637779236,0.9481952786445618
66,0.9997270703315735,0.989220380783081,0.9981661438941956,0.98027503490448,0.9963398575782776,0.962257981300354,9.999999974752427e-07,0.34126707911491394,0.9980354905128479,0.9776684641838074,0.9982975125312805,0.983665943145752,0.9986059665679932,0.9471588134765625,0.9904665350914001,0.9038508534431458,0.9811172485351562,0.8484071493148804,0.34611958265304565,0.9905058145523071,0.9133212566375732,0.9904314279556274,0.9310004711151123
67,0.9997368454933167,0.9832897782325745,0.9982575178146362,0.9683221578598022,0.9965220093727112,0.9494705200195312,9.999999974752427e-07,0.34118854999542236,0.9982187151908875,0.9717991352081299,0.9982963800430298,0.9668917059898376,0.9985986351966858,0.9626911878585815,0.9903673529624939,0.9350147247314453,0.9809253811836243,0.8804062008857727,0.3460179269313812,0.9904057383537292,0.9310495853424072,0.9903343319892883,0.9407492280006409
68,0.9997110962867737,0.9885110259056091,0.9980570077896118,0.9789654612541199,0.9961227178573608,0.9595497846603394,9.999999974752427e-07,0.3412556052207947,0.9979583024978638,0.9755107760429382,0.9981558322906494,0.982765793800354,0.9985687136650085,0.9636944532394409,0.990444540977478,0.9369444847106934,0.9810763001441956,0.8834982514381409,0.3452260196208954,0.9905005097389221,0.9295264482498169,0.9903916716575623,0.9475317597389221
69,0.9997095465660095,0.9827516078948975,0.9980674982070923,0.9674360156059265,0.9961449503898621,0.9471461772918701,9.999999974752427e-07,0.34126558899879456,0.9979953765869141,0.9656625986099243,0.9981408715248108,0.9704248905181885,0.9986081123352051,0.9672186970710754,0.9906344413757324,0.9438030123710632,0.9814485907554626,0.8942278027534485,0.3455672562122345,0.9908291697502136,0.9408394694328308,0.9904431700706482,0.947914719581604
70,0.9997187852859497,0.9887442588806152,0.9980917572975159,0.9793967604637146,0.996192455291748,0.9605636596679688,9.999999974752427e-07,0.3412058353424072,0.9980552792549133,0.9760044813156128,0.9981287121772766,0.9834105968475342,0.9986081123352051,0.947357177734375,0.9905722737312317,0.904141902923584,0.9813262820243835,0.8556964993476868,0.3457675576210022,0.9906109571456909,0.9013280272483826,0.9905392527580261,0.9084858894348145
71,0.9997190833091736,0.9799703359603882,0.9980931878089905,0.9618471264839172,0.9961965680122375,0.9396440982818604,9.999999974752427e-07,0.34120041131973267,0.9979833364486694,0.9636207818984985,0.9982049465179443,0.9623138904571533,0.9985741972923279,0.961529552936554,0.9902365207672119,0.9328226447105408,0.9806709289550781,0.8770793080329895,0.34570708870887756,0.9896556735038757,0.9329871535301208,0.9908239841461182,0.933635413646698
72,0.9997421503067017,0.9882752895355225,0.9982671141624451,0.9782831072807312,0.996541440486908,0.9592410326004028,9.999999974752427e-07,0.3410853445529938,0.9982115030288696,0.9761333465576172,0.9983236193656921,0.9815887212753296,0.998567521572113,0.9469762444496155,0.9901239275932312,0.903828501701355,0.9804494380950928,0.8548654913902283,0.34601032733917236,0.9905716180801392,0.9023875594139099,0.9896811842918396,0.9063025116920471
73,0.9997440576553345,0.9888629913330078,0.9982740879058838,0.9794516563415527,0.9965569972991943,0.9616917967796326,9.999999974752427e-07,0.34106817841529846,0.998183012008667,0.9824134707450867,0.9983661770820618,0.9784818887710571,0.9985687136650085,0.9446120262145996,0.990444004535675,0.8987802267074585,0.9810774922370911,0.8478583693504333,0.34528353810310364,0.9902765154838562,0.90085768699646,0.9906151294708252,0.8995670080184937
74,0.9997413158416748,0.9779095649719238,0.9982943534851074,0.9575248956680298,0.9965952038764954,0.9387001991271973,9.999999974752427e-07,0.3410475552082062,0.998221218585968,0.9566168189048767,0.9983678460121155,0.9588319659233093,0.9985949993133545,0.9672759175300598,0.9904284477233887,0.9441231489181519,0.9810434579849243,0.8951268792152405,0.3455694913864136,0.989957869052887,0.9366293549537659,0.990906298160553,0.9531030058860779
75,0.9997448921203613,0.99064040184021,0.9982874989509583,0.9829935431480408,0.9965826272964478,0.9669998288154602,9.999999974752427e-07,0.3410229980945587,0.9982314109802246,0.9829054474830627,0.9983438849449158,0.9833899736404419,0.9986056685447693,0.9496729373931885,0.9906324148178101,0.9087134003639221,0.9814437627792358,0.8634839653968811,0.34531548619270325,0.9904605150222778,0.9075879454612732,0.9908103942871094,0.9106132388114929
76,0.999755859375,0.9887504577636719,0.9983809590339661,0.9791197776794434,0.9967681765556335,0.9610551595687866,9.999999974752427e-07,0.34096381068229675,0.9983465671539307,0.981719434261322,0.9984158277511597,0.9785106778144836,0.9985882639884949,0.9632514119148254,0.9904593825340271,0.9360435009002686,0.9811066389083862,0.8834239840507507,0.3455391824245453,0.9900564551353455,0.9352119565010071,0.9908670783042908,0.9383174180984497
77,0.9997621774673462,0.9899637699127197,0.9984059929847717,0.9815219044685364,0.9968183040618896,0.9645649790763855,9.999999974752427e-07,0.34092003107070923,0.9983369708061218,0.9805639386177063,0.9984751343727112,0.9833489060401917,0.9985815286636353,0.9633247256278992,0.9902295470237732,0.9364199042320251,0.9806541204452515,0.8817746639251709,0.34637314081192017,0.9904797077178955,0.9318888187408447,0.9899865984916687,0.9423609972000122
0,0.9390410780906677,0.40030258893966675,0.7991725206375122,0.0014326870441436768,0.6855521202087402,0.0007218851242214441,4.199999966658652e-05,0.7730475664138794,0.7719846367835999,0.007414762396365404,0.8596836924552917,0.03224126994609833,0.5788247585296631,0.12266243994235992,0.2453247606754303,1.3226724604464835e-07,0.14023993909358978,1.3226724604464835e-07,1.9165830612182617,0.141559898853302,0.0,0.9425733089447021,0.0
1,0.9870001077651978,0.5224077701568604,0.9156560301780701,0.12915945053100586,0.8452066779136658,0.08216528594493866,4.199999966658652e-05,0.46137627959251404,0.9055412411689758,0.4310094118118286,0.9290307760238647,0.08681235462427139,0.8290219306945801,0.142638698220253,0.28527727723121643,1.3226724604464835e-07,0.16723749041557312,1.3226724604464835e-07,1.3703150749206543,0.20682010054588318,0.0,0.46926724910736084,0.0
2,0.9904190301895142,0.7192173600196838,0.9375601410865784,0.5008744597434998,0.8827618360519409,0.3717992901802063,4.199999966658652e-05,0.4249055087566376,0.9323627352714539,0.6893147230148315,0.9445520639419556,0.42252930998802185,0.9166504144668579,0.22021184861660004,0.4404235780239105,1.3226724604464835e-07,0.2842339277267456,1.3226724604464835e-07,0.822898805141449,0.4388461709022522,0.0,0.4492529034614563,0.0
3,0.9928272366523743,0.7802592515945435,0.9532769918441772,0.6072414517402649,0.9108818173408508,0.4783923029899597,4.199999966658652e-05,0.40349018573760986,0.9489716291427612,0.7331802248954773,0.9584739208221436,0.5535725951194763,0.9411303997039795,0.3177052438259125,0.6311520934104919,0.004258309490978718,0.46337905526161194,0.0021608523093163967,0.710256040096283,0.5795648097991943,0.19999945163726807,0.6975743174552917,0.0021607200615108013
4,0.9926443696022034,0.8085859417915344,0.9516577124595642,0.665514349937439,0.9080732464790344,0.5353357791900635,4.199999966658652e-05,0.3982049524784088,0.9495925307273865,0.774941623210907,0.9553486704826355,0.6206700801849365,0.9705474972724915,0.40154510736465454,0.7717341780662537,0.031356021761894226,0.6304973363876343,0.01822008565068245,0.5209267735481262,0.8888857960700989,0.19939380884170532,0.6838043332099915,0.018259936943650246
5,0.9945155382156372,0.8404156565666199,0.9635672569274902,0.7172646522521973,0.9298301935195923,0.5910842418670654,4.199999966658652e-05,0.38503992557525635,0.9604071974754333,0.7886453866958618,0.967345118522644,0.6781708002090454,0.988812267780304,0.6226876974105835,0.924537718296051,0.32083773612976074,0.8599472045898438,0.22761084139347076,0.41883477568626404,0.9119726419448853,0.7313428521156311,0.9378427267074585,0.23299454152584076
6,0.995045006275177,0.8603416681289673,0.9675924777984619,0.7530907392501831,0.9373064637184143,0.6324173212051392,4.199999966658652e-05,0.37901416420936584,0.965272068977356,0.8176144957542419,0.9704992771148682,0.7215812802314758,0.99493008852005,0.8045732378959656,0.9660028219223022,0.6431434750556946,0.9342977404594421,0.5222197771072388,0.3810526132583618,0.9707391262054443,0.8477957844734192,0.9613636136054993,0.5364242792129517
7,0.9954566359519958,0.8778778314590454,0.9699445366859436,0.7858113050460815,0.9417269825935364,0.6661891341209412,4.199999966658652e-05,0.3745548129081726,0.9678137302398682,0.8432543277740479,0.9726153612136841,0.7540724277496338,0.995790421962738,0.8603752851486206,0.9717919826507568,0.74895840883255,0.9451833963394165,0.6247755289077759,0.37224677205085754,0.9705815315246582,0.8098177909851074,0.973100483417511,0.7238492369651794
8,0.9955548048019409,0.8793394565582275,0.9704332947731018,0.7882460951805115,0.9426769018173218,0.6715655326843262,4.199999966658652e-05,0.37262293696403503,0.9688026905059814,0.8502593040466309,0.9725748300552368,0.7608955502510071,0.9957754611968994,0.8600494265556335,0.9718548655509949,0.748244047164917,0.9452977180480957,0.6433861255645752,0.37023383378982544,0.9604659080505371,0.8869580030441284,0.9835920929908752,0.6773229837417603
9,0.9962746500968933,0.8968207836151123,0.9753788113594055,0.8182628154754639,0.951988160610199,0.7090290188789368,4.199999966658652e-05,0.36759576201438904,0.9736379981040955,0.8547843098640442,0.9773766398429871,0.798570454120636,0.9962493777275085,0.8701558709144592,0.9747930765151978,0.7655187249183655,0.9508664608001709,0.6496418118476868,0.3662155568599701,0.970512330532074,0.7937443256378174,0.9791472554206848,0.755706250667572
10,0.9962671399116516,0.8824746012687683,0.9750820994377136,0.7898675799369812,0.9514532685279846,0.6813715100288391,4.199999966658652e-05,0.3662726879119873,0.973843514919281,0.834737241268158,0.9766286611557007,0.775713324546814,0.996856689453125,0.8826110363006592,0.9790545105934143,0.7861671447753906,0.9589935541152954,0.6796771883964539,0.3624905049800873,0.9771979451179504,0.8726694583892822,0.9809412360191345,0.726530909538269
11,0.9967777132987976,0.8964992761611938,0.9786126613616943,0.8143863081932068,0.9581667184829712,0.7135674357414246,4.199999966658652e-05,0.3626878261566162,0.9769478440284729,0.8561728596687317,0.9805194735527039,0.7935600280761719,0.9963061809539795,0.8995251655578613,0.9747262597084045,0.8243240118026733,0.950752317905426,0.7168256640434265,0.3638114631175995,0.9880292415618896,0.8139128088951111,0.9618748426437378,0.8475854992866516
12,0.9967325329780579,0.909580409526825,0.9781157970428467,0.8410446047782898,0.9572548866271973,0.7375343441963196,4.199999966658652e-05,0.3620222508907318,0.9769234657287598,0.8798307180404663,0.9795756340026855,0.8224681615829468,0.9967404007911682,0.902803897857666,0.9783005714416504,0.8273072838783264,0.9575456380844116,0.7168333530426025,0.361257404088974,0.9745827317237854,0.7792110443115234,0.9820703864097595,0.8836267590522766
13,0.9969724416732788,0.9036279916763306,0.9797046184539795,0.8275513648986816,0.9602782726287842,0.7289532423019409,4.199999966658652e-05,0.3599725067615509,0.978437066078186,0.8463200926780701,0.9811882972717285,0.8226678967475891,0.9968643188476562,0.9057743549346924,0.9788223505020142,0.8327261209487915,0.9585422277450562,0.737759530544281,0.36031314730644226,0.984119176864624,0.8708425760269165,0.9736371636390686,0.8342454433441162
14,0.9971484541893005,0.9065200090408325,0.980997622013092,0.8320427536964417,0.9627442359924316,0.7436928749084473,4.199999966658652e-05,0.35843056440353394,0.9800897240638733,0.8486475944519043,0.9820728898048401,0.826251208782196,0.996441662311554,0.9068333506584167,0.9755648970603943,0.8381018042564392,0.9523292779922485,0.7384588718414307,0.36099016666412354,0.9930964708328247,0.8382644057273865,0.9586795568466187,0.857042133808136
15,0.9972501397132874,0.9121741652488708,0.9818844795227051,0.8424636721611023,0.9644468426704407,0.7479767799377441,4.199999966658652e-05,0.35732319951057434,0.9809637665748596,0.8668979406356812,0.9829466938972473,0.8334863781929016,0.996785581111908,0.9070814251899719,0.9780213236808777,0.8361416459083557,0.9570175409317017,0.7358037829399109,0.3588751554489136,0.9896920919418335,0.8404924273490906,0.9666492938995361,0.853568434715271
16,0.9974210858345032,0.9251981377601624,0.9829932451248169,0.8674030900001526,0.9665738940238953,0.778744101524353,4.199999966658652e-05,0.35591164231300354,0.982086181640625,0.8826155066490173,0.9840091466903687,0.8619474172592163,0.9972741603851318,0.9231548309326172,0.9814546704292297,0.8648548126220703,0.963609516620636,0.7703614830970764,0.35590484738349915,0.9875765442848206,0.8642120361328125,0.9754423499107361,0.8741528987884521
17,0.9975217580795288,0.9275428652763367,0.9835342168807983,0.871551513671875,0.9676254987716675,0.7840860486030579,4.199999966658652e-05,0.35481929779052734,0.9825847744941711,0.8868906497955322,0.9846222400665283,0.8618367910385132,0.9967218041419983,0.9221234321594238,0.9776206016540527,0.8666262030601501,0.9562628865242004,0.772148609161377,0.35798385739326477,0.9925844669342041,0.8644134998321533,0.9631497263908386,0.8756373524665833
18,0.9977225661277771,0.9247391223907471,0.98494553565979,0.8645324110984802,0.970353901386261,0.783173143863678,4.199999966658652e-05,0.35345613956451416,0.9847251772880554,0.8808600902557373,0.9852520227432251,0.8597003221511841,0.9976525902748108,0.9271407127380371,0.9842434525489807,0.8700379729270935,0.9689886569976807,0.780189573764801,0.3532954156398773,0.985534131526947,0.9090845584869385,0.9829712510108948,0.846225917339325
19,0.9978357553482056,0.9335601925849915,0.9857068061828613,0.8814138174057007,0.971829891204834,0.8000065088272095,4.199999966658652e-05,0.3525034189224243,0.9848725199699402,0.9031503200531006,0.9866234660148621,0.8739504218101501,0.9975329637527466,0.8929460048675537,0.9833883047103882,0.8025035262107849,0.967339038848877,0.7059255242347717,0.3535372018814087,0.9834742546081543,0.9178083539009094,0.9833229184150696,0.7310420870780945
20,0.9978590607643127,0.9345142841339111,0.985904335975647,0.8831241726875305,0.9722177386283875,0.8047036528587341,4.199999966658652e-05,0.3519921600818634,0.9854406118392944,0.8970579504966736,0.9864310622215271,0.8797310590744019,0.997664213180542,0.9222503900527954,0.9842208027839661,0.8602800965309143,0.9689439535140991,0.7686023712158203,0.3526298403739929,0.9839069247245789,0.865078866481781,0.9845516085624695,0.8704687356948853
21,0.9980831742286682,0.9412567019462585,0.9871932864189148,0.8953195810317993,0.9747324585914612,0.8210669159889221,4.199999966658652e-05,0.35068222880363464,0.9866726398468018,0.9022206664085388,0.9877672791481018,0.8915483951568604,0.9976147413253784,0.9334266781806946,0.9837373495101929,0.8831157088279724,0.9680181741714478,0.7979691028594971,0.35262832045555115,0.9845356941223145,0.8773127198219299,0.98296058177948,0.8976989984512329
22,0.9979891180992126,0.9262659549713135,0.9866374731063843,0.8658945560455322,0.9736448526382446,0.7929409146308899,4.199999966658652e-05,0.3506602346897125,0.9863912463188171,0.8694398403167725,0.9869521260261536,0.8672190308570862,0.997570812702179,0.9377816915512085,0.9836401343345642,0.8919228911399841,0.9678195118904114,0.8106270432472229,0.3522256910800934,0.9782290458679199,0.8858176469802856,0.9891337752342224,0.9004870653152466
23,0.9980323910713196,0.9310622215270996,0.986990213394165,0.8751338720321655,0.974326491355896,0.8001549243927002,4.199999966658652e-05,0.3501646816730499,0.986565113067627,0.884541392326355,0.9874719381332397,0.8748407959938049,0.9977200031280518,0.9228622913360596,0.9845467209815979,0.8611781597137451,0.9695802927017212,0.7708407640457153,0.351639986038208,0.9870967268943787,0.8734098672866821,0.9820262789726257,0.8663278818130493
24,0.9981002807617188,0.9394376873970032,0.9874109029769897,0.8914639949798584,0.9751502275466919,0.8202792406082153,4.199999966658652e-05,0.3495993912220001,0.987027108669281,0.9035732746124268,0.9878488183021545,0.8908629417419434,0.9977081418037415,0.9354754686355591,0.9844825267791748,0.8864684104919434,0.9694499373435974,0.8026571869850159,0.3510605990886688,0.9905867576599121,0.8500933051109314,0.9784665703773499,0.9332894086837769
25,0.9983057379722595,0.952443540096283,0.9887149930000305,0.9161725044250488,0.9776932001113892,0.8482591509819031,4.199999966658652e-05,0.3483980894088745,0.9883103370666504,0.9238863587379456,0.989152193069458,0.9137030839920044,0.9979614019393921,0.9404087662696838,0.9862216114997864,0.8945958614349365,0.972826361656189,0.8149732947349548,0.3499583303928375,0.9848896861076355,0.8916858434677124,0.9875710010528564,0.9017332196235657
26,0.9982898831367493,0.9395744204521179,0.9886490702629089,0.8904998302459717,0.9775629639625549,0.8230896592140198,4.199999966658652e-05,0.3483017683029175,0.9883148074150085,0.8958735466003418,0.9890196323394775,0.8892225027084351,0.9977270364761353,0.9310226440429688,0.984561026096344,0.8774842023849487,0.9696065783500671,0.7887691259384155,0.3508433401584625,0.9880017042160034,0.8978471159934998,0.9811554551124573,0.8692131042480469
27,0.9983398914337158,0.9503797292709351,0.9889599680900574,0.9117995500564575,0.9781723022460938,0.8425999283790588,4.199999966658652e-05,0.34781914949417114,0.9886961579322815,0.9185521006584167,0.9892561435699463,0.9098895192146301,0.9978030323982239,0.9404651522636414,0.9851711392402649,0.8957592844963074,0.9707915782928467,0.8158094882965088,0.3501037657260895,0.9827758073806763,0.8950902819633484,0.9875896573066711,0.8994047045707703
28,0.9984441995620728,0.955272376537323,0.9895415306091309,0.9210028052330017,0.9793144464492798,0.8594949245452881,4.199999966658652e-05,0.3471720814704895,0.9891373515129089,0.920413076877594,0.9899744987487793,0.9260453581809998,0.9978384375572205,0.9427006244659424,0.9853809475898743,0.9000200033187866,0.9711931347846985,0.821452796459198,0.3499043583869934,0.9806613326072693,0.9142702221870422,0.9901583790779114,0.8902064561843872
29,0.9983123540878296,0.9519451856613159,0.9887875318527222,0.9151030778884888,0.9778329730033875,0.8485192656517029,4.199999966658652e-05,0.3475451171398163,0.9885896444320679,0.9247561097145081,0.9890395402908325,0.9122414588928223,0.997794508934021,0.9279009103775024,0.9850708842277527,0.870730996131897,0.9705924987792969,0.7835248708724976,0.34992656111717224,0.9794381856918335,0.9481846690177917,0.9907757043838501,0.8185609579086304
30,0.998375415802002,0.9451343417167664,0.9890693426132202,0.9011988043785095,0.9783883094787598,0.8351706862449646,4.199999966658652e-05,0.34706440567970276,0.988730251789093,0.9278392195701599,0.9894507527351379,0.8938232660293579,0.998008131980896,0.9470385909080505,0.9865166544914246,0.9075605869293213,0.9734014272689819,0.8343204259872437,0.3487499952316284,0.9845152497291565,0.888112485408783,0.9885402917861938,0.9322350025177002
31,0.9985239505767822,0.9541583061218262,0.9901893138885498,0.9181275963783264,0.9805777668952942,0.8548696041107178,4.199999966658652e-05,0.34624865651130676,0.9899539947509766,0.9224801659584045,0.9904466867446899,0.917256236076355,0.9978106617927551,0.944396436214447,0.9850265979766846,0.9037660956382751,0.9705109596252441,0.8305190205574036,0.34946388006210327,0.991619348526001,0.8973358273506165,0.9785377383232117,0.9154937267303467
32,0.9986324310302734,0.9477525949478149,0.9908615946769714,0.9046435356140137,0.981895923614502,0.8466147780418396,4.199999966658652e-05,0.3456763029098511,0.9906389713287354,0.9026728272438049,0.9911033511161804,0.9111140370368958,0.998179018497467,0.9469391107559204,0.9875829815864563,0.9062952399253845,0.9754791855812073,0.8349307775497437,0.3476838171482086,0.9884251952171326,0.8899484276771545,0.9867521524429321,0.9271318316459656
33,0.998638391494751,0.9461778402328491,0.9908316135406494,0.9015241861343384,0.981840968132019,0.843809962272644,4.199999966658652e-05,0.34546199440956116,0.9907107353210449,0.9145437479019165,0.9909799098968506,0.9012869000434875,0.9980331659317017,0.9446486830711365,0.986626148223877,0.9026713371276855,0.9736142158508301,0.8322833776473999,0.3482137620449066,0.9873900413513184,0.9110594987869263,0.9858736991882324,0.9090943932533264
34,0.9986093640327454,0.9509459137916565,0.9907578825950623,0.9111341238021851,0.9816927313804626,0.8513636589050293,4.199999966658652e-05,0.3454536199569702,0.9904232025146484,0.9205135107040405,0.9911190867424011,0.9110391139984131,0.998018205165863,0.9397441148757935,0.9864270091056824,0.8930610418319702,0.9732292890548706,0.8155103921890259,0.34839048981666565,0.9911743998527527,0.8480801582336426,0.9817382097244263,0.9503331184387207
35,0.9986953735351562,0.9597257971763611,0.9913468956947327,0.9281046986579895,0.9828486442565918,0.871329128742218,4.199999966658652e-05,0.34501755237579346,0.9911487102508545,0.9289261698722839,0.9915589094161987,0.932249903678894,0.9980624318122864,0.9514172077178955,0.9868220686912537,0.9160122871398926,0.9739962220191956,0.8476116061210632,0.3480386435985565,0.9870548248291016,0.9148967862129211,0.9866048693656921,0.9200747609138489
36,0.9986708760261536,0.9552803635597229,0.9911162853240967,0.9194442629814148,0.9823975563049316,0.8661506772041321,4.199999966658652e-05,0.344969779253006,0.9908653497695923,0.9214512705802917,0.9913870096206665,0.9205191135406494,0.9980932474136353,0.9474638104438782,0.9870655536651611,0.9078624248504639,0.9744703769683838,0.8356261253356934,0.34788087010383606,0.9865996837615967,0.914070188999176,0.9875545501708984,0.9032266139984131
37,0.9986732602119446,0.9600083231925964,0.9911177754402161,0.9288990497589111,0.982399582862854,0.8712488412857056,4.199999966658652e-05,0.34486234188079834,0.9908921718597412,0.9276651740074158,0.9913613200187683,0.9344124794006348,0.9980142116546631,0.9453766345977783,0.9864442348480225,0.9043093323707581,0.9732611179351807,0.8306641578674316,0.34833210706710815,0.9904228448867798,0.896422266960144,0.9825124144554138,0.9167316555976868
38,0.9987202286720276,0.9599350094795227,0.9914018511772156,0.9284684062004089,0.9829567074775696,0.8738323450088501,4.199999966658652e-05,0.34450408816337585,0.9912523031234741,0.9322920441627502,0.9915701150894165,0.9318234920501709,0.9981338381767273,0.9393603801727295,0.987322986125946,0.8913976550102234,0.9749724864959717,0.8145408034324646,0.34752002358436584,0.989348828792572,0.9069514274597168,0.9853131771087646,0.8923252820968628
39,0.9987272620201111,0.9512775540351868,0.9915122985839844,0.911043107509613,0.9831748008728027,0.8472612500190735,4.199999966658652e-05,0.3444303274154663,0.9913084506988525,0.9205315113067627,0.9917351603507996,0.913379430770874,0.9982345700263977,0.9478064179420471,0.9879564046859741,0.9076565504074097,0.9762080907821655,0.8370350003242493,0.346620112657547,0.9886623620986938,0.9073743224143982,0.9872574806213379,0.9128456115722656
40,0.9988280534744263,0.9625706672668457,0.9922401309013367,0.9329004883766174,0.9846052527427673,0.8783921599388123,4.199999966658652e-05,0.3438863456249237,0.9920964241027832,0.9338869452476501,0.9923967123031616,0.9375978708267212,0.9982269406318665,0.9478046894073486,0.9879806637763977,0.9076286554336548,0.9762567281723022,0.8387805819511414,0.3467274010181427,0.9886948466300964,0.8999366164207458,0.9872739911079407,0.9250187873840332
41,0.9990991950035095,0.9633948802947998,0.9940978288650513,0.9326918721199036,0.9882699847221375,0.8863415718078613,2.099999983329326e-05,0.3427245020866394,0.9939825534820557,0.9326565265655518,0.9942219257354736,0.9375335574150085,0.9984847903251648,0.9573785662651062,0.9897025227546692,0.9250547289848328,0.9796216487884521,0.8644114136695862,0.34546270966529846,0.990531861782074,0.9158905744552612,0.9888807535171509,0.9358389973640442
42,0.9993560314178467,0.9694333076477051,0.9957103133201599,0.9431560039520264,0.9914600253105164,0.9069787859916687,2.099999983329326e-05,0.34169673919677734,0.995544970035553,0.9388414621353149,0.9958798289299011,0.9511239528656006,0.9985412359237671,0.9595606327056885,0.9900209307670593,0.9291002154350281,0.9802457690238953,0.8709384202957153,0.3453059494495392,0.9901378750801086,0.9352414011955261,0.989911675453186,0.9243534803390503
43,0.9993986487388611,0.9785024523735046,0.9959951043128967,0.961010217666626,0.9920234680175781,0.9265624284744263,2.099999983329326e-05,0.34147781133651733,0.9958755970001221,0.9560884833335876,0.9961176514625549,0.9670529961585999,0.9985223412513733,0.9589405655860901,0.9898626804351807,0.9280180931091309,0.9799351692199707,0.8699831366539001,0.34538188576698303,0.9924731254577637,0.911983847618103,0.9872711896896362,0.9473702311515808
44,0.9994010925292969,0.9727003574371338,0.9960041642189026,0.9493967294692993,0.9920427799224854,0.9138317108154297,2.099999983329326e-05,0.3413592576980591,0.9958935379981995,0.945865273475647,0.9961169362068176,0.9550926089286804,0.9984958171844482,0.9592654705047607,0.9897468090057373,0.928784191608429,0.9797080755233765,0.8703494071960449,0.3454780876636505,0.9887642860412598,0.9350049495697021,0.9907386898994446,0.9243197441101074
45,0.9994384050369263,0.9810026288032532,0.9962379336357117,0.9657676219940186,0.9925058484077454,0.9348118305206299,2.099999983329326e-05,0.34116172790527344,0.9961572289466858,0.9622657895088196,0.9963201284408569,0.9702260494232178,0.9985092282295227,0.9562309384346008,0.9898239970207214,0.9226377606391907,0.9798584580421448,0.8635919094085693,0.3453375995159149,0.9881264567375183,0.9069266319274902,0.9915335774421692,0.9440647959709167
46,0.9994450211524963,0.9807605743408203,0.9962612986564636,0.965259313583374,0.992553174495697,0.9338280558586121,2.099999983329326e-05,0.34108543395996094,0.9960987567901611,0.9595549702644348,0.9964272975921631,0.9717143774032593,0.9985226392745972,0.958405613899231,0.9898923635482788,0.9269188046455383,0.9799918532371521,0.8701874613761902,0.3454132378101349,0.99052894115448,0.9137205481529236,0.9892638325691223,0.944328248500824
47,0.9994619488716125,0.9821479916572571,0.9963726997375488,0.9679228067398071,0.992774248123169,0.9387222528457642,2.099999983329326e-05,0.3409420847892761,0.9962747097015381,0.9627771973609924,0.9964740872383118,0.9737549424171448,0.9984493851661682,0.957714319229126,0.989470899105072,0.9259579181671143,0.9791670441627502,0.867867648601532,0.34580516815185547,0.9922531247138977,0.9338422417640686,0.9867144823074341,0.9223482012748718
48,0.9995706081390381,0.9830874800682068,0.9971563816070557,0.9690184593200684,0.9943311214447021,0.9412876963615417,1.049999991664663e-05,0.3405509293079376,0.9971258640289307,0.964103102684021,0.9971883296966553,0.9754390716552734,0.9985986351966858,0.9614822268486023,0.9904306530952454,0.9325336217880249,0.9810478687286377,0.8772799968719482,0.3449588418006897,0.9910199642181396,0.9269294142723083,0.989848792552948,0.9407139420509338
49,0.9996512532234192,0.9760684967041016,0.9977070689201355,0.9544301629066467,0.9954267144203186,0.9309150576591492,1.049999991664663e-05,0.34021100401878357,0.9976263642311096,0.9506853222846985,0.9977894425392151,0.9587135910987854,0.9986035227775574,0.9617473483085632,0.9904351830482483,0.9330596327781677,0.981057345867157,0.8785207867622375,0.34500452876091003,0.991818904876709,0.9238564372062683,0.9890608191490173,0.9447283148765564
50,0.9996746778488159,0.9820985198020935,0.9978258013725281,0.9663710594177246,0.9956626296043396,0.9408345222473145,1.049999991664663e-05,0.34013107419013977,0.9977765679359436,0.9724080562591553,0.9978760480880737,0.9672081470489502,0.9985858201980591,0.9601631760597229,0.9903269410133362,0.9299994111061096,0.9808452129364014,0.8741583824157715,0.34496748447418213,0.9905062913894653,0.9135774970054626,0.9901540875434875,0.9505772590637207
51,0.9996979236602783,0.9860092401504517,0.9979302883148193,0.9740880727767944,0.99587082862854,0.9506719708442688,1.049999991664663e-05,0.3399873971939087,0.9979049563407898,0.9701393842697144,0.997956395149231,0.9793727397918701,0.9986068606376648,0.9627085328102112,0.9904698729515076,0.9349469542503357,0.9811258912086487,0.8807836174964905,0.3449982702732086,0.9904261827468872,0.9344226717948914,0.9905191659927368,0.9372673630714417
52,0.9996811747550964,0.9853248000144958,0.9978983402252197,0.9727510809898376,0.9958080053329468,0.9482225179672241,1.049999991664663e-05,0.3400016129016876,0.9978336095809937,0.9690508246421814,0.997963547706604,0.9775342345237732,0.998610258102417,0.9632483124732971,0.9904965162277222,0.9359999895095825,0.981177568435669,0.8833514451980591,0.3449963331222534,0.9907142519950867,0.9357070326805115,0.9902839660644531,0.9374731183052063
53,0.9997089505195618,0.9818466305732727,0.9980299472808838,0.9656625390052795,0.9960694313049316,0.943345844745636,1.049999991664663e-05,0.3398636281490326,0.9979610443115234,0.9622194170951843,0.9980999827384949,0.9699252247810364,0.9985793828964233,0.9610260725021362,0.9902840256690979,0.9317683577537537,0.9807612895965576,0.8767983317375183,0.34509408473968506,0.9897642731666565,0.9212231636047363,0.9908111691474915,0.9455866813659668
54,0.9997074604034424,0.9886752367019653,0.9980275630950928,0.9793227910995483,0.9960644245147705,0.959993839263916,1.049999991664663e-05,0.3398239016532898,0.9979556202888489,0.9765859842300415,0.9981017112731934,0.9825021624565125,0.9985983371734619,0.9609914422035217,0.9904072284698486,0.9315754771232605,0.9810028672218323,0.8774468302726746,0.34508204460144043,0.9917089939117432,0.9230713844299316,0.9891144633293152,0.9431084394454956
55,0.9997158646583557,0.9814223647117615,0.9981147050857544,0.9647303223609924,0.9962378144264221,0.9440528750419617,1.049999991664663e-05,0.3397667407989502,0.9980937838554382,0.9609296917915344,0.9981368780136108,0.9689995646476746,0.9985885620117188,0.9628299474716187,0.990346372127533,0.9353136420249939,0.9808828830718994,0.8826413750648499,0.34511932730674744,0.9898488521575928,0.928159236907959,0.9908507466316223,0.9449093341827393
56,0.9997065663337708,0.9885644316673279,0.9980370998382568,0.9790912866592407,0.99608314037323,0.9595866203308105,1.049999991664663e-05,0.33974289894104004,0.997951328754425,0.97394198179245,0.998124361038208,0.9849897623062134,0.9985931515693665,0.9628036022186279,0.9903430342674255,0.9352644085884094,0.9808763861656189,0.8821693658828735,0.3451136350631714,0.9902958869934082,0.9297299981117249,0.9903964400291443,0.9429245591163635
57,0.9997294545173645,0.9881935119628906,0.9982104301452637,0.9781766533851624,0.9964278936386108,0.9580453634262085,1.049999991664663e-05,0.3396175503730774,0.9981392621994019,0.9749706983566284,0.9982825517654419,0.9819229245185852,0.9985672235488892,0.9611939787864685,0.9902071952819824,0.9321807026863098,0.9806102514266968,0.8770275712013245,0.34540262818336487,0.9921061992645264,0.9137118458747864,0.9883211255073547,0.9540235996246338
58,0.9997841119766235,0.9905093908309937,0.9985787272453308,0.982440173625946,0.9971621036529541,0.9660193920135498,5.249999958323315e-06,0.33943045139312744,0.9985871315002441,0.9787983894348145,0.9985703229904175,0.9864480495452881,0.9986093044281006,0.9632622599601746,0.9904813170433044,0.936043381690979,0.9811488389968872,0.8835960626602173,0.34496086835861206,0.9903185963630676,0.9270883202552795,0.990649938583374,0.9477046728134155
59,0.9998130798339844,0.9863444566726685,0.9987815022468567,0.9739068746566772,0.9975664019584656,0.9587655067443848,5.249999958323315e-06,0.3392994701862335,0.9987480044364929,0.9712857604026794,0.9988148212432861,0.9768123030662537,0.9986050128936768,0.9629840850830078,0.9904600381851196,0.9355079531669617,0.9811066389083862,0.8827530741691589,0.34498879313468933,0.9904695153236389,0.9234076142311096,0.9904567003250122,0.9507936835289001
60,0.9998111724853516,0.9772281050682068,0.9987349510192871,0.9557206630706787,0.9974753856658936,0.9420497417449951,5.249999958323315e-06,0.33928966522216797,0.9987163543701172,0.952090859413147,0.9987549781799316,0.9595934152603149,0.9986105561256409,0.9610214829444885,0.9904981851577759,0.9315447807312012,0.9811817407608032,0.8778818249702454,0.3451094925403595,0.9917960166931152,0.9218963384628296,0.9892099499702454,0.9455869793891907
61,0.9998337626457214,0.9897597432136536,0.998871922492981,0.9806469082832336,0.9977477788925171,0.9653180837631226,5.249999958323315e-06,0.33920586109161377,0.9988146424293518,0.9841673374176025,0.9989302754402161,0.9806157946586609,0.9986078143119812,0.9609203338623047,0.990477442741394,0.9313632845878601,0.9811404347419739,0.8768936991691589,0.3450489342212677,0.9904008507728577,0.9237502217292786,0.9905597567558289,0.9428256154060364
62,0.9998356699943542,0.9905796647071838,0.9989070892333984,0.9822527170181274,0.9978169202804565,0.966123104095459,5.249999958323315e-06,0.33915674686431885,0.9989056587219238,0.9785726070404053,0.9989084601402283,0.986910343170166,0.9986111521720886,0.9625099897384644,0.9904792904853821,0.934540331363678,0.9811443090438843,0.8812146782875061,0.34503838419914246,0.9904934763908386,0.9238725900650024,0.990470826625824,0.948151707649231
63,0.9998393058776855,0.9858281016349792,0.9989348649978638,0.9727210998535156,0.9978730082511902,0.9577882885932922,2.6249999791616574e-06,0.3391294479370117,0.9989232420921326,0.9723816514015198,0.9989471435546875,0.9748961925506592,0.9986324906349182,0.9629380702972412,0.9906363487243652,0.9352396130561829,0.9814525842666626,0.8825526237487793,0.3449675440788269,0.9902294874191284,0.9314633011817932,0.9910498261451721,0.9419689178466797
64,0.9998661875724792,0.9930427074432373,0.9991046190261841,0.9869802594184875,0.9982119202613831,0.9746055006980896,2.6249999791616574e-06,0.33902427554130554,0.9990696907043457,0.9842748045921326,0.9991400837898254,0.9899362325668335,0.9986376762390137,0.9624087810516357,0.9906720519065857,0.9341455101966858,0.9815225005149841,0.881588876247406,0.3449746072292328,0.9907308220863342,0.9191470146179199,0.9906191825866699,0.953183650970459
65,0.9998694658279419,0.9924194812774658,0.9991323947906494,0.9857065081596375,0.9982671141624451,0.9723615050315857,2.6249999791616574e-06,0.33900028467178345,0.999125063419342,0.9845443964004517,0.9991401433944702,0.9873592853546143,0.9986297488212585,0.9619518518447876,0.9906115531921387,0.9332916140556335,0.981404185295105,0.8800557851791382,0.34501785039901733,0.9903177618980408,0.9241394996643066,0.9909113049507141,0.9459091424942017
66,0.999860942363739,0.9918999671936035,0.9990556836128235,0.9847438335418701,0.9981145262718201,0.9707995057106018,2.6249999791616574e-06,0.33902671933174133,0.9990047216415405,0.9816011786460876,0.9991071224212646,0.9881730675697327,0.9986236691474915,0.9623345732688904,0.9905676245689392,0.9341014623641968,0.9813178181648254,0.8815582394599915,0.3450336456298828,0.9908559918403625,0.9269329309463501,0.99028480052948,0.9446752667427063
67,0.9998769164085388,0.9830915331840515,0.9991879463195801,0.9669949412345886,0.9983776807785034,0.9546709656715393,2.6249999791616574e-06,0.338922381401062,0.999183714389801,0.96410071849823,0.9991926550865173,0.9702976942062378,0.9986276030540466,0.9629504680633545,0.9905969500541687,0.9353041052818298,0.9813755750656128,0.8827611804008484,0.34501269459724426,0.9906062483787537,0.925499439239502,0.9905926585197449,0.9481704831123352
68,0.9998875260353088,0.9871942400932312,0.9992677569389343,0.9751201868057251,0.9985368847846985,0.9625023603439331,1.3124999895808287e-06,0.33890339732170105,0.9992862939834595,0.9707022905349731,0.9992491006851196,0.9799565076828003,0.9986355304718018,0.9626011848449707,0.9906507134437561,0.9345515370368958,0.9814808368682861,0.881598711013794,0.345018208026886,0.9905138611793518,0.9255461096763611,0.9907930493354797,0.9465628266334534
69,0.9998886585235596,0.9837812781333923,0.9992510080337524,0.9683118462562561,0.9985043406486511,0.9572454690933228,1.3124999895808287e-06,0.33887970447540283,0.9992458820343018,0.965598464012146,0.9992566108703613,0.9711417555809021,0.9986386299133301,0.962870180606842,0.9906604886054993,0.9350797533988953,0.9815003871917725,0.8825790882110596,0.3450324237346649,0.9902961850166321,0.9237006902694702,0.9910305142402649,0.9494909048080444
70,0.9998896718025208,0.9925051927566528,0.9992835521697998,0.9857268333435059,0.9985679388046265,0.9731056690216064,1.3124999895808287e-06,0.33885693550109863,0.9992759823799133,0.98418128490448,0.9992905259132385,0.9886096715927124,0.9986321926116943,0.9624230265617371,0.990622341632843,0.9342237114906311,0.9814251661300659,0.8817852735519409,0.3450390696525574,0.9908744692802429,0.9226134419441223,0.9903756976127625,0.9498274326324463
71,0.999891996383667,0.9943874478340149,0.999295175075531,0.9894797801971436,0.9985918998718262,0.9793761968612671,1.3124999895808287e-06,0.3388579189777374,0.9992994666099548,0.986888587474823,0.9992912411689758,0.9922866225242615,0.9986327886581421,0.9631889462471008,0.9906294941902161,0.9357485771179199,0.9814394116401672,0.8833329081535339,0.3450452387332916,0.9906232953071594,0.9270822405815125,0.9906409382820129,0.9474442005157471
72,0.9998766183853149,0.9888389706611633,0.9991750121116638,0.978503406047821,0.99835205078125,0.9674912095069885,1.3124999895808287e-06,0.3389209806919098,0.9991672039031982,0.976203978061676,0.9991827607154846,0.9809789061546326,0.9986419677734375,0.9623298645019531,0.990692675113678,0.9339668154716492,0.9815633893013,0.8813794851303101,0.34501969814300537,0.9906456470489502,0.9244109392166138,0.9907450079917908,0.9473735690116882
0,0.9499211311340332,0.4106656014919281,0.8024864196777344,0.018844930455088615,0.6950010657310486,0.012406134977936745,4.199999966658652e-05,0.6661227941513062,0.7860202193260193,0.07901628315448761,0.8528726696968079,0.01920185051858425,0.4088616967201233,0.09866625815629959,0.19733238220214844,1.3226724604464835e-07,0.10977810621261597,1.3226724604464835e-07,2.19270396232605,0.10977815836668015,0.0,0.9999958276748657,0.0
1,0.9883973002433777,0.6641968488693237,0.9236962199211121,0.4046975076198578,0.8588829040527344,0.2932989001274109,4.199999966658652e-05,0.4299786388874054,0.9169606566429138,0.6347613334655762,0.9332119822502136,0.33013641834259033,0.8907513618469238,0.1706906259059906,0.34138116240501404,1.3226724604464835e-07,0.20718061923980713,1.3226724604464835e-07,1.0617692470550537,0.30817341804504395,0.0,0.38834962248802185,0.0
2,0.9911746382713318,0.7866319417953491,0.9412640929222107,0.632000207901001,0.8893157839775085,0.4970532953739166,4.199999966658652e-05,0.4037647247314453,0.939440906047821,0.7490692138671875,0.9445613026618958,0.5733903050422668,0.9339272975921631,0.24490351974964142,0.48980697989463806,1.3226724604464835e-07,0.32688260078430176,1.3226724604464835e-07,0.7456274628639221,0.5710372924804688,0.0,0.4342673420906067,0.0
3,0.99336838722229,0.8215470314025879,0.9562407732009888,0.6868531703948975,0.9163216352462769,0.5602612495422363,4.199999966658652e-05,0.3873279094696045,0.9526479244232178,0.7784395813941956,0.9606301784515381,0.6403493285179138,0.9450863599777222,0.22123712301254272,0.4424741268157959,1.3226724604464835e-07,0.28840699791908264,1.3226724604464835e-07,0.6191961765289307,0.903484582901001,0.0,0.29710283875465393,0.0
4,0.9932085275650024,0.8350715041160583,0.9551769495010376,0.7149660587310791,0.914440393447876,0.5881394743919373,4.199999966658652e-05,0.38449135422706604,0.9535476565361023,0.7973100543022156,0.9582138061523438,0.6835994720458984,0.968280017375946,0.44466739892959595,0.7401185035705566,0.14921651780605316,0.5957546830177307,0.08987794071435928,0.5046607851982117,0.9211485981941223,0.5039233565330505,0.6280086636543274,0.09409839659929276
5,0.9948727488517761,0.8552225232124329,0.9658738970756531,0.7445715069770813,0.9340958595275879,0.6227813363075256,4.199999966658652e-05,0.37421631813049316,0.963793933391571,0.7988749742507935,0.968464195728302,0.7241324782371521,0.9908319115638733,0.75286465883255,0.9366932511329651,0.5690361857414246,0.8812354207038879,0.4480886161327362,0.39617058634757996,0.9525279402732849,0.7688933610916138,0.9220746755599976,0.488285094499588
6,0.9950487613677979,0.8680646419525146,0.9670981764793396,0.7690315246582031,0.9364500641822815,0.6544963717460632,4.199999966658652e-05,0.37153103947639465,0.9656693339347839,0.8271083831787109,0.9691401720046997,0.7453618049621582,0.9944509863853455,0.8460984826087952,0.9619216918945312,0.7302750945091248,0.926748514175415,0.604465663433075,0.37572014331817627,0.9778299927711487,0.7598323822021484,0.9466331601142883,0.7343077063560486
7,0.9952678084373474,0.8827274441719055,0.9685055613517761,0.7969493269920349,0.9390443563461304,0.6801836490631104,4.199999966658652e-05,0.3690674901008606,0.9670318365097046,0.8481935858726501,0.9704990983009338,0.771085798740387,0.9954531788825989,0.8713507652282715,0.9692046642303467,0.773496687412262,0.9402958154678345,0.6468001008033752,0.3673270344734192,0.9753899574279785,0.7610734701156616,0.9632454514503479,0.8220983147621155
8,0.9958814382553101,0.8925302624702454,0.9725024700164795,0.8125577569007874,0.9465610980987549,0.7007174491882324,4.199999966658652e-05,0.3653367757797241,0.9712884426116943,0.8447812795639038,0.974155068397522,0.7979207038879395,0.9962570071220398,0.8834224939346313,0.9747504591941833,0.7920945882797241,0.9507810473442078,0.688758909702301,0.3622899651527405,0.9750961065292358,0.8141252994537354,0.9744451642036438,0.7771238684654236
9,0.9965376257896423,0.9085466265678406,0.9768858551979065,0.8402069807052612,0.9548629522323608,0.7390245795249939,4.199999966658652e-05,0.3613673150539398,0.975284218788147,0.8672856688499451,0.9787043929100037,0.8263782262802124,0.9964016675949097,0.8999018669128418,0.9756289720535278,0.8241745829582214,0.9524592757225037,0.7156651020050049,0.36105725169181824,0.9780954718589783,0.8110378384590149,0.9732245802879333,0.84523606300354
10,0.996599018573761,0.8982067704200745,0.9773206114768982,0.8190934062004089,0.955700159072876,0.7167048454284668,4.199999966658652e-05,0.3603176772594452,0.9764492511749268,0.8463108539581299,0.9784038662910461,0.809222936630249,0.9968346953392029,0.8944677114486694,0.9790006279945374,0.8099346160888672,0.9588814377784729,0.7029892206192017,0.35872504115104675,0.9734848141670227,0.8653243184089661,0.9846060872077942,0.7965118885040283
11,0.9970112442970276,0.9117924571037292,0.9800649285316467,0.8435198068618774,0.9609445333480835,0.7493154406547546,4.199999966658652e-05,0.35770052671432495,0.9788433909416199,0.8674342632293701,0.9814587235450745,0.82921302318573,0.9959103465080261,0.8969212174415588,0.9718980193138123,0.8219443559646606,0.9453887343406677,0.7113304138183594,0.36166518926620483,0.9917306303977966,0.8082844614982605,0.9529266953468323,0.8583584427833557
12,0.9970694184303284,0.9172973036766052,0.9803791046142578,0.8542159795761108,0.9615557193756104,0.7599378824234009,4.199999966658652e-05,0.35682737827301025,0.9794095754623413,0.8713634610176086,0.9815581440925598,0.8480308651924133,0.996799647808075,0.8989391326904297,0.9784911274909973,0.8193871974945068,0.9579141736030579,0.707430899143219,0.3576417565345764,0.975800633430481,0.7535272240638733,0.9812213778495789,0.9062678813934326
13,0.9972020983695984,0.9106719493865967,0.9812759160995483,0.8400682210922241,0.9632808566093445,0.7478697896003723,4.199999966658652e-05,0.35570576786994934,0.9805143475532532,0.8493949174880981,0.9821848273277283,0.8404477834701538,0.997139573097229,0.9115316271781921,0.9806659817695618,0.8423973321914673,0.9620826840400696,0.7508611083030701,0.3557078540325165,0.9829580187797546,0.8408505320549011,0.9784054756164551,0.8892749547958374
14,0.9973863959312439,0.9207437634468079,0.9825533032417297,0.8589348793029785,0.9657307267189026,0.7727711200714111,4.199999966658652e-05,0.3543800413608551,0.9819298386573792,0.872853696346283,0.9832949638366699,0.8532273173332214,0.9972860813140869,0.9149455428123474,0.9815981388092041,0.8482927083969116,0.9638758301734924,0.7539079189300537,0.35475239157676697,0.9853472709655762,0.9025263786315918,0.9778978228569031,0.8204517364501953
15,0.9975113868713379,0.9245098233222961,0.9833856821060181,0.8656331896781921,0.9673402905464172,0.7837245464324951,4.199999966658652e-05,0.35336315631866455,0.9825777411460876,0.8880416750907898,0.9843212366104126,0.8613060116767883,0.9974316358566284,0.9145137071609497,0.982709527015686,0.8463180661201477,0.9660198092460632,0.7485087513923645,0.3535998463630676,0.9811959862709045,0.895691990852356,0.9842559695243835,0.8115413784980774
16,0.9976343512535095,0.9319294691085815,0.9842101335525513,0.8796485066413879,0.9689360857009888,0.794752836227417,4.199999966658652e-05,0.35243070125579834,0.9834036231040955,0.8949140310287476,0.9851128458976746,0.8771808743476868,0.9970468282699585,0.9246033430099487,0.9800883531570435,0.8691185116767883,0.960974931716919,0.7774317860603333,0.35503533482551575,0.9843528270721436,0.8908393979072571,0.9758847951889038,0.8550216555595398
17,0.997534990310669,0.9201618432998657,0.9835339188575745,0.8567895293235779,0.967632532119751,0.7732027173042297,4.199999966658652e-05,0.352557897567749,0.9835368990898132,0.8807967305183411,0.9836854338645935,0.8520799279212952,0.9973831176757812,0.9123621582984924,0.9823988080024719,0.8423254489898682,0.9654245972633362,0.7471777200698853,0.353340744972229,0.9796810746192932,0.900592029094696,0.9851633310317993,0.818208634853363
18,0.9979043006896973,0.9307684302330017,0.9858115911483765,0.8757253885269165,0.9720456600189209,0.7978028655052185,4.199999966658652e-05,0.3507961928844452,0.9847123026847839,0.8991647362709045,0.9870035648345947,0.8676475286483765,0.997548520565033,0.9327951669692993,0.9834206104278564,0.882169783115387,0.9673969745635986,0.7984377145767212,0.35216018557548523,0.9895383715629578,0.9061534404754639,0.9774014353752136,0.8630916476249695
19,0.9979984760284424,0.9404116868972778,0.9867719411849976,0.8940509557723999,0.9739029407501221,0.8218187689781189,4.199999966658652e-05,0.3499250113964081,0.9868483543395996,0.8947461843490601,0.9867502450942993,0.8974916338920593,0.9975424408912659,0.9177682995796204,0.9834924936294556,0.8520442843437195,0.9675349593162537,0.7585539221763611,0.35180965065956116,0.9823660850524902,0.9307904839515686,0.9846405982971191,0.8051537275314331
20,0.9979026913642883,0.9405061602592468,0.9859973788261414,0.8950148224830627,0.9724027514457703,0.8173717260360718,4.199999966658652e-05,0.3500613272190094,0.9852384924888611,0.9066954255104065,0.9868273735046387,0.8948149681091309,0.9974749684333801,0.9200126528739929,0.9829649329185486,0.8570603728294373,0.9665166735649109,0.7607306838035583,0.3521237075328827,0.9870071411132812,0.895037055015564,0.9789761900901794,0.8399094939231873
21,0.9980367422103882,0.9377193450927734,0.9868561625480652,0.8885824680328369,0.9740762114524841,0.8155502080917358,4.199999966658652e-05,0.349334180355072,0.9866387844085693,0.8961697220802307,0.9871401190757751,0.8922322988510132,0.9976010322570801,0.932010293006897,0.9838445782661438,0.8801758289337158,0.9682176113128662,0.7947731018066406,0.35113370418548584,0.9836683869361877,0.8949036598205566,0.9840457439422607,0.8768681883811951
22,0.9982258677482605,0.9478594064712524,0.9882555603981018,0.9074636101722717,0.9767963290214539,0.8373358845710754,4.199999966658652e-05,0.34829455614089966,0.9879626631736755,0.9129684567451477,0.9885936975479126,0.9103858470916748,0.9976980686187744,0.9267337322235107,0.9843482375144958,0.8691189289093018,0.9691908955574036,0.7835891246795654,0.35033318400382996,0.9783733487129211,0.9258268475532532,0.9904124736785889,0.8410841226577759
23,0.998075544834137,0.9335125088691711,0.9870599508285522,0.8799644708633423,0.974464476108551,0.8111684322357178,4.199999966658652e-05,0.34867629408836365,0.986675500869751,0.8865741491317749,0.987507164478302,0.8816149830818176,0.9976440668106079,0.9351298809051514,0.9840371012687683,0.8862223625183105,0.9685920476913452,0.803135097026825,0.3508012890815735,0.9859502911567688,0.8819429874420166,0.9821425676345825,0.8936779499053955
24,0.9981803297996521,0.9435845017433167,0.9878121018409729,0.899356484413147,0.975933849811554,0.8286791443824768,4.199999966658652e-05,0.3481287658214569,0.9877671003341675,0.9090878963470459,0.9879183769226074,0.8970720767974854,0.9975094795227051,0.9330393075942993,0.9830682277679443,0.8830105066299438,0.9667165279388428,0.8035436868667603,0.35122478008270264,0.9871965050697327,0.8767032027244568,0.9789949059486389,0.9023852348327637
25,0.9981896281242371,0.9524409770965576,0.9877386689186096,0.9171431064605713,0.9757905006408691,0.8566762804985046,4.199999966658652e-05,0.3478480279445648,0.987362802028656,0.9202948212623596,0.988166868686676,0.9162958264350891,0.997739851474762,0.9450562000274658,0.984586238861084,0.905526340007782,0.9696547985076904,0.8311800956726074,0.34974372386932373,0.9889084696769714,0.8974599242210388,0.9803145527839661,0.9162576198577881
26,0.9983478784561157,0.9441244602203369,0.9890048503875732,0.899243175983429,0.9782597422599792,0.836504340171814,4.199999966658652e-05,0.34693947434425354,0.9887363910675049,0.9069914817810059,0.989311695098877,0.8998844027519226,0.9978692531585693,0.9382466077804565,0.9854478240013123,0.891045331954956,0.9713237285614014,0.8111692070960999,0.3490707278251648,0.9879406094551086,0.905332088470459,0.9829842448234558,0.8868462443351746
27,0.9983548521995544,0.9543566107749939,0.9888774752616882,0.9198354482650757,0.9780118465423584,0.8554947376251221,4.199999966658652e-05,0.3468494117259979,0.9884498715400696,0.9163485765457153,0.989335298538208,0.9273856282234192,0.9979662895202637,0.946045458316803,0.986057460308075,0.9060336947441101,0.9725109934806824,0.8346588015556335,0.34862464666366577,0.9895981550216675,0.8834965229034424,0.9825520515441895,0.9336420297622681
28,0.9983708262443542,0.9508556127548218,0.9891366362571716,0.9125747680664062,0.9785158038139343,0.8535076379776001,4.199999966658652e-05,0.3464915454387665,0.9890260100364685,0.9129867553710938,0.9892815947532654,0.9163169860839844,0.9978768825531006,0.939277172088623,0.9855265617370605,0.8930279016494751,0.9714797139167786,0.8145685791969299,0.34896376729011536,0.9839204549789429,0.9333959221839905,0.9871529936790466,0.863972008228302
29,0.9983891844749451,0.9463062882423401,0.9892686605453491,0.903343677520752,0.9787819385528564,0.8402556777000427,4.199999966658652e-05,0.346444696187973,0.989200234413147,0.9047300219535828,0.9893852472305298,0.9089512825012207,0.9979458451271057,0.941250741481781,0.9859850406646729,0.8965165019035339,0.972369372844696,0.8199415802955627,0.34843721985816956,0.9880173206329346,0.8883349895477295,0.9839723110198975,0.9109353423118591
30,0.9985191226005554,0.9614847302436829,0.9901204109191895,0.9328491687774658,0.9804426431655884,0.8781296610832214,4.199999966658652e-05,0.3457305133342743,0.9900379776954651,0.9380548000335693,0.9902281165122986,0.9334938526153564,0.997957170009613,0.9504011273384094,0.9860926270484924,0.9147098064422607,0.9725772738456726,0.8468915820121765,0.3482440114021301,0.9882645606994629,0.9290853142738342,0.9839360117912292,0.9027840495109558
31,0.9986599087715149,0.9533460140228271,0.991086483001709,0.9156052470207214,0.9823379516601562,0.8632491230964661,4.199999966658652e-05,0.3450022041797638,0.9908367395401001,0.9152241349220276,0.9913592338562012,0.9193292856216431,0.997812807559967,0.9432678818702698,0.9851289987564087,0.9014067649841309,0.9707052111625671,0.827756404876709,0.34901192784309387,0.992229163646698,0.9284579753875732,0.9781425595283508,0.8788099884986877
32,0.9987270832061768,0.9651723504066467,0.9914706945419312,0.9388741850852966,0.9830926656723022,0.8881129622459412,4.199999966658652e-05,0.34464091062545776,0.9911781549453735,0.9376048445701599,0.9917811751365662,0.9455810785293579,0.9980148077011108,0.9390863180160522,0.9864311218261719,0.8917415738105774,0.9732403755187988,0.8129817843437195,0.3478303849697113,0.9923024773597717,0.8411930799484253,0.9806470274925232,0.9609076976776123
33,0.9987695217132568,0.9570661783218384,0.9918054342269897,0.9223264455795288,0.9837518334388733,0.8662064075469971,4.199999966658652e-05,0.34427863359451294,0.9917356371879578,0.9224792718887329,0.991891622543335,0.925861656665802,0.9980749487876892,0.9514555335044861,0.9868779182434082,0.9160332679748535,0.9741041660308838,0.8481711745262146,0.3477851450443268,0.9907188415527344,0.8879312872886658,0.9830783009529114,0.9506291747093201
34,0.9986987113952637,0.9599388837814331,0.9912674427032471,0.9286103844642639,0.9826930165290833,0.8772217631340027,4.199999966658652e-05,0.34450283646583557,0.9910475015640259,0.9228626489639282,0.9915171265602112,0.9380341172218323,0.9979727268218994,0.9485809803009033,0.9861549139022827,0.9110071659088135,0.9726992249488831,0.8409880995750427,0.34788477420806885,0.9840925335884094,0.9057379364967346,0.9882365465164185,0.9187164902687073
35,0.9986401200294495,0.9607257843017578,0.9908681511878967,0.9305829405784607,0.9819093942642212,0.878537654876709,4.199999966658652e-05,0.3446887135505676,0.9906275868415833,0.9309742450714111,0.9911466240882874,0.9354506134986877,0.9981857538223267,0.9547350406646729,0.9876066446304321,0.9218634963035583,0.9755256175994873,0.8582659363746643,0.34680530428886414,0.9890837669372559,0.9211416840553284,0.9861443042755127,0.9245050549507141
36,0.9988510608673096,0.9666005969047546,0.9923213720321655,0.940879762172699,0.9847654700279236,0.8924162983894348,4.199999966658652e-05,0.3437029719352722,0.9923068284988403,0.9453957080841064,0.9923449158668518,0.9420353174209595,0.9980923533439636,0.9479116797447205,0.9870227575302124,0.9088006019592285,0.974386990070343,0.8399762511253357,0.3473230302333832,0.9904573559761047,0.9196106791496277,0.9836239814758301,0.903110682964325
37,0.9987182021141052,0.9629293084144592,0.9914131760597229,0.9344454407691956,0.9829823970794678,0.8829291462898254,4.199999966658652e-05,0.3441106379032135,0.9912861585617065,0.9384996294975281,0.9915711283683777,0.9354473948478699,0.9976714849472046,0.9435262084007263,0.9842143058776855,0.9028385877609253,0.9689282774925232,0.8309672474861145,0.3495818078517914,0.9926490783691406,0.8939478397369385,0.9759350419044495,0.9172040820121765
38,0.9988247752189636,0.9655154943466187,0.9921216368675232,0.9389089345932007,0.9843742251396179,0.8941339254379272,4.199999966658652e-05,0.3437184989452362,0.992037296295166,0.9386929869651794,0.9922211170196533,0.9410218000411987,0.9980947971343994,0.9506385922431946,0.9869897961616516,0.9142875075340271,0.974323034286499,0.8471815586090088,0.34738460183143616,0.9869569540023804,0.8985923528671265,0.9870310425758362,0.9350070953369141
39,0.9987798929214478,0.9536725878715515,0.9918692708015442,0.9154757857322693,0.9838777780532837,0.8585328459739685,4.199999966658652e-05,0.34379827976226807,0.9917929768562317,0.9135341644287109,0.9919673204421997,0.9226939678192139,0.9980667233467102,0.9407274723052979,0.9867469072341919,0.8947082757949829,0.9738520979881287,0.8174427151679993,0.34725135564804077,0.9886831641197205,0.9411531686782837,0.9848284125328064,0.8591191172599792
40,0.9988124966621399,0.9690760970115662,0.9920528531074524,0.9460994005203247,0.9842370748519897,0.8995718359947205,4.199999966658652e-05,0.3435412347316742,0.9920802116394043,0.9424623250961304,0.9920395016670227,0.9522814154624939,0.9980618357658386,0.9522411823272705,0.9867696166038513,0.917712926864624,0.9738929271697998,0.8508320450782776,0.34719017148017883,0.9902501702308655,0.9181886315345764,0.9833199381828308,0.9193848967552185
41,0.9991758465766907,0.9758427143096924,0.9944713711738586,0.9572141170501709,0.9890084266662598,0.9197824001312256,2.099999983329326e-05,0.34206023812294006,0.9942084550857544,0.9566521644592285,0.9947430491447449,0.9597347378730774,0.9984066486358643,0.9608206152915955,0.9891014099121094,0.9325395822525024,0.9784442782402039,0.8768400549888611,0.34552791714668274,0.9933338165283203,0.9279390573501587,0.9849106669425964,0.9386628866195679
42,0.9994176626205444,0.9815829396247864,0.9960940480232239,0.9670713543891907,0.9922204613685608,0.9377898573875427,2.099999983329326e-05,0.34111273288726807,0.9960968494415283,0.962924063205719,0.9960946440696716,0.9724040031433105,0.9985024929046631,0.9601585865020752,0.9897370934486389,0.9305804371833801,0.9796884655952454,0.8748144507408142,0.3451249301433563,0.9923350811004639,0.916821300983429,0.987156093120575,0.9467166662216187
43,0.9994727373123169,0.9854487776756287,0.9964736104011536,0.9744238257408142,0.9929745197296143,0.9504472613334656,2.099999983329326e-05,0.34084391593933105,0.9964131712913513,0.9705094695091248,0.9965394735336304,0.9787624478340149,0.9984472393989563,0.9625571966171265,0.989363431930542,0.9357510209083557,0.9789591431617737,0.8813433051109314,0.3455358147621155,0.9849270582199097,0.9519156813621521,0.9938458800315857,0.9216256141662598
44,0.9994843006134033,0.9819632172584534,0.9965476393699646,0.9673789739608765,0.9931201338768005,0.9380810260772705,2.099999983329326e-05,0.3407176733016968,0.9963622093200684,0.9638524055480957,0.9967363476753235,0.9715345501899719,0.9985330104827881,0.9628865122795105,0.9899283647537231,0.9358442425727844,0.9800641536712646,0.8822972178459167,0.34503841400146484,0.9895501136779785,0.9265138506889343,0.9903119802474976,0.9468716979026794
45,0.9995488524436951,0.9835295677185059,0.9969342947006226,0.9701241850852966,0.9938896298408508,0.9431527853012085,2.099999983329326e-05,0.34043747186660767,0.9968552589416504,0.9647353887557983,0.9970152974128723,0.9765213131904602,0.998557448387146,0.9613873362541199,0.9901393055915833,0.9326353669166565,0.9804786443710327,0.87836092710495,0.34500816464424133,0.9892283082008362,0.9351834654808044,0.991055965423584,0.9317386150360107
46,0.999521791934967,0.9737426042556763,0.9968039989471436,0.950681209564209,0.9936310648918152,0.9263371229171753,2.099999983329326e-05,0.3404562473297119,0.9967232346534729,0.9494103193283081,0.9968875050544739,0.952292799949646,0.9985010027885437,0.9623776078224182,0.9897463917732239,0.9350088238716125,0.9797077178955078,0.8815823197364807,0.34530285000801086,0.9879539012908936,0.928640604019165,0.9915488958358765,0.9421703219413757
47,0.9995546936988831,0.9852964878082275,0.9970282912254333,0.9735646843910217,0.9940760731697083,0.94950270652771,2.099999983329326e-05,0.34028899669647217,0.9969009160995483,0.9699533581733704,0.9971586465835571,0.9785698652267456,0.9985010027885437,0.9606399536132812,0.9896995425224304,0.9315803647041321,0.9796156287193298,0.8756872415542603,0.3451869487762451,0.9911346435546875,0.9166160821914673,0.9882745146751404,0.949104368686676
48,0.9995427131652832,0.9802528619766235,0.9969585537910461,0.9635465741157532,0.9939372539520264,0.9397688508033752,2.099999983329326e-05,0.3402963876724243,0.9969015717506409,0.9650044441223145,0.9970172047615051,0.9634961485862732,0.9984524250030518,0.9560614824295044,0.9893978834152222,0.9227252006530762,0.9790254831314087,0.8630668520927429,0.345414400100708,0.9908416867256165,0.8914963006973267,0.9879646897315979,0.9622166156768799
49,0.9996326565742493,0.9815704822540283,0.9975696802139282,0.9655716419219971,0.9951521158218384,0.9439041614532471,1.049999991664663e-05,0.3399331569671631,0.9974789619445801,0.9604551792144775,0.9976616501808167,0.9723464250564575,0.9985852241516113,0.9620022773742676,0.9902981519699097,0.9337062835693359,0.9807894229888916,0.8804005980491638,0.344772070646286,0.9908239841461182,0.9172008633613586,0.9897769093513489,0.9538988471031189
50,0.9997227191925049,0.9852856993675232,0.9981167316436768,0.9724547863006592,0.9962421655654907,0.956245481967926,1.049999991664663e-05,0.3396000266075134,0.9980335831642151,0.9704679250717163,0.9982010722160339,0.9748983979225159,0.9985849261283875,0.96246737241745,0.9903067946434021,0.9346278309822083,0.9808061718940735,0.8810948729515076,0.34478625655174255,0.9901676177978516,0.9148598313331604,0.9904507398605347,0.9576571583747864
51,0.9997566938400269,0.9860637784004211,0.9983485341072083,0.9737789630889893,0.9967036247253418,0.9585254192352295,1.049999991664663e-05,0.3394899368286133,0.9983006119728088,0.9693853259086609,0.9983971118927002,0.9786776900291443,0.9986090064048767,0.961121678352356,0.9904359579086304,0.9318074584007263,0.9810608625411987,0.8774951696395874,0.34469863772392273,0.9909038543701172,0.9185106754302979,0.989972710609436,0.9490218162536621
52,0.9997659921646118,0.9916736483573914,0.9984438419342041,0.9849033355712891,0.9968936443328857,0.9706076979637146,1.049999991664663e-05,0.3393898904323578,0.9983928203582764,0.9824302196502686,0.9984959363937378,0.9875602722167969,0.9985815286636353,0.9616830945014954,0.9902603626251221,0.9331058263778687,0.9807151556015015,0.8785002827644348,0.3448200225830078,0.9910991787910461,0.9165068864822388,0.9894267916679382,0.9523337483406067
53,0.9997676610946655,0.9917352795600891,0.9984468817710876,0.9850237965583801,0.996899425983429,0.970848798751831,1.049999991664663e-05,0.33933502435684204,0.9984275102615356,0.9830637574195862,0.998466968536377,0.9872493743896484,0.9986013770103455,0.9639965295791626,0.9903838634490967,0.937609076499939,0.9809580445289612,0.8853306770324707,0.3448805510997772,0.989886462688446,0.929185152053833,0.9908866286277771,0.9471049308776855
54,0.9997805953025818,0.9925978779792786,0.9985294938087463,0.9866664409637451,0.9970645904541016,0.973915159702301,1.049999991664663e-05,0.33926090598106384,0.9984885454177856,0.9836357831954956,0.9985713958740234,0.9899075031280518,0.9986029267311096,0.9655861854553223,0.9903795719146729,0.940792977809906,0.9809499979019165,0.890611469745636,0.34487441182136536,0.9911946058273315,0.9331681728363037,0.9895703196525574,0.9496143460273743
55,0.9997883439064026,0.9922125935554504,0.9985729455947876,0.985852837562561,0.9971506595611572,0.9723444581031799,1.049999991664663e-05,0.3391965925693512,0.9985343813896179,0.9817829728126526,0.9986122846603394,0.9902667999267578,0.998577892780304,0.96356201171875,0.9902220964431763,0.9369022250175476,0.980640172958374,0.8840707540512085,0.3448965847492218,0.9899972677230835,0.9273558855056763,0.9904506802558899,0.9486506581306458
56,0.9997669458389282,0.991264820098877,0.9984334707260132,0.9840964674949646,0.9968737959861755,0.9690272808074951,1.049999991664663e-05,0.3392592668533325,0.9984057545661926,0.9810066223144531,0.9984617829322815,0.9875795245170593,0.9985812306404114,0.9632499814033508,0.9902507066726685,0.9362495541572571,0.980696439743042,0.8840067386627197,0.34495726227760315,0.9892627596855164,0.9242966175079346,0.9912457466125488,0.9506276845932007
57,0.999777615070343,0.9919312000274658,0.9985131025314331,0.9853494167327881,0.9970319271087646,0.9716427326202393,1.049999991664663e-05,0.3391753137111664,0.9984829425811768,0.9840829372406006,0.998543918132782,0.9872139096260071,0.998587965965271,0.9602505564689636,0.9903095364570618,0.9301912784576416,0.9808120131492615,0.8741065263748169,0.34506428241729736,0.9903607964515686,0.9117735028266907,0.9902635216712952,0.953317403793335
58,0.9998079538345337,0.9929928779602051,0.9987158179283142,0.9872696399688721,0.9974356889724731,0.9751647114753723,1.049999991664663e-05,0.33900803327560425,0.9986430406570435,0.9851281642913818,0.9987894296646118,0.9896283149719238,0.9985812306404114,0.9624840617179871,0.9902522563934326,0.934715986251831,0.9807003140449524,0.8812706470489502,0.3451250493526459,0.9891608953475952,0.9259397983551025,0.9913490414619446,0.9454591274261475
59,0.9997974634170532,0.9928703308105469,0.9986567497253418,0.9870844483375549,0.997317910194397,0.9746931195259094,1.049999991664663e-05,0.33903443813323975,0.9986332058906555,0.9847438335418701,0.9986807107925415,0.9896207451820374,0.9985766410827637,0.9631695747375488,0.9902330040931702,0.9361062049865723,0.9806617498397827,0.8837634921073914,0.34510016441345215,0.9898751974105835,0.9261627793312073,0.9905952215194702,0.9483599662780762
60,0.999835193157196,0.9941168427467346,0.9988974928855896,0.9893362522125244,0.9977980256080627,0.9791150689125061,5.249999958323315e-06,0.33887627720832825,0.9988599419593811,0.9873501062393188,0.9989356398582458,0.9915174245834351,0.9986050128936768,0.9612513780593872,0.9904157519340515,0.9320871233940125,0.9810207486152649,0.8775455355644226,0.34492164850234985,0.9899317026138306,0.918215274810791,0.9909045696258545,0.949581503868103
61,0.9998394846916199,0.9941103458404541,0.9989473819732666,0.9892737865447998,0.9978978037834167,0.9790216684341431,5.249999958323315e-06,0.338862806558609,0.9989217519760132,0.9865521788597107,0.9989733099937439,0.9922480583190918,0.9985934495925903,0.9634389281272888,0.9903241991996765,0.9365537166595459,0.9808414578437805,0.8851377367973328,0.34496375918388367,0.9898642897605896,0.9188141822814941,0.9907884001731873,0.9575852751731873
62,0.9998722672462463,0.9943544268608093,0.9990858435630798,0.9896234273910522,0.9981755018234253,0.9798052906990051,5.249999958323315e-06,0.3387198746204376,0.9990324378013611,0.9871976375579834,0.9991396069526672,0.992237389087677,0.9986016750335693,0.9631059765815735,0.9903502464294434,0.9358617663383484,0.9808927178382874,0.8831874132156372,0.3449503183364868,0.9905109405517578,0.9259400367736816,0.9901936054229736,0.9482348561286926
63,0.999881386756897,0.9947777390480042,0.9991807341575623,0.9903743267059326,0.9983640313148499,0.9812095165252686,5.249999958323315e-06,0.3386499881744385,0.9991713166236877,0.9871292114257812,0.9991905093193054,0.993847131729126,0.9986059665679932,0.9638767838478088,0.9904102087020874,0.9373436570167542,0.9810099005699158,0.8856729865074158,0.3449545204639435,0.9901960492134094,0.9269154071807861,0.9906281232833862,0.9498103857040405
64,0.9998782277107239,0.9952556490898132,0.9991773962974548,0.9913337230682373,0.9983572363853455,0.9829784631729126,5.249999958323315e-06,0.3386532664299011,0.9991368055343628,0.9897720813751221,0.9992188215255737,0.9930391907691956,0.9985949993133545,0.9643739461898804,0.9903281331062317,0.93841952085495,0.9808485507965088,0.8879595994949341,0.34511661529541016,0.9905878305435181,0.9226016998291016,0.9900731444358826,0.9566185474395752
65,0.9998902082443237,0.9954454898834229,0.9992729425430298,0.9916179776191711,0.9985471367835999,0.983558177947998,2.6249999791616574e-06,0.33858683705329895,0.9992509484291077,0.9896662831306458,0.9992950558662415,0.9937022924423218,0.9986019730567932,0.9629592299461365,0.9903689622879028,0.9355496168136597,0.9809289574623108,0.8835718631744385,0.345024973154068,0.9905099272727966,0.9188141822814941,0.9902332425117493,0.9557504057884216
66,0.9999016523361206,0.9965071082115173,0.999337375164032,0.9936765432357788,0.998676061630249,0.9875196218490601,2.6249999791616574e-06,0.33854180574417114,0.9993321299552917,0.9921518564224243,0.9993428587913513,0.9952771067619324,0.9985940456390381,0.9636726975440979,0.9903026819229126,0.9370427131652832,0.9807998538017273,0.8858789205551147,0.3450257480144501,0.9901044964790344,0.9246986508369446,0.9905049800872803,0.9522050619125366
67,0.9999072551727295,0.9956923723220825,0.999370813369751,0.9920141100883484,0.9987428784370422,0.9843212366104126,2.6249999791616574e-06,0.33851295709609985,0.9993506669998169,0.992005467414856,0.999391496181488,0.9922311902046204,0.998608410358429,0.9637600779533386,0.9903964996337891,0.9371238946914673,0.9809834361076355,0.8856089115142822,0.34502169489860535,0.9906559586524963,0.9245550036430359,0.9901406168937683,0.952059805393219
68,0.9999043941497803,0.9957283139228821,0.9993671178817749,0.9920892119407654,0.998735785484314,0.9845353960990906,2.6249999791616574e-06,0.3385196030139923,0.9993748664855957,0.9893784523010254,0.9993598461151123,0.9949352741241455,0.9985995292663574,0.9639810919761658,0.9903321862220764,0.9376299977302551,0.9808573722839355,0.8869415521621704,0.3450402021408081,0.9903203845024109,0.9215167164802551,0.9903488159179688,0.9568448662757874
69,0.9999196529388428,0.9962174892425537,0.999434232711792,0.9930000901222229,0.9988703727722168,0.9863322377204895,2.6249999791616574e-06,0.3384495675563812,0.9993979930877686,0.9904447793960571,0.9994714260101318,0.9957646131515503,0.9985964894294739,0.9641728401184082,0.9903194308280945,0.938025951385498,0.9808323383331299,0.8866947293281555,0.345075786113739,0.9899911284446716,0.9250681400299072,0.9906529784202576,0.9528563022613525
70,0.9999132752418518,0.9955994486808777,0.9993839859962463,0.9918148517608643,0.9987691640853882,0.9839756488800049,1.3124999895808287e-06,0.3384564518928528,0.9993618130683899,0.9895513653755188,0.999406099319458,0.9942864179611206,0.9985940456390381,0.9633402824401855,0.9903027415275574,0.9363778829574585,0.9807994961738586,0.8845794796943665,0.34507477283477783,0.9897302985191345,0.9225507974624634,0.9908798933029175,0.9531271457672119
71,0.9999313950538635,0.9967918992042542,0.9995384216308594,0.9940452575683594,0.9990778565406799,0.9882521033287048,1.3124999895808287e-06,0.3383648991584778,0.9995476603507996,0.9922972321510315,0.9995297193527222,0.9959155321121216,0.9986093044281006,0.9630346894264221,0.9904139041900635,0.9356552362442017,0.9810171723365784,0.8835961222648621,0.34503161907196045,0.9905210137367249,0.9212344884872437,0.9903112053871155,0.9531745910644531
72,0.9999246001243591,0.9966496229171753,0.9994673728942871,0.9938316941261292,0.9989364147186279,0.9878327250480652,1.3124999895808287e-06,0.3384134769439697,0.9994545578956604,0.9913099408149719,0.9994803667068481,0.9964593648910522,0.9986007809638977,0.9628111124038696,0.9903599619865417,0.935262143611908,0.9809116125106812,0.8829076886177063,0.34504836797714233,0.9900994896888733,0.9218865036964417,0.9906252026557922,0.951652467250824
73,0.9999304413795471,0.996855616569519,0.9995315670967102,0.9941802024841309,0.9990631937980652,0.988525927066803,1.3124999895808287e-06,0.3383716344833374,0.9995076656341553,0.9927408695220947,0.9995548725128174,0.995668888092041,0.9986019730567932,0.9622785449028015,0.9903738498687744,0.9341831803321838,0.9809388518333435,0.8811303973197937,0.3450579047203064,0.990247905254364,0.9194439649581909,0.9905042052268982,0.9521797299385071
74,0.9999291896820068,0.9961110949516296,0.9995220303535461,0.9927003979682922,0.9990443587303162,0.9857220649719238,1.3124999895808287e-06,0.33837413787841797,0.9995086193084717,0.9908032417297363,0.9995351433753967,0.9947477579116821,0.9986032247543335,0.9623737931251526,0.9903815984725952,0.93436598777771,0.9809536933898926,0.8815353512763977,0.3450894057750702,0.9900112748146057,0.9192306995391846,0.9907563924789429,0.9527794122695923
