epoch,accuracy,dice_avg,dice_liver,dice_tumor,iou_liver,iou_tumor,learning_rate,loss,precision_liver,precision_tumor,recall_liver,recall_tumor,val_accuracy,val_dice_avg,val_dice_liver,val_dice_tumor,val_iou_liver,val_iou_tumor,val_loss,val_precision_liver,val_precision_tumor,val_recall_liver,val_recall_tumor
0,0.933735191822052,0.3887687623500824,0.7772029042243958,0.0003346166049595922,0.6666535139083862,0.00016811351815704256,4.199999966658652e-05,0.7436037659645081,0.7478585839271545,0.00017833935271482915,0.8729374408721924,0.006169678643345833,0.8458135724067688,0.10903343558311462,0.21806664764881134,1.8142959845590667e-07,0.12288380414247513,1.8142959845590667e-07,1.6617299318313599,0.1747148483991623,0.0,0.2971022129058838,0.0
1,0.9874008297920227,0.5274882316589355,0.9167689681053162,0.13820765912532806,0.8469756841659546,0.09003324806690216,4.199999966658652e-05,0.43704691529273987,0.9060020446777344,0.3683536946773529,0.9306373000144958,0.09472114592790604,0.8947350978851318,0.19843250513076782,0.3968649208545685,4.703597866750897e-08,0.24891170859336853,4.703597866750897e-08,1.179823398590088,0.33603426814079285,0.0,0.49749016761779785,0.0
2,0.9900792837142944,0.676425039768219,0.9342156052589417,0.41863399744033813,0.8770189881324768,0.3054243326187134,4.199999966658652e-05,0.40974748134613037,0.9305374622344971,0.6168087124824524,0.9400544762611389,0.34152084589004517,0.934191882610321,0.2704949975013733,0.5409899353981018,1.0756674839740299e-07,0.3728671669960022,1.0756674839740299e-07,0.8792585730552673,0.5493336319923401,0.0,0.5522892475128174,0.0
3,0.9923915863037109,0.7674224972724915,0.9498335123062134,0.5850113034248352,0.9046279191970825,0.4553737938404083,4.199999966658652e-05,0.3919273316860199,0.9472282528877258,0.7501741051673889,0.9534628987312317,0.5159085988998413,0.9248540997505188,0.31320711970329285,0.6264142394065857,6.128649943093478e-08,0.4614371359348297,6.128649943093478e-08,0.7359132170677185,0.48933982849121094,0.0,0.8929203748703003,0.0
4,0.9933211803436279,0.7830131649971008,0.9562050700187683,0.6098215579986572,0.9162273406982422,0.4883549213409424,4.199999966658652e-05,0.38361209630966187,0.9528318643569946,0.7203968167304993,0.9605906009674072,0.5538146495819092,0.9669793844223022,0.4056282937526703,0.7969719171524048,0.014284773729741573,0.6642353534698486,0.007503937464207411,0.541302502155304,0.7308095693588257,0.15999993681907654,0.881554126739502,0.007503693923354149
5,0.9938217401504517,0.8104173541069031,0.9591590762138367,0.6616755127906799,0.9216732978820801,0.5396249294281006,4.199999966658652e-05,0.3787444233894348,0.956284761428833,0.7605842351913452,0.9630464911460876,0.6070795059204102,0.9888330101966858,0.5809684991836548,0.9236688017845154,0.2382679432630539,0.8585520386695862,0.16924753785133362,0.41042613983154297,0.9296027421951294,0.5078595876693726,0.918322741985321,0.17263124883174896
6,0.9946406483650208,0.8185920119285583,0.9645655751228333,0.6726181507110596,0.9316694736480713,0.5541424751281738,4.199999966658652e-05,0.37342286109924316,0.9619767665863037,0.7610344886779785,0.9678135514259338,0.6255336403846741,0.9937753081321716,0.7916067242622375,0.9577059745788574,0.625507652759552,0.9188981652259827,0.4880297780036926,0.3798978924751282,0.9474364519119263,0.890277087688446,0.9684215784072876,0.511746883392334
7,0.995309591293335,0.8381538987159729,0.9693284630775452,0.7069797515869141,0.9405664801597595,0.587786853313446,4.199999966658652e-05,0.3681110739707947,0.9666883945465088,0.784696638584137,0.9725654125213623,0.6642199158668518,0.9955758452415466,0.8912426829338074,0.9696557521820068,0.8128292560577393,0.9411399960517883,0.688090980052948,0.3678922951221466,0.9787248969078064,0.7928624749183655,0.9608471393585205,0.8482736349105835
8,0.9957525730133057,0.8630224466323853,0.9719017148017883,0.7541435956954956,0.9454059600830078,0.635908305644989,4.199999966658652e-05,0.3651154637336731,0.9703207612037659,0.8417535424232483,0.9738361835479736,0.7105858325958252,0.9963076710700989,0.8878799676895142,0.9745222330093384,0.801237165927887,0.9503425359725952,0.6915667057037354,0.3626353442668915,0.9714624285697937,0.8421846032142639,0.977634608745575,0.76898592710495
9,0.9960245490074158,0.8872957825660706,0.9736788868904114,0.8009125590324402,0.9487627148628235,0.6855565905570984,4.199999966658652e-05,0.36284321546554565,0.9721689820289612,0.8669053912162781,0.9755291938781738,0.7597568035125732,0.9964117407798767,0.8771541118621826,0.9757034778594971,0.7786049842834473,0.9525833129882812,0.6565021276473999,0.36103665828704834,0.9730594158172607,0.8624401688575745,0.9783791899681091,0.7474332451820374
10,0.9964231252670288,0.8876884579658508,0.9759219288825989,0.7994548082351685,0.953044593334198,0.6879029273986816,4.199999966658652e-05,0.3604004979133606,0.9740944504737854,0.8608518838882446,0.9780744314193726,0.7615419030189514,0.9966149926185608,0.8990490436553955,0.9767825603485107,0.821315586566925,0.9546434283256531,0.7041768431663513,0.35981500148773193,0.9801665544509888,0.8968597650527954,0.9734565019607544,0.7644444108009338
11,0.9961240291595459,0.881691575050354,0.9737117290496826,0.7896712422370911,0.949013352394104,0.6790604591369629,4.199999966658652e-05,0.3611964285373688,0.972551703453064,0.8662008047103882,0.975364089012146,0.749478816986084,0.9951111078262329,0.8567512631416321,0.9668952822685242,0.7466073632240295,0.9359416365623474,0.6362531185150146,0.3666558861732483,0.9690749645233154,0.7568359375,0.9648097157478333,0.7436137199401855
12,0.9963648915290833,0.8763094544410706,0.9758071303367615,0.7768116593360901,0.9528325796127319,0.6717796921730042,4.199999966658652e-05,0.3595028221607208,0.9750235080718994,0.828193724155426,0.9768227338790894,0.7507109045982361,0.9965460300445557,0.8925334215164185,0.9764948487281799,0.8085720539093018,0.954085111618042,0.7018619775772095,0.3581489324569702,0.9818311333656311,0.8596809506416321,0.9712581634521484,0.7720556855201721
13,0.9969296455383301,0.9010282158851624,0.9795109033584595,0.8225452899932861,0.9598841667175293,0.7181733846664429,4.199999966658652e-05,0.3562180995941162,0.9780809879302979,0.8576444983482361,0.9811205863952637,0.8009501099586487,0.9969772100448608,0.9018582105636597,0.9796894788742065,0.8240269422531128,0.9602052569389343,0.7275594472885132,0.3559284210205078,0.9841269850730896,0.8319876194000244,0.9753148555755615,0.8234934210777283
14,0.9967837333679199,0.9031153321266174,0.9786856770515442,0.8275448083877563,0.9583072066307068,0.7272107005119324,4.199999966658652e-05,0.3564409911632538,0.9782042503356934,0.8941072225570679,0.9794285297393799,0.7975585460662842,0.9963955879211426,0.9137982130050659,0.9751659631729126,0.852430522441864,0.9515511393547058,0.7455654144287109,0.3575167953968048,0.9923032522201538,0.8119803071022034,0.9586382508277893,0.9017584323883057
15,0.9973052144050598,0.9168884754180908,0.9821254014968872,0.8516517877578735,0.9648972153663635,0.7554298639297485,4.199999966658652e-05,0.35371407866477966,0.9810693264007568,0.8861396908760071,0.9832919836044312,0.8291993141174316,0.9973156452178955,0.8857622742652893,0.9819218516349792,0.7896026372909546,0.9645028710365295,0.6959170699119568,0.3542653024196625,0.9791017770767212,0.7884981632232666,0.9847829937934875,0.8037838935852051
16,0.9974315166473389,0.9273912906646729,0.982888400554657,0.8718939423561096,0.9663808941841125,0.7779544591903687,4.199999966658652e-05,0.3526268005371094,0.9819188117980957,0.897828221321106,0.9840118885040283,0.854644238948822,0.997282087802887,0.9031932353973389,0.9810665249824524,0.8253198266029358,0.9628609418869019,0.7315511107444763,0.3537876009941101,0.9884883165359497,0.8603302240371704,0.973773181438446,0.8032993078231812
17,0.9975820779800415,0.9067777395248413,0.9839335680007935,0.8296219706535339,0.9684064984321594,0.7436635494232178,4.199999966658652e-05,0.3516386151313782,0.9834643602371216,0.8672897219657898,0.9845070838928223,0.8142626881599426,0.9975360035896301,0.9111928343772888,0.9829725027084351,0.8394132256507874,0.9665400981903076,0.7501315474510193,0.3525254726409912,0.9837304949760437,0.8689278364181519,0.9822387099266052,0.8179773688316345
18,0.9976685047149658,0.9239696264266968,0.9844553470611572,0.8634840250015259,0.9694060683250427,0.7775545716285706,4.199999966658652e-05,0.3509082794189453,0.9836131930351257,0.8869618773460388,0.9853904843330383,0.8467015624046326,0.9975283741950989,0.9181644320487976,0.982974648475647,0.8533540368080139,0.9665367603302002,0.7579857110977173,0.3517044484615326,0.9799540638923645,0.915066123008728,0.9860349893569946,0.8266969323158264
19,0.9977105855941772,0.9282190799713135,0.9848414063453674,0.8715965747833252,0.970156729221344,0.7845685482025146,4.199999966658652e-05,0.35034388303756714,0.9844110012054443,0.892378568649292,0.9853883385658264,0.8621757626533508,0.9976068139076233,0.8949994444847107,0.9834924340248108,0.8065063953399658,0.9675329327583313,0.7164592146873474,0.35159018635749817,0.9796993136405945,0.8737785816192627,0.9873292446136475,0.756974995136261
20,0.9978297352790833,0.9365852475166321,0.9855362176895142,0.8876339197158813,0.9715003967285156,0.809329092502594,4.199999966658652e-05,0.34962785243988037,0.984876275062561,0.918205976486206,0.9862803816795349,0.8698427081108093,0.9975045919418335,0.9340681433677673,0.9834015369415283,0.8847348093986511,0.9673619270324707,0.7970616817474365,0.3503442704677582,0.9861059784889221,0.9260547757148743,0.9807259440422058,0.8515409231185913
21,0.9980051517486572,0.9381633996963501,0.9867695569992065,0.8895571231842041,0.9738968014717102,0.8129062652587891,4.199999966658652e-05,0.3485296964645386,0.9863955974578857,0.9098036289215088,0.9871989488601685,0.8763357400894165,0.9974557757377625,0.9349302649497986,0.9821035265922546,0.8877571225166321,0.9648573994636536,0.8005983829498291,0.3520117700099945,0.974375307559967,0.9297199845314026,0.9899790287017822,0.8518828749656677
22,0.99790358543396,0.9302033185958862,0.9859963059425354,0.8744103908538818,0.9723995327949524,0.7944284081459045,4.199999966658652e-05,0.34879234433174133,0.9850570559501648,0.8994042873382568,0.9870325326919556,0.860842227935791,0.9958795309066772,0.8983312249183655,0.971605122089386,0.8250573873519897,0.9448166489601135,0.728056788444519,0.3580045700073242,0.9952288269996643,0.8238688707351685,0.9491361975669861,0.8295145630836487
23,0.9979810118675232,0.9407922625541687,0.9865461587905884,0.8950380682945251,0.9734677076339722,0.8208237290382385,4.199999966658652e-05,0.34836646914482117,0.986247181892395,0.9062660336494446,0.9869253039360046,0.8886241316795349,0.997668445110321,0.9268701672554016,0.9842371940612793,0.8695030808448792,0.9689774513244629,0.7959225177764893,0.3496263027191162,0.9808346629142761,0.886406660079956,0.9876744747161865,0.85558021068573
24,0.9981260895729065,0.9364043474197388,0.9875373244285583,0.885271430015564,0.9753968119621277,0.8123102784156799,4.199999966658652e-05,0.3474635183811188,0.9871422648429871,0.9006448984146118,0.9879765510559082,0.876528799533844,0.9976678490638733,0.9221685528755188,0.9838114976882935,0.8605258464813232,0.9681609869003296,0.7839080095291138,0.3497792184352875,0.9895774126052856,0.8832163214683533,0.9781326055526733,0.8430933356285095
25,0.9980965256690979,0.9323662519454956,0.9873567223548889,0.8773751854896545,0.975045382976532,0.8012389540672302,4.199999966658652e-05,0.347523957490921,0.987063467502594,0.8994919657707214,0.9877000451087952,0.8662488460540771,0.9975128173828125,0.9420545697212219,0.9831873178482056,0.900921642780304,0.966937780380249,0.8221116662025452,0.35014018416404724,0.9911758899688721,0.9318191409111023,0.9753389954566956,0.8736439347267151
26,0.9981881976127625,0.9371442198753357,0.987906277179718,0.8863824605941772,0.9761158227920532,0.813150942325592,4.199999966658652e-05,0.3469287157058716,0.987582266330719,0.9084470272064209,0.9882791042327881,0.8767011761665344,0.9977035522460938,0.9383711218833923,0.9843971133232117,0.8923448920249939,0.9692859649658203,0.8080036044120789,0.34915775060653687,0.9805490970611572,0.9687142968177795,0.9882935881614685,0.8300837874412537
27,0.9983261823654175,0.9486945867538452,0.9888506531715393,0.9085385799407959,0.9779579043388367,0.8381521105766296,4.199999966658652e-05,0.34598854184150696,0.9884793162345886,0.9225390553474426,0.9892575144767761,0.9008457064628601,0.9978491067886353,0.9426456689834595,0.9851729869842529,0.9001185894012451,0.9707903265953064,0.821678102016449,0.34856581687927246,0.9792366027832031,0.9446817636489868,0.9911941289901733,0.8624586462974548
28,0.9983713030815125,0.9433903694152832,0.9892103672027588,0.8975698947906494,0.9786605834960938,0.830834150314331,4.199999966658652e-05,0.34572625160217285,0.9888872504234314,0.9129014611244202,0.9895649552345276,0.8872029781341553,0.9979825019836426,0.9295695424079895,0.9861934185028076,0.8729457259178162,0.9727704524993896,0.8019144535064697,0.34810012578964233,0.9843802452087402,0.8974445462226868,0.9880247712135315,0.8524154424667358
29,0.9984710812568665,0.9536159634590149,0.9897709488868713,0.9174608588218689,0.9797564744949341,0.851837158203125,4.199999966658652e-05,0.3451750874519348,0.9893167018890381,0.9280494451522827,0.9902544617652893,0.9100881218910217,0.9978708028793335,0.9136663675308228,0.9848918318748474,0.8424408435821533,0.9702486395835876,0.7684358358383179,0.34861937165260315,0.9917206764221191,0.8137038946151733,0.9781712889671326,0.8791086673736572
30,0.9984821081161499,0.9492302536964417,0.9898703098297119,0.9085899591445923,0.9799559712409973,0.8447553515434265,4.199999966658652e-05,0.34500670433044434,0.989511251449585,0.9164679050445557,0.9902604818344116,0.9041255116462708,0.997894287109375,0.925778865814209,0.9852028489112854,0.866354763507843,0.9708503484725952,0.797654926776886,0.34812653064727783,0.9908099174499512,0.8718450665473938,0.9796766042709351,0.8776296973228455
31,0.998842179775238,0.959248960018158,0.99225914478302,0.926239013671875,0.9846442937850952,0.8725122809410095,2.9400000130408444e-05,0.343448668718338,0.9919344186782837,0.9361392855644226,0.992594838142395,0.9189742207527161,0.9983047246932983,0.9581558704376221,0.988099992275238,0.9282112717628479,0.9764897227287292,0.8673476576805115,0.3462171256542206,0.9886069297790527,0.9475124478340149,0.9876028299331665,0.9110020399093628
32,0.9988988637924194,0.9617418646812439,0.9926211833953857,0.9308624863624573,0.9853559732437134,0.8786171674728394,2.9400000130408444e-05,0.3431430459022522,0.9922322630882263,0.9417319297790527,0.9930234551429749,0.925556480884552,0.9983230829238892,0.9353117942810059,0.988690197467804,0.8819332122802734,0.9776418805122375,0.8171536922454834,0.3458161950111389,0.9872627854347229,0.8937351107597351,0.9901292324066162,0.872824490070343
33,0.998931348323822,0.9510663747787476,0.9928522706031799,0.9092803001403809,0.9858120679855347,0.8599813580513,2.9400000130408444e-05,0.3429213762283325,0.992645263671875,0.9125525951385498,0.9930722713470459,0.9079844951629639,0.9982901215553284,0.9572803378105164,0.9880545139312744,0.9265060424804688,0.9764012694358826,0.8643068671226501,0.3464576303958893,0.9872158169746399,0.9499528408050537,0.9889024496078491,0.9056041240692139
34,0.9989749789237976,0.963848888874054,0.9930771589279175,0.9346202611923218,0.9862555861473083,0.8820226788520813,2.9400000130408444e-05,0.34267330169677734,0.9928138256072998,0.9454934000968933,0.9933509230613708,0.9290516376495361,0.9982708692550659,0.9571042656898499,0.9880899786949158,0.9261186122894287,0.976471483707428,0.8650818467140198,0.3459968864917755,0.9866924285888672,0.953887939453125,0.9895035028457642,0.9032378196716309
35,0.9989516735076904,0.9674304127693176,0.9929493069648743,0.9419112205505371,0.9860024452209473,0.8930149078369141,2.9400000130408444e-05,0.3425971269607544,0.9927104711532593,0.9480438828468323,0.9931995868682861,0.9383591413497925,0.9983117580413818,0.9293103814125061,0.9884052276611328,0.8702154755592346,0.9770835638046265,0.8123916387557983,0.34592610597610474,0.9896937012672424,0.8957968950271606,0.98713219165802,0.8700334429740906
36,0.9989790916442871,0.9578012228012085,0.9931172132492065,0.9224851727485657,0.9863338470458984,0.8744617700576782,2.9400000130408444e-05,0.3424087464809418,0.992859423160553,0.9252285957336426,0.9933856129646301,0.9214573502540588,0.998272716999054,0.9351152777671814,0.988267183303833,0.8819631338119507,0.976816713809967,0.8198365569114685,0.3459341824054718,0.9865521192550659,0.9051489233970642,0.9899992346763611,0.863852322101593
37,0.9991084933280945,0.9674351215362549,0.9940722584724426,0.9407978057861328,0.9882177710533142,0.8929165601730347,2.058000063698273e-05,0.3418554365634918,0.9938338994979858,0.9535555839538574,0.9943199157714844,0.9331465363502502,0.998390793800354,0.958217442035675,0.9889675974845886,0.9274671673774719,0.9781850576400757,0.8678603172302246,0.3449080288410187,0.9898808002471924,0.909516453742981,0.9880613088607788,0.9515306949615479
38,0.9992026686668396,0.9722868204116821,0.9946139454841614,0.9499598145484924,0.9892899394035339,0.9066320657730103,2.058000063698273e-05,0.34144213795661926,0.9943893551826477,0.9542084336280823,0.9948455691337585,0.9471213817596436,0.9984738230705261,0.9179348945617676,0.9894052743911743,0.8464646935462952,0.9790396094322205,0.7874899506568909,0.3451288938522339,0.9885674118995667,0.8558968901634216,0.9902511835098267,0.8413137197494507
39,0.9992093443870544,0.9692416191101074,0.9946537613868713,0.9438299536705017,0.9893682599067688,0.9031184315681458,2.058000063698273e-05,0.34135568141937256,0.9944672584533691,0.9475871920585632,0.9948463439941406,0.9415115118026733,0.9984451532363892,0.9554283618927002,0.9892343878746033,0.9216222167015076,0.9787057638168335,0.862347424030304,0.34500396251678467,0.9911736845970154,0.9214238524436951,0.987307071685791,0.9242178201675415
40,0.9992640018463135,0.9761453866958618,0.9950852394104004,0.9572053551673889,0.990223228931427,0.9191640615463257,2.058000063698273e-05,0.34108707308769226,0.9948586225509644,0.9613637328147888,0.9953205585479736,0.9540773630142212,0.998411238193512,0.944521963596344,0.9889515042304993,0.900092601776123,0.9781539440155029,0.8316839337348938,0.3451264202594757,0.988554060459137,0.9068191647529602,0.9893638491630554,0.9094570875167847
41,0.9992994666099548,0.9733299016952515,0.9952857494354248,0.9513745307922363,0.9906201958656311,0.9100573658943176,2.058000063698273e-05,0.34090015292167664,0.9950570464134216,0.952476978302002,0.9955199956893921,0.9513412714004517,0.9984368681907654,0.961806058883667,0.9892284870147705,0.9343833327293396,0.9786952137947083,0.878553569316864,0.34494727849960327,0.9906365275382996,0.9363138675689697,0.9878297448158264,0.9335446357727051
42,0.9993149042129517,0.9755313396453857,0.9953879714012146,0.9556748867034912,0.9908202886581421,0.9167707562446594,2.058000063698273e-05,0.34073370695114136,0.9951295256614685,0.9614382982254028,0.9956514239311218,0.9518952369689941,0.9984198212623596,0.9366615414619446,0.9890828728675842,0.8842403292655945,0.9784108996391296,0.8221220374107361,0.34512290358543396,0.991254448890686,0.9135897755622864,0.9869285821914673,0.8602198958396912
43,0.9992437958717346,0.9726466536521912,0.9949390292167664,0.9503538608551025,0.9899320006370544,0.9089691042900085,2.058000063698273e-05,0.3409285843372345,0.9948119521141052,0.961097240447998,0.9950762987136841,0.9443876147270203,0.998250424861908,0.9323033690452576,0.9881411194801331,0.8764657378196716,0.9765682220458984,0.8128634691238403,0.34584006667137146,0.9847700595855713,0.8918406963348389,0.9915427565574646,0.8644368648529053
44,0.9991700053215027,0.9725862741470337,0.994394063949585,0.9507784843444824,0.9888555407524109,0.908830463886261,2.058000063698273e-05,0.3411756753921509,0.9942653775215149,0.9511363506317139,0.9945358037948608,0.9524064660072327,0.9982629418373108,0.9377574920654297,0.9879390001296997,0.8875757455825806,0.9761735796928406,0.8263915181159973,0.3463583290576935,0.984910786151886,0.917900800704956,0.9910000562667847,0.8606553673744202
45,0.9991657733917236,0.9714643955230713,0.9943950176239014,0.9485336542129517,0.9888566732406616,0.904360830783844,2.058000063698273e-05,0.34112629294395447,0.994101881980896,0.9574331045150757,0.9946999549865723,0.9421696662902832,0.9981713891029358,0.9566417932510376,0.9872578978538513,0.9260254502296448,0.974844753742218,0.8651776313781738,0.3464617431163788,0.9936107397079468,0.9116154313087463,0.9809958934783936,0.9415718913078308
46,0.9991983771324158,0.9734093546867371,0.9946320056915283,0.9521865844726562,0.9893262386322021,0.9107099771499634,2.058000063698273e-05,0.34093815088272095,0.9945259094238281,0.956663966178894,0.9947477579116821,0.9501289129257202,0.9983654618263245,0.9606446623802185,0.9886280298233032,0.9326614141464233,0.9775216579437256,0.8751795291900635,0.3448866307735443,0.9892538189888,0.9428640007972717,0.9880096912384033,0.924598217010498
47,0.9994286894798279,0.9743586182594299,0.9961457848548889,0.95257169008255,0.9923231601715088,0.9192616939544678,1.4406000445887912e-05,0.3400992155075073,0.9959830641746521,0.9535866379737854,0.9963114261627197,0.9523593187332153,0.9984793066978455,0.963744044303894,0.9891957640647888,0.938292384147644,0.9786306619644165,0.8846522569656372,0.34522688388824463,0.9917033314704895,0.9414856433868408,0.9867045879364014,0.9369097948074341
48,0.9995092153549194,0.9816063046455383,0.9966848492622375,0.9665272235870361,0.9933943748474121,0.9365270733833313,1.4406000445887912e-05,0.33976373076438904,0.99647057056427,0.9658048748970032,0.9969024062156677,0.968369722366333,0.9985376000404358,0.922061026096344,0.9901736378669739,0.8539482951164246,0.9805434346199036,0.8015092611312866,0.34374698996543884,0.9916161298751831,0.8691774010658264,0.9887397885322571,0.846873939037323
49,0.9994879961013794,0.9815360903739929,0.9965534806251526,0.9665189981460571,0.9931337237358093,0.9365555047988892,1.4406000445887912e-05,0.33977341651916504,0.9964346885681152,0.967668354511261,0.9966766238212585,0.965993344783783,0.9985256791114807,0.9523340463638306,0.9898567199707031,0.9148113131523132,0.9799225330352783,0.8536333441734314,0.3449869453907013,0.9883068203926086,0.9276212453842163,0.991417646408081,0.9201375842094421
50,0.9994375109672546,0.9769660830497742,0.9962520003318787,0.9576801061630249,0.992534875869751,0.9281937479972839,1.4406000445887912e-05,0.33990713953971863,0.9961686134338379,0.9580929279327393,0.9963408708572388,0.9580762386322021,0.9985040426254272,0.9670870900154114,0.9898697733879089,0.944304347038269,0.9799498915672302,0.8952389359474182,0.3437260091304779,0.9890894293785095,0.9507904648780823,0.9906553626060486,0.9387043118476868
51,0.9995431303977966,0.9731573462486267,0.9969624876976013,0.9493522047996521,0.9939449429512024,0.9219212532043457,1.4406000445887912e-05,0.33950135111808777,0.9968703985214233,0.9512478113174438,0.9970567226409912,0.9485882520675659,0.9985311627388,0.962354302406311,0.9899420738220215,0.9347664713859558,0.9800882935523987,0.8799670338630676,0.34431397914886475,0.9910063147544861,0.9259597659111023,0.9888856410980225,0.9476240277290344
52,0.9995275735855103,0.9791880249977112,0.9967759847640991,0.9615999460220337,0.9935760498046875,0.9356516003608704,1.4406000445887912e-05,0.33950236439704895,0.9965954422950745,0.9611837267875671,0.9969599843025208,0.9627739787101746,0.9984765648841858,0.9604452252388,0.989727258682251,0.9311630725860596,0.9796696305274963,0.8761744499206543,0.34440693259239197,0.9874975085258484,0.9507940411567688,0.9919763207435608,0.9195739030838013
53,0.9995258450508118,0.982225775718689,0.9968553185462952,0.9675968885421753,0.9937319159507751,0.9387349486351013,1.4406000445887912e-05,0.3394128382205963,0.9968060851097107,0.9703329205513,0.9969067573547363,0.9664881229400635,0.9985284209251404,0.9363980293273926,0.9897934794425964,0.883002519607544,0.979799747467041,0.8247520923614502,0.3444831967353821,0.9895329475402832,0.9017295837402344,0.9900619387626648,0.8669888377189636
54,0.9995376467704773,0.9791991710662842,0.9968822598457336,0.9615160226821899,0.9937863349914551,0.9293978214263916,1.4406000445887912e-05,0.339385062456131,0.9967911243438721,0.9695292115211487,0.9969754815101624,0.9576231241226196,0.9984264969825745,0.9606274962425232,0.9895027875900269,0.9317521452903748,0.9792314767837524,0.8747950792312622,0.3438739478588104,0.987090528011322,0.945393979549408,0.9919324517250061,0.9205825924873352
55,0.99950110912323,0.9745564460754395,0.9966362118721008,0.9524762630462646,0.993297278881073,0.9202730655670166,1.4406000445887912e-05,0.3394618332386017,0.996512770652771,0.956684410572052,0.9967624545097351,0.9512800574302673,0.9985104203224182,0.9607746005058289,0.9895538091659546,0.9319954514503479,0.9793327450752258,0.8762977123260498,0.344680517911911,0.9900468587875366,0.9376376867294312,0.9890673756599426,0.927563488483429
56,0.9995978474617004,0.9828551411628723,0.9973065257072449,0.9684037566184998,0.9946284294128418,0.9423155784606934,1.008420076686889e-05,0.3390866816043854,0.9972338676452637,0.9752787947654724,0.9973796606063843,0.96565842628479,0.9985790848731995,0.9671494960784912,0.9899919629096985,0.9443068504333496,0.9801920056343079,0.8958207964897156,0.34412938356399536,0.9908254146575928,0.948885977268219,0.9891648888587952,0.9411730170249939
57,0.9996659755706787,0.9812676906585693,0.9977574348449707,0.9647780060768127,0.9955264925956726,0.9418395161628723,1.008420076686889e-05,0.33882635831832886,0.9976330399513245,0.967231273651123,0.9978830814361572,0.9634233117103577,0.9985809326171875,0.9580703973770142,0.9902436137199402,0.9258973598480225,0.9806812405586243,0.8753997087478638,0.34418416023254395,0.9890475273132324,0.9306628704071045,0.9914469122886658,0.9281668066978455
58,0.9996782541275024,0.981131911277771,0.997840940952301,0.9644227623939514,0.9956920146942139,0.9375054836273193,1.008420076686889e-05,0.33872300386428833,0.9977720379829407,0.9711391925811768,0.997910737991333,0.9623808860778809,0.9985918998718262,0.9618337750434875,0.9902032613754272,0.9334643483161926,0.98060142993927,0.8778367042541504,0.34463968873023987,0.9917191863059998,0.93091881275177,0.9886951446533203,0.9369677901268005
59,0.9997111558914185,0.9878164529800415,0.9980658888816833,0.9775670766830444,0.9961405396461487,0.9567803144454956,1.008420076686889e-05,0.33857712149620056,0.998047947883606,0.9761573672294617,0.9980847239494324,0.979501485824585,0.9985284209251404,0.945544958114624,0.9898687601089478,0.9012213945388794,0.9799484014511108,0.8514813780784607,0.3436862528324127,0.9895737171173096,0.8997966647148132,0.9901683926582336,0.9039682745933533
60,0.999722957611084,0.9823822975158691,0.9981529712677002,0.9666113257408142,0.9963138103485107,0.9450477361679077,1.008420076686889e-05,0.33849024772644043,0.9980558156967163,0.968589723110199,0.9982507824897766,0.9655284285545349,0.9985940456390381,0.9435635209083557,0.9901906847953796,0.8969361782073975,0.9805806875228882,0.8476508259773254,0.3441595733165741,0.9902039170265198,0.9020073413848877,0.9901821613311768,0.9023761749267578
61,0.9997485280036926,0.9837368726730347,0.9982542991638184,0.9692191481590271,0.9965182542800903,0.9498163461685181,7.058940354909282e-06,0.3384029269218445,0.9981923699378967,0.9696182012557983,0.9983177781105042,0.9693489074707031,0.9985845685005188,0.9666229486465454,0.9901420474052429,0.943104088306427,0.9804823994636536,0.8939890265464783,0.3447272777557373,0.9914383888244629,0.9360151886940002,0.9888532757759094,0.9526822566986084
62,0.9997617602348328,0.9888191819190979,0.9983910918235779,0.9792473316192627,0.9967888593673706,0.9599179029464722,7.058940354909282e-06,0.33831512928009033,0.9983188509941101,0.9789450168609619,0.9984643459320068,0.9800916910171509,0.9986068606376648,0.9684566259384155,0.9904168844223022,0.9464963674545288,0.9810197949409485,0.8990691304206848,0.34412506222724915,0.9915316104888916,0.9524328112602234,0.9893100261688232,0.942105770111084
63,0.9997912645339966,0.9914555549621582,0.9986127614974976,0.9842987060546875,0.997230052947998,0.969352662563324,7.058940354909282e-06,0.3381888270378113,0.9985200762748718,0.9855638742446899,0.9987057447433472,0.9832001328468323,0.998594343662262,0.9658011794090271,0.9903491735458374,0.9412533044815063,0.9808899164199829,0.8903347253799438,0.34343647956848145,0.9902787208557129,0.9538300037384033,0.9904221892356873,0.930009126663208
64,0.9997994303703308,0.9894267916679382,0.9986245632171631,0.9802282452583313,0.9972543120384216,0.9631597995758057,7.058940354909282e-06,0.3381310999393463,0.9985727667808533,0.9818626642227173,0.9986773729324341,0.9808887243270874,0.9986138939857483,0.9706678986549377,0.9905374646186829,0.9507983326911926,0.9812560081481934,0.9069170355796814,0.34415480494499207,0.989575982093811,0.9552885293960571,0.9915049076080322,0.9469711184501648
65,0.9998082518577576,0.988129198551178,0.9987175464630127,0.9775407314300537,0.9974390268325806,0.9582473039627075,7.058940354909282e-06,0.3380644917488098,0.9986588358879089,0.9813366532325745,0.9987766146659851,0.9757965207099915,0.99859619140625,0.9672794938087463,0.9902602434158325,0.9442986249923706,0.9807136058807373,0.8953593969345093,0.34468987584114075,0.988711953163147,0.9495393633842468,0.9918186664581299,0.9398640990257263
66,0.9998068809509277,0.9899016618728638,0.9986976385116577,0.9811054468154907,0.9973998069763184,0.9644213318824768,7.058940354909282e-06,0.3380475342273712,0.9986233711242676,0.9842009544372559,0.9987725615501404,0.9795750975608826,0.9985815286636353,0.9658960103988647,0.9901452660560608,0.9416463971138,0.9804889559745789,0.8917324542999268,0.34425848722457886,0.9898073077201843,0.9506767988204956,0.9904882907867432,0.93426513671875
67,0.9997988939285278,0.9854899048805237,0.9986314177513123,0.9723484516143799,0.9972673654556274,0.9559900760650635,7.058940354909282e-06,0.33806177973747253,0.9986039996147156,0.9704222083091736,0.9986596703529358,0.9747711420059204,0.9985800385475159,0.9623274207115173,0.9899827837944031,0.934671938419342,0.9801715016365051,0.8804907202720642,0.34495529532432556,0.9901975989341736,0.9278638362884521,0.989774227142334,0.9431028962135315
68,0.9997990131378174,0.9845605492591858,0.9986335635185242,0.9704874157905579,0.9972725510597229,0.953065812587738,7.058940354909282e-06,0.3380243182182312,0.9985785484313965,0.9689550995826721,0.9986894726753235,0.9730849266052246,0.9985907077789307,0.9639665484428406,0.9901712536811829,0.9377615451812744,0.9805442094802856,0.8850508332252502,0.34390008449554443,0.9896820187568665,0.9366773962974548,0.9906703233718872,0.9404422640800476
69,0.9997747540473938,0.9865278601646423,0.9984687566757202,0.9745867252349854,0.9969437122344971,0.9544630646705627,7.058940354909282e-06,0.3380773961544037,0.9983938336372375,0.9716663956642151,0.998543918132782,0.9783888459205627,0.9985986351966858,0.9687508344650269,0.9904403686523438,0.9470615386962891,0.9810667634010315,0.9006395936012268,0.34376442432403564,0.9907150864601135,0.9500946998596191,0.9901692867279053,0.9451301097869873
70,0.999824047088623,0.9818093180656433,0.9987544417381287,0.9648644924163818,0.9975131750106812,0.950649082660675,4.941258339385968e-06,0.3378819525241852,0.9986996650695801,0.9652785658836365,0.998809814453125,0.9648988842964172,0.9986169338226318,0.9708230495452881,0.9905294179916382,0.9511168003082275,0.9812406897544861,0.90727698802948,0.34416067600250244,0.9904415011405945,0.9574952721595764,0.9906215667724609,0.9457026124000549
71,0.9998449683189392,0.9880450367927551,0.9989501237869263,0.9771401882171631,0.9979028105735779,0.9648805856704712,4.941258339385968e-06,0.33778542280197144,0.9989191293716431,0.9775007367134094,0.9989820122718811,0.9769622683525085,0.9985858201980591,0.9686000347137451,0.990196943283081,0.9470031261444092,0.9805911779403687,0.9002317190170288,0.3442689776420593,0.9896190166473389,0.9387773275375366,0.9907823204994202,0.9566172957420349
72,0.9998499155044556,0.9877618551254272,0.998976469039917,0.9765474796295166,0.9979552626609802,0.9637946486473083,4.941258339385968e-06,0.33774030208587646,0.9989432692527771,0.976064145565033,0.9990098476409912,0.977295994758606,0.9986004829406738,0.966613233089447,0.9902427792549133,0.9429833292961121,0.9806806445121765,0.8940528631210327,0.34449049830436707,0.9922810196876526,0.9485013484954834,0.9882171154022217,0.9413610100746155
73,0.9998653531074524,0.9885472655296326,0.9990839958190918,0.9780099987983704,0.9981704950332642,0.9667984247207642,4.941258339385968e-06,0.33765506744384766,0.9990686178207397,0.9777471423149109,0.9990997910499573,0.9787029027938843,0.9986291527748108,0.9672883749008179,0.9904411435127258,0.9441354870796204,0.981069803237915,0.895022451877594,0.3444023132324219,0.9909793138504028,0.9498588442802429,0.9899076223373413,0.9395613074302673
74,0.9998578429222107,0.9928398728370667,0.9990514516830444,0.9866284132003784,0.9981052279472351,0.9743349552154541,4.941258339385968e-06,0.33767837285995483,0.9990174174308777,0.9877033829689026,0.9990858435630798,0.9858602285385132,0.9986032247543335,0.9635211229324341,0.9904387593269348,0.9366035461425781,0.9810649156570435,0.883972704410553,0.3442956209182739,0.9906570315361023,0.9310956001281738,0.9902240037918091,0.9442348480224609
75,0.9998767375946045,0.9934090971946716,0.9991548657417297,0.9876635074615479,0.9983117580413818,0.9758970737457275,4.941258339385968e-06,0.3375811278820038,0.9991425275802612,0.9861670732498169,0.9991670250892639,0.9893569946289062,0.9986059665679932,0.9499118328094482,0.9901790022850037,0.9096443057060242,0.9805552959442139,0.8654375672340393,0.34499213099479675,0.9908052682876587,0.9122087359428406,0.9895565509796143,0.9077550768852234
76,0.9998775720596313,0.9939872026443481,0.9991722702980042,0.9888025522232056,0.9983462691307068,0.9781823754310608,3.4588808830449125e-06,0.33755502104759216,0.9991502165794373,0.9894248843193054,0.9991945624351501,0.9884086847305298,0.998598039150238,0.967765748500824,0.9903513193130493,0.9451801776885986,0.9808922410011292,0.8974375128746033,0.34443771839141846,0.9889484643936157,0.9413063526153564,0.9917643070220947,0.9506405591964722
77,0.9998986721038818,0.9945272207260132,0.9993074536323547,0.9897471070289612,0.9986163377761841,0.9801504015922546,3.4588808830449125e-06,0.3374771773815155,0.9992711544036865,0.9904548525810242,0.9993438720703125,0.9895488023757935,0.9985949993133545,0.9280296564102173,0.9903210997581482,0.8657379746437073,0.9808372259140015,0.8195520043373108,0.34399834275245667,0.9907765984535217,0.8658258318901062,0.9898698329925537,0.8670980930328369
78,0.9998915791511536,0.9852085709571838,0.99927818775177,0.9711390137672424,0.9985578060150146,0.9625738263130188,3.4588808830449125e-06,0.33747753500938416,0.9992342591285706,0.9711730480194092,0.9993223547935486,0.9712218642234802,0.9986196756362915,0.9496109485626221,0.9904968738555908,0.9087252616882324,0.9811794757843018,0.8634164929389954,0.34415602684020996,0.9906302690505981,0.9100489020347595,0.9903686046600342,0.9082273840904236
79,0.9999032616615295,0.9843165874481201,0.9993367195129395,0.9692965745925903,0.9986741542816162,0.9593650698661804,3.4588808830449125e-06,0.33742308616638184,0.9992803931236267,0.9676616787910461,0.9993927478790283,0.9714867472648621,0.9986038208007812,0.9642614722251892,0.9902827739715576,0.9382398724555969,0.9807575941085815,0.8865371942520142,0.34479275345802307,0.9901435971260071,0.9335567355155945,0.9904265403747559,0.943524956703186
80,0.9999070167541504,0.9940311908721924,0.9993912577629089,0.9886708855628967,0.9987845420837402,0.9784202575683594,3.4588808830449125e-06,0.3373895287513733,0.9993903636932373,0.9897943139076233,0.999393105506897,0.9883986115455627,0.9985998272895813,0.961537778377533,0.9902700185775757,0.9328057169914246,0.9807326793670654,0.8797632455825806,0.34471023082733154,0.9897251129150391,0.9472422003746033,0.9908223152160645,0.9266671538352966
81,0.999894917011261,0.9938704967498779,0.9993261098861694,0.9884145855903625,0.9986538887023926,0.977704644203186,2.421216549919336e-06,0.33742743730545044,0.9992710947990417,0.9885703325271606,0.9993812441825867,0.9886229038238525,0.9986587762832642,0.9685491323471069,0.9907470941543579,0.9463514089584351,0.9816690683364868,0.9005153775215149,0.3442930579185486,0.990214467048645,0.947935938835144,0.9912822246551514,0.9463967680931091
82,0.999891459941864,0.9948997497558594,0.999309778213501,0.9904893636703491,0.9986218214035034,0.9814049005508423,2.421216549919336e-06,0.3374280035495758,0.9993183016777039,0.9906689524650574,0.9993021488189697,0.9904396533966064,0.998608410358429,0.94843590259552,0.9904578924179077,0.9064140319824219,0.981101393699646,0.8600012063980103,0.3441261947154999,0.990343451499939,0.9134270548820496,0.9905782341957092,0.9010089039802551
83,0.9999127388000488,0.9957122206687927,0.9994199872016907,0.9920040965080261,0.9988406300544739,0.9842643141746521,2.421216549919336e-06,0.3373241126537323,0.9993742108345032,0.9922888875007629,0.9994657635688782,0.9918234348297119,0.9986141920089722,0.9682213664054871,0.9903673529624939,0.9460752010345459,0.9809219837188721,0.8985462188720703,0.34479227662086487,0.9901447296142578,0.9418574571609497,0.9905940294265747,0.9518165588378906
84,0.9999250173568726,0.9958354234695435,0.9995101690292358,0.9921607375144958,0.9990215301513672,0.9846238493919373,2.421216549919336e-06,0.3372534513473511,0.9995097517967224,0.9919967651367188,0.9995112419128418,0.9924736022949219,0.998616635799408,0.9687132239341736,0.9903700947761536,0.9470563530921936,0.9809311032295227,0.9001164436340332,0.344399631023407,0.9902256727218628,0.9481605291366577,0.9905200004577637,0.947380781173706
0,0.937061071395874,0.3963325619697571,0.7914602756500244,0.0012048960197716951,0.6805010437965393,0.0006079503800719976,4.199999966658652e-05,0.7676498889923096,0.7659845948219299,0.015008410438895226,0.8545080423355103,0.0207492858171463,0.20928466320037842,0.07760094851255417,0.15520179271697998,1.0622624557754534e-07,0.0844096913933754,1.0622624557754534e-07,3.946387529373169,0.0844096913933754,0.0,1.0,0.0
1,0.9868186712265015,0.5515317320823669,0.9122002124786377,0.19086284935474396,0.8395971655845642,0.13084253668785095,4.199999966658652e-05,0.45680031180381775,0.9045737981796265,0.44750726222991943,0.9237179756164551,0.1429082602262497,0.877531111240387,0.21555142104625702,0.4279366433620453,0.0031661593820899725,0.2738536596298218,0.0015970452222973108,1.5133235454559326,0.326196551322937,0.012247541919350624,0.6433832049369812,0.0018394284415990114
2,0.9899410009384155,0.7005228996276855,0.9329016208648682,0.468144029378891,0.8748881816864014,0.3540687561035156,4.199999966658652e-05,0.42310866713523865,0.9270043969154358,0.6698433756828308,0.9416989684104919,0.4021533131599426,0.9218447804450989,0.2508469820022583,0.5016937255859375,2.3467492837880854e-07,0.33721065521240234,2.3467492837880854e-07,0.9210134744644165,0.4623948335647583,0.0,0.5631657838821411,0.0
3,0.9930626153945923,0.7924036383628845,0.9541484713554382,0.6306589245796204,0.9125344157218933,0.4994698464870453,4.199999966658652e-05,0.3993852138519287,0.9505925178527832,0.7684738039970398,0.9587059020996094,0.5731497406959534,0.9510623216629028,0.3422619104385376,0.6845237612724304,1.1857527937308987e-07,0.5226688385009766,1.1857527937308987e-07,0.6699439287185669,0.6414241194725037,0.0,0.739617109298706,0.0
4,0.9936705827713013,0.8217217922210693,0.9581577181816101,0.6852863430976868,0.9198123812675476,0.5544037818908691,4.199999966658652e-05,0.390572726726532,0.955300509929657,0.7766613960266113,0.9620408415794373,0.6428143382072449,0.972243070602417,0.41273507475852966,0.8140005469322205,0.011469626799225807,0.6875583529472351,0.006694653537124395,0.5219181180000305,0.8225866556167603,0.03934426233172417,0.8108090758323669,0.006713286507874727
5,0.9945403933525085,0.8326610326766968,0.9636274576187134,0.7016942501068115,0.9299474954605103,0.5764858722686768,4.199999966658652e-05,0.3826964497566223,0.9605796933174133,0.8000026941299438,0.9674180746078491,0.663210928440094,0.9876888990402222,0.5278881192207336,0.9160280823707581,0.13974808156490326,0.8456035852432251,0.08665770292282104,0.42896613478660583,0.8936567902565002,0.5423251986503601,0.9403836727142334,0.0875706598162651
6,0.9952269792556763,0.8499184250831604,0.9682969450950623,0.731539785861969,0.9386370182037354,0.6163937449455261,4.199999966658652e-05,0.3766707479953766,0.9658920168876648,0.7929897904396057,0.9712249040603638,0.6983984112739563,0.9943447709083557,0.8105757832527161,0.9618571400642395,0.6592946648597717,0.9266352653503418,0.5193932056427002,0.3850059509277344,0.9560418128967285,0.9137434959411621,0.9678761959075928,0.5362640023231506
7,0.9956369996070862,0.8574246764183044,0.97126305103302,0.7435859441757202,0.9442067742347717,0.6278364062309265,4.199999966658652e-05,0.37238043546676636,0.9696305990219116,0.8399330973625183,0.9732866883277893,0.7047083377838135,0.9961676001548767,0.8713440895080566,0.9739549160003662,0.7687332034111023,0.9492508172988892,0.6506499648094177,0.3716072738170624,0.9729153513908386,0.8535916209220886,0.9750708937644958,0.7147428393363953
8,0.9957967400550842,0.8796367049217224,0.9717392921447754,0.787533700466156,0.9451814889907837,0.6680555939674377,4.199999966658652e-05,0.3700178861618042,0.969616174697876,0.8550190925598145,0.9744156002998352,0.7562018036842346,0.9959600567817688,0.8612611293792725,0.9726647138595581,0.749857485294342,0.9468367695808411,0.6252118945121765,0.36929598450660706,0.9804290533065796,0.8898198008537292,0.9651121497154236,0.6633191704750061
9,0.9962970614433289,0.8799030780792236,0.9755892753601074,0.7842172384262085,0.9523904323577881,0.6707608699798584,4.199999966658652e-05,0.3662857115268707,0.9747779965400696,0.8428595066070557,0.9766382575035095,0.7580129504203796,0.9961898922920227,0.9154002666473389,0.9740136861801147,0.8567866683006287,0.9494045972824097,0.7523882985115051,0.36717915534973145,0.969045102596283,0.8957741260528564,0.9791586399078369,0.8257503509521484
10,0.9964795112609863,0.894366979598999,0.9766350388526917,0.8120989203453064,0.9544034004211426,0.7057745456695557,4.199999966658652e-05,0.3642774522304535,0.9758446216583252,0.8652989864349365,0.9777355790138245,0.7885066866874695,0.9965051412582397,0.8979482054710388,0.9767410159111023,0.8191550970077515,0.9545615315437317,0.7171764373779297,0.36338284611701965,0.9698402881622314,0.8567116260528564,0.9837881326675415,0.790005087852478
11,0.996741771697998,0.9097933769226074,0.9783763885498047,0.841210126876831,0.9577205777168274,0.7441588640213013,4.199999966658652e-05,0.3619862496852875,0.9768837690353394,0.877580463886261,0.9801340699195862,0.8185846209526062,0.9967877268791199,0.8973966836929321,0.9776387810707092,0.8171547055244446,0.9563120007514954,0.7180688977241516,0.3613486588001251,0.9856810569763184,0.8228939175605774,0.9697813987731934,0.8210378289222717
12,0.9969224333763123,0.9031007289886475,0.979718029499054,0.8264836072921753,0.9602810144424438,0.7255654335021973,4.199999966658652e-05,0.36033913493156433,0.9788854122161865,0.8714200854301453,0.980732262134552,0.8003571033477783,0.996995210647583,0.8997143507003784,0.9792029857635498,0.8202256560325623,0.9592876434326172,0.7109846472740173,0.3608245551586151,0.9851318597793579,0.8211092352867126,0.9734001159667969,0.8300407528877258
13,0.9971057772636414,0.9008185863494873,0.98064786195755,0.8209893107414246,0.962083637714386,0.727530300617218,4.199999966658652e-05,0.3588383197784424,0.980095624923706,0.8598719835281372,0.9813647270202637,0.8087300062179565,0.9970376491546631,0.9249449968338013,0.9800270795822144,0.8698630332946777,0.9608688354492188,0.7764164209365845,0.3592054843902588,0.9731656908988953,0.898383617401123,0.9870079755783081,0.849814772605896
14,0.9970876574516296,0.9011139869689941,0.9805133938789368,0.821714460849762,0.9618347883224487,0.728070855140686,4.199999966658652e-05,0.3581918478012085,0.9801384210586548,0.859639048576355,0.981121301651001,0.8028557300567627,0.9968963861465454,0.8641312122344971,0.979082465171814,0.7491803169250488,0.9590392112731934,0.6232243180274963,0.35880669951438904,0.9732000231742859,0.9332713484764099,0.9850767254829407,0.6347535848617554
15,0.9974186420440674,0.9173972606658936,0.982821524143219,0.8519728183746338,0.9662522077560425,0.7552388906478882,4.199999966658652e-05,0.355988085269928,0.9818983674049377,0.8846830129623413,0.9838876128196716,0.8356873393058777,0.9974496364593506,0.9122987389564514,0.9827749729156494,0.8418226838111877,0.9661451578140259,0.7543877363204956,0.3562755882740021,0.9812337756156921,0.8610475659370422,0.9843456745147705,0.8327587246894836
16,0.9975376129150391,0.9127922654151917,0.9837733507156372,0.8418115973472595,0.9680874347686768,0.7536657452583313,4.199999966658652e-05,0.3548852205276489,0.9832144975662231,0.86359041929245,0.9844483137130737,0.8323866128921509,0.9971640110015869,0.9124853610992432,0.9803774356842041,0.8445932269096375,0.9615342617034912,0.7588821649551392,0.3564876616001129,0.9759622812271118,0.8476542830467224,0.9848655462265015,0.8543888330459595
17,0.9977517127990723,0.9249926805496216,0.9849758744239807,0.8650090098381042,0.9704224467277527,0.7822313904762268,4.199999966658652e-05,0.35348719358444214,0.9839427471160889,0.8906775116920471,0.9861049652099609,0.8503600358963013,0.9975698590278625,0.9015015959739685,0.983431339263916,0.8195716738700867,0.9674172401428223,0.741641104221344,0.35397112369537354,0.9834311604499817,0.8324127197265625,0.9834505319595337,0.8093375563621521
18,0.9975931644439697,0.9275373816490173,0.9840960502624512,0.8709784746170044,0.968715488910675,0.7839000225067139,4.199999966658652e-05,0.3536722660064697,0.9837223887443542,0.8883931040763855,0.9845865368843079,0.8633813261985779,0.9973965287208557,0.9210341572761536,0.9823805093765259,0.859687864780426,0.9653906226158142,0.7604618072509766,0.35491353273391724,0.9808540940284729,0.8903903365135193,0.9839324355125427,0.8358676433563232
19,0.9981923699378967,0.9369515776634216,0.9880349040031433,0.8858680725097656,0.9763646125793457,0.8109021782875061,2.099999983329326e-05,0.3509804904460907,0.9874498248100281,0.9105662703514099,0.9886661767959595,0.8728470802307129,0.997658371925354,0.9485666751861572,0.9837172031402588,0.9134161472320557,0.967972993850708,0.8417022824287415,0.35333892703056335,0.9935039281845093,0.9119974374771118,0.9741387367248535,0.916212260723114
20,0.9984286427497864,0.9358706474304199,0.9895744919776917,0.8821670413017273,0.9793749451637268,0.8130742907524109,2.099999983329326e-05,0.3498462736606598,0.9890641570091248,0.9016467928886414,0.9901265501976013,0.8757883310317993,0.998121976852417,0.9504901766777039,0.987229585647583,0.9137508273124695,0.9747889041900635,0.8426503539085388,0.3518441915512085,0.9874798059463501,0.924306333065033,0.9869986772537231,0.905270516872406
21,0.9984829425811768,0.9486550688743591,0.9900102019309998,0.9072997570037842,0.9802276492118835,0.8361154794692993,2.099999983329326e-05,0.3493243157863617,0.9892407059669495,0.9182175397872925,0.9908178448677063,0.9008844494819641,0.9979617595672607,0.9431689381599426,0.9855349659919739,0.9008031487464905,0.9714975953102112,0.8243376016616821,0.3525353968143463,0.9908331036567688,0.9526363611221313,0.9803058505058289,0.8587033748626709
22,0.9985600113868713,0.9567840695381165,0.9904186129570007,0.923149585723877,0.9810289144515991,0.8599640727043152,2.099999983329326e-05,0.34879904985427856,0.9901230335235596,0.9303168654441833,0.9907441139221191,0.9178082942962646,0.9980959892272949,0.9523636698722839,0.986965537071228,0.9177619218826294,0.9742748141288757,0.8492920398712158,0.3512294292449951,0.9853330850601196,0.914053738117218,0.9886131286621094,0.9227606058120728
23,0.998614490032196,0.9465791583061218,0.990895688533783,0.9022626280784607,0.9819623827934265,0.8400393724441528,2.099999983329326e-05,0.3482961356639862,0.9903226494789124,0.9076461791992188,0.9914942383766174,0.9000865817070007,0.9981396198272705,0.9279025793075562,0.9870343208312988,0.868770956993103,0.9744136333465576,0.7959877848625183,0.3508172929286957,0.9865516424179077,0.8951955437660217,0.9875333905220032,0.8453308939933777
24,0.9985637068748474,0.9346569776535034,0.9904857873916626,0.878827691078186,0.9811596870422363,0.8140997290611267,2.099999983329326e-05,0.34833037853240967,0.9901349544525146,0.8823708295822144,0.990864098072052,0.878836452960968,0.9981051683425903,0.9480946063995361,0.9871395826339722,0.9090495109558105,0.9746159911155701,0.8358058929443359,0.35030636191368103,0.9873027205467224,0.9372174143791199,0.986985445022583,0.8861683011054993
25,0.998556911945343,0.9482138752937317,0.9902377128601074,0.9061895608901978,0.9806804060935974,0.8417038917541504,2.099999983329326e-05,0.34817200899124146,0.9895286560058594,0.9159911870956421,0.9909994006156921,0.9019028544425964,0.9981704950332642,0.9464062452316284,0.9874101281166077,0.9054021239280701,0.9751421213150024,0.8312273621559143,0.35050857067108154,0.9854741096496582,0.9363719820976257,0.9893637299537659,0.8827300071716309
26,0.9986609816551208,0.9502387046813965,0.9911133050918579,0.9093636274337769,0.9823930263519287,0.8515728116035461,2.099999983329326e-05,0.3475494682788849,0.9906708002090454,0.9098255038261414,0.9915769696235657,0.910982072353363,0.9981552362442017,0.942852795124054,0.9871491193771362,0.8985562324523926,0.9746351838111877,0.8237422108650208,0.35029375553131104,0.9868829846382141,0.9194620251655579,0.9874346852302551,0.8888968825340271
27,0.998725414276123,0.9551734328269958,0.9916008114814758,0.9187460541725159,0.9833471179008484,0.8602878451347351,2.099999983329326e-05,0.34704676270484924,0.9913856387138367,0.9207607507705688,0.9918330311775208,0.9203411340713501,0.9981722831726074,0.9501230120658875,0.9873784780502319,0.9128673672676086,0.9750862121582031,0.8431439995765686,0.3492353558540344,0.9880104064941406,0.9436696767807007,0.9867597818374634,0.8864547610282898
28,0.9989081621170044,0.9550865292549133,0.9927947521209717,0.9173782467842102,0.9856986403465271,0.8599302768707275,1.049999991664663e-05,0.3462983965873718,0.9923213720321655,0.9292834997177124,0.9932833909988403,0.9095533490180969,0.9982876777648926,0.9589860439300537,0.9886642694473267,0.9293081760406494,0.977590799331665,0.8688762784004211,0.3484991192817688,0.9878389239311218,0.939146876335144,0.9894986748695374,0.9206974506378174
29,0.9989594221115112,0.9545454382896423,0.9930524230003357,0.9160388708114624,0.9862096905708313,0.8583588600158691,1.049999991664663e-05,0.346045583486557,0.9925588965415955,0.9245380163192749,0.9935659170150757,0.9132290482521057,0.9983044266700745,0.959786593914032,0.9882518649101257,0.9313215017318726,0.9767876267433167,0.8722516894340515,0.34917861223220825,0.9918100237846375,0.9467556476593018,0.9847287535667419,0.9176967740058899
30,0.9990389347076416,0.958943784236908,0.9936671257019043,0.9242206811904907,0.987417995929718,0.8707373142242432,1.049999991664663e-05,0.3456886410713196,0.9934276342391968,0.9379223585128784,0.9939142465591431,0.9201103448867798,0.9983459711074829,0.9550216794013977,0.9885990619659424,0.9214441776275635,0.977465033531189,0.8575153946876526,0.34884974360466003,0.9900668263435364,0.9382554888725281,0.9871418476104736,0.9099276661872864
31,0.999050498008728,0.9624885320663452,0.9936043620109558,0.931372880935669,0.9872959852218628,0.8775964975357056,1.049999991664663e-05,0.3455859422683716,0.9931676983833313,0.9373928308486938,0.9940522909164429,0.9294173717498779,0.9983465671539307,0.9401744604110718,0.9883390665054321,0.892009973526001,0.9769590497016907,0.8341287970542908,0.34867793321609497,0.9893751740455627,0.9004573822021484,0.9873145222663879,0.8844937682151794
32,0.9990890622138977,0.9539850354194641,0.9939528703689575,0.9140170216560364,0.9879838824272156,0.8644395470619202,1.049999991664663e-05,0.3452727496623993,0.993591845035553,0.9238017797470093,0.9943231344223022,0.9127726554870605,0.9983667135238647,0.9593472480773926,0.9886633157730103,0.9300312995910645,0.9775921702384949,0.8698821067810059,0.3488016128540039,0.9905622005462646,0.9410828351974487,0.9867807030677795,0.9209688305854797
33,0.9990878105163574,0.9658650755882263,0.9938814043998718,0.9378489851951599,0.9878425002098083,0.8869487047195435,1.049999991664663e-05,0.34519994258880615,0.9934918284416199,0.9443756341934204,0.9942815899848938,0.9356406331062317,0.9983584880828857,0.9574041962623596,0.9885727167129517,0.9262356758117676,0.9774136543273926,0.8654615879058838,0.34854790568351746,0.9896959662437439,0.9335038661956787,0.9874616861343384,0.9207329750061035
34,0.9991207718849182,0.9505449533462524,0.9941747188568115,0.9069149494171143,0.9884216785430908,0.8580116033554077,1.049999991664663e-05,0.34495025873184204,0.9939473867416382,0.9133390188217163,0.9944102764129639,0.9062963128089905,0.998301088809967,0.9226614236831665,0.988392174243927,0.8569307923316956,0.9770591259002686,0.8026036024093628,0.3484566807746887,0.9863765835762024,0.8716174960136414,0.9904271960258484,0.8436590433120728
35,0.9991818070411682,0.9562822580337524,0.994539737701416,0.9180245399475098,0.9891441464424133,0.8702638149261475,5.249999958323315e-06,0.3446710705757141,0.9942273497581482,0.9269157648086548,0.9948601722717285,0.9157817363739014,0.9984063506126404,0.9522444009780884,0.9890676140785217,0.9154211282730103,0.978382408618927,0.8480982184410095,0.3480137884616852,0.9895180463790894,0.9386084675788879,0.9886297583580017,0.8985961079597473
36,0.9992509484291077,0.9665396809577942,0.9950114488601685,0.9380680918693542,0.9900763034820557,0.892682671546936,5.249999958323315e-06,0.3444214165210724,0.9946541786193848,0.9384256601333618,0.9953751564025879,0.9384768009185791,0.9984158277511597,0.9597552418708801,0.9892528057098389,0.93025803565979,0.978741466999054,0.8705499768257141,0.34809109568595886,0.9898406863212585,0.9304426312446594,0.9886758923530579,0.9310073852539062
37,0.9992613196372986,0.9703565239906311,0.9951184988021851,0.9455941915512085,0.9902874231338501,0.8999268412590027,5.249999958323315e-06,0.3443157970905304,0.9949697256088257,0.9479349255561829,0.9952739477157593,0.9461213946342468,0.9984100461006165,0.9408272504806519,0.988981306552887,0.8926734328269958,0.9782147407531738,0.835597813129425,0.34822767972946167,0.9891654253005981,0.8924996256828308,0.9888085126876831,0.8948214650154114
38,0.9992793202400208,0.9667800664901733,0.9951256513595581,0.9384341239929199,0.9903035163879395,0.8899250626564026,5.249999958323315e-06,0.34419840574264526,0.9948122501373291,0.9403285980224609,0.9954469799995422,0.9379631876945496,0.9983920454978943,0.9604113101959229,0.9890078902244568,0.9318144917488098,0.978260338306427,0.8732905387878418,0.34786131978034973,0.9903992414474487,0.9322292804718018,0.9876286387443542,0.9321781992912292
39,0.9992988705635071,0.9638243913650513,0.9953370690345764,0.9323117733001709,0.9907205700874329,0.8846383690834045,5.249999958323315e-06,0.34409844875335693,0.9950923323631287,0.9299182891845703,0.9955859184265137,0.9379103779792786,0.9984161257743835,0.947325587272644,0.989143431186676,0.905507504940033,0.9785279035568237,0.8467859029769897,0.3479004204273224,0.9906474947929382,0.9124324917793274,0.9876521229743958,0.913545548915863
40,0.9993003010749817,0.9693704843521118,0.9953054785728455,0.9434357285499573,0.9906588792800903,0.8959159255027771,5.249999958323315e-06,0.34401923418045044,0.9951556324958801,0.9459320902824402,0.9954594969749451,0.9428679943084717,0.9984243512153625,0.9346948266029358,0.9888984560966492,0.880491316318512,0.9780587553977966,0.8173705339431763,0.3480423092842102,0.989052951335907,0.8878837823867798,0.9887539148330688,0.8748330473899841
41,0.9993008375167847,0.9632816910743713,0.995354413986206,0.9312085509300232,0.9907574653625488,0.8840947151184082,5.249999958323315e-06,0.34398704767227173,0.9950763583183289,0.931771993637085,0.9956369996070862,0.9336938261985779,0.9983850121498108,0.9607407450675964,0.9889280200004578,0.9325534701347351,0.9781057238578796,0.8750736117362976,0.34795206785202026,0.9915041923522949,0.93465256690979,0.986371636390686,0.9315541982650757
42,0.999296247959137,0.9749417304992676,0.9953258037567139,0.9545577168464661,0.9906983971595764,0.9156937599182129,5.249999958323315e-06,0.34389182925224304,0.9951456189155579,0.9552948474884033,0.9955096244812012,0.9551160335540771,0.9984024167060852,0.9550861120223999,0.9892503619194031,0.9209218621253967,0.9787347316741943,0.8576838970184326,0.3476729094982147,0.9892131686210632,0.9244936108589172,0.9892964959144592,0.9203439950942993
43,0.9993236064910889,0.9727676510810852,0.9954836368560791,0.9500522613525391,0.9910115003585815,0.9077402353286743,5.249999958323315e-06,0.34374696016311646,0.9953098893165588,0.9547820091247559,0.9956594109535217,0.9474087357521057,0.9983981251716614,0.9354543089866638,0.9893796443939209,0.8815290927886963,0.978992223739624,0.8177050948143005,0.3470586836338043,0.9879267811775208,0.891591489315033,0.9908441305160522,0.873801589012146
44,0.9993277192115784,0.9753820300102234,0.9955185651779175,0.9552448391914368,0.9910815358161926,0.9159796833992004,5.249999958323315e-06,0.3436524271965027,0.9951796531677246,0.9558157324790955,0.9958646893501282,0.9555683135986328,0.9984427094459534,0.9486615061759949,0.9891641736030579,0.9081588983535767,0.9785662889480591,0.8407221436500549,0.34785938262939453,0.9903591275215149,0.9000742435455322,0.9879868030548096,0.92633056640625
45,0.9993233680725098,0.9730631113052368,0.9954709410667419,0.950655460357666,0.9909863471984863,0.9084933996200562,5.249999958323315e-06,0.3436011075973511,0.9953130483627319,0.9525381326675415,0.9956332445144653,0.9507278203964233,0.9984430074691772,0.9613685011863708,0.9891558289527893,0.9335809946060181,0.9785502552986145,0.8768032193183899,0.34795111417770386,0.9905446767807007,0.9297373294830322,0.9877822995185852,0.9386462569236755
46,0.9993560910224915,0.9754531383514404,0.9957330822944641,0.9551730155944824,0.99150550365448,0.9161312580108643,5.249999958323315e-06,0.3434063196182251,0.9955447316169739,0.9522002339363098,0.9959248900413513,0.9588667154312134,0.9984692335128784,0.9595072269439697,0.9895316362380981,0.9294826984405518,0.9792900681495667,0.8706373572349548,0.3473657965660095,0.9907971024513245,0.9243117570877075,0.9882755875587463,0.9363154768943787
47,0.9993429780006409,0.9638941884040833,0.9956585168838501,0.9321296215057373,0.9913578033447266,0.8919456601142883,5.249999958323315e-06,0.34339725971221924,0.9954496622085571,0.9342321157455444,0.995872437953949,0.9317265152931213,0.9984344244003296,0.958050549030304,0.9891033172607422,0.9269976019859314,0.9784521460533142,0.8667289614677429,0.3479362428188324,0.9900644421577454,0.9209798574447632,0.9881550669670105,0.9341921210289001
48,0.9993520975112915,0.9733249545097351,0.9957190155982971,0.9509309530258179,0.9914769530296326,0.909468412399292,5.249999958323315e-06,0.3433060944080353,0.9956002235412598,0.9521036744117737,0.9958398938179016,0.9532873630523682,0.9984732270240784,0.9619420766830444,0.9894583821296692,0.934425950050354,0.9791480302810669,0.8779894113540649,0.34763067960739136,0.9902139902114868,0.9395034909248352,0.988710343837738,0.9302578568458557
49,0.999400794506073,0.9704622626304626,0.9960423111915588,0.944881796836853,0.9921190142631531,0.9060015678405762,5.249999958323315e-06,0.34306350350379944,0.9959082007408142,0.9454309344291687,0.9961797595024109,0.9457051157951355,0.998451828956604,0.9542124271392822,0.9890555739402771,0.9193692207336426,0.9783673882484436,0.8548848032951355,0.34732139110565186,0.9896408319473267,0.9387792348861694,0.9884847402572632,0.906450629234314
50,0.9994000792503357,0.9667666554450989,0.9960079193115234,0.9375248551368713,0.9920510053634644,0.9000652432441711,5.249999958323315e-06,0.34305670857429504,0.9957650899887085,0.9361964464187622,0.9962544441223145,0.9398545026779175,0.9984365701675415,0.9532144665718079,0.9891992807388306,0.9172295928001404,0.978639543056488,0.8538951277732849,0.34762972593307495,0.9896776080131531,0.9237693548202515,0.9887301921844482,0.9160483479499817
51,0.9994111061096191,0.968046247959137,0.9960829019546509,0.9400091767311096,0.992198646068573,0.9041508436203003,5.249999958323315e-06,0.34288647770881653,0.9959412217140198,0.9383972883224487,0.9962266683578491,0.9423556327819824,0.9984161257743835,0.9621372818946838,0.9892074465751648,0.9350670576095581,0.9786518812179565,0.8792755603790283,0.34714221954345703,0.9890692234039307,0.9435951709747314,0.9893537163734436,0.9277268052101135
52,0.9994078874588013,0.9707909226417542,0.9960928559303284,0.9454892873764038,0.992217481136322,0.9076669216156006,5.249999958323315e-06,0.3428366184234619,0.9958999156951904,0.9445416331291199,0.9962882399559021,0.9474643468856812,0.9984515309333801,0.9343940019607544,0.9896088242530823,0.8791790008544922,0.9794390797615051,0.8238539099693298,0.34638917446136475,0.9902616739273071,0.912156343460083,0.9889639019966125,0.8651626706123352
53,0.9994094371795654,0.9741371273994446,0.9960578083992004,0.9522160887718201,0.9921514987945557,0.9127140045166016,5.249999958323315e-06,0.3427888751029968,0.9958849549293518,0.9520399570465088,0.9962345957756042,0.9532564282417297,0.9984237551689148,0.9418086409568787,0.9891464114189148,0.894470751285553,0.9785382747650146,0.8379183411598206,0.3475566804409027,0.9904735088348389,0.8969355821609497,0.9878303408622742,0.8927375078201294
54,0.9993999004364014,0.9729707837104797,0.9959619641304016,0.9499792456626892,0.9919602870941162,0.9144731163978577,5.249999958323315e-06,0.3427346348762512,0.9957201480865479,0.9482552409172058,0.996208667755127,0.9523686170578003,0.9984765648841858,0.9504454731941223,0.9893806576728821,0.9115104675292969,0.9789945483207703,0.8472480773925781,0.34775274991989136,0.9902046322822571,0.9399016499519348,0.9885677099227905,0.9007483720779419
55,0.9994059801101685,0.9758975505828857,0.9960841536521912,0.9557110071182251,0.992201566696167,0.9170076251029968,5.249999958323315e-06,0.34262481331825256,0.9959505200386047,0.9573969841003418,0.9962204098701477,0.9548900127410889,0.9984588623046875,0.9616785645484924,0.9893087148666382,0.934048593044281,0.9788529872894287,0.8777018189430237,0.3472307324409485,0.9903270602226257,0.9368248581886292,0.9883018732070923,0.9331029653549194
56,0.9994302988052368,0.9647074937820435,0.9962232112884521,0.9331913590431213,0.9924774765968323,0.893787682056427,5.249999958323315e-06,0.3425258994102478,0.9960591197013855,0.9385868906974792,0.9963912963867188,0.931321382522583,0.9984433054924011,0.938159704208374,0.989338219165802,0.8869810700416565,0.9789101481437683,0.8283162117004395,0.3469667434692383,0.9890344142913818,0.915444552898407,0.9896529316902161,0.8614925146102905
57,0.9995245933532715,0.9701041579246521,0.9968733191490173,0.9433354735374451,0.9937682151794434,0.9104716777801514,2.6249999791616574e-06,0.3421238660812378,0.9968090653419495,0.9442977905273438,0.9969390630722046,0.9433335661888123,0.9984954595565796,0.9490740299224854,0.9895918369293213,0.9085560441017151,0.9794059991836548,0.8443461060523987,0.347077876329422,0.9911234378814697,0.9253079295158386,0.988076388835907,0.9116799235343933
58,0.9995384812355042,0.9802348613739014,0.9969294667243958,0.9635400176048279,0.9938798546791077,0.9311313629150391,2.6249999791616574e-06,0.3420737385749817,0.9967842102050781,0.9631292819976807,0.9970771074295044,0.9652217030525208,0.9984808564186096,0.9635777473449707,0.9896233081817627,0.9375319480895996,0.9794679880142212,0.8836736083030701,0.34643423557281494,0.9907932281494141,0.9371424913406372,0.9884616136550903,0.9389183521270752
59,0.999560534954071,0.9754916429519653,0.9971029758453369,0.9538800716400146,0.9942251443862915,0.9216670393943787,2.6249999791616574e-06,0.34195342659950256,0.9970182776451111,0.9517883062362671,0.9971895813941956,0.9564217925071716,0.9984860420227051,0.9650680422782898,0.9895874857902527,0.9405485391616821,0.9793963432312012,0.8881982564926147,0.34677112102508545,0.9908144474029541,0.9412052631378174,0.9883692860603333,0.940458357334137
60,0.9995548725128174,0.9753450155258179,0.9970192909240723,0.9536704421043396,0.9940587878227234,0.9210893511772156,2.6249999791616574e-06,0.3419778347015381,0.9969231486320496,0.9532214403152466,0.9971169233322144,0.95466148853302,0.998488187789917,0.9622772932052612,0.989574134349823,0.934980571269989,0.9793712496757507,0.8791242241859436,0.3464828431606293,0.9897209405899048,0.9386560916900635,0.9894359707832336,0.9323920607566833
61,0.9995582103729248,0.9787257313728333,0.9970567226409912,0.960395336151123,0.994133472442627,0.9258791208267212,2.6249999791616574e-06,0.3419303596019745,0.9968780279159546,0.9653568267822266,0.997236967086792,0.9576094746589661,0.9985156059265137,0.9464714527130127,0.9897546172142029,0.9031885266304016,0.9797271490097046,0.8531649708747864,0.34609276056289673,0.9908308982849121,0.9026578664779663,0.988688588142395,0.9048145413398743
62,0.9995889067649841,0.9826574921607971,0.9972931742668152,0.9680214524269104,0.9946025013923645,0.9387773275375366,2.6249999791616574e-06,0.34178170561790466,0.9971786737442017,0.9688153266906738,0.9974090456962585,0.9678930640220642,0.998496413230896,0.9649322628974915,0.9893980622291565,0.9404665231704712,0.9790235757827759,0.8890173435211182,0.34774672985076904,0.9912688732147217,0.9430967569351196,0.9875436425209045,0.9389237761497498
63,0.999585747718811,0.9766974449157715,0.9971852898597717,0.9562092423439026,0.9943891763687134,0.9257415533065796,2.6249999791616574e-06,0.3417438268661499,0.9970418810844421,0.9557667374610901,0.9973316788673401,0.9575911164283752,0.9985015988349915,0.9592269659042358,0.9897977709770203,0.9286559820175171,0.9798101186752319,0.8704662919044495,0.3468516170978546,0.9916412234306335,0.9366323351860046,0.9879670143127441,0.923016369342804
64,0.9995778799057007,0.9810338020324707,0.9972004890441895,0.964867115020752,0.9944188594818115,0.9336346983909607,2.6249999791616574e-06,0.34173116087913513,0.9971343278884888,0.9652255773544312,0.9972675442695618,0.9661439657211304,0.9985116720199585,0.961467444896698,0.989684522151947,0.9332506656646729,0.979590892791748,0.8763427734375,0.34688666462898254,0.9900202751159668,0.9340698719024658,0.9893573522567749,0.9338675737380981
65,0.9996231198310852,0.9768229126930237,0.9975048899650574,0.9561405181884766,0.9950242042541504,0.9260990619659424,1.3124999895808287e-06,0.34154579043388367,0.9973871111869812,0.957563579082489,0.9976242780685425,0.9562119245529175,0.9985116720199585,0.960623025894165,0.9896321892738342,0.931613564491272,0.9794875979423523,0.8749431371688843,0.3465445041656494,0.9898933172225952,0.9380066394805908,0.989379346370697,0.929836094379425
66,0.9996351003646851,0.9802913665771484,0.9976005554199219,0.9629822373390198,0.9952142834663391,0.930819034576416,1.3124999895808287e-06,0.34148967266082764,0.9975181818008423,0.9619549512863159,0.9976834058761597,0.964878261089325,0.9984893798828125,0.9619529247283936,0.9896041750907898,0.9343016147613525,0.9794365167617798,0.878797709941864,0.34613972902297974,0.9906781911849976,0.9293329119682312,0.9885416626930237,0.9404924511909485
67,0.9996383190155029,0.9795985221862793,0.9976034760475159,0.9615938067436218,0.9952201247215271,0.9352631568908691,1.3124999895808287e-06,0.3414757251739502,0.9975329041481018,0.9599302411079407,0.9976750016212463,0.9635671377182007,0.9984961152076721,0.9384118914604187,0.989655077457428,0.8871686458587646,0.9795314073562622,0.8310935497283936,0.3463849723339081,0.9905397295951843,0.9047542810440063,0.9887834787368774,0.879824161529541
68,0.9996272325515747,0.9822556376457214,0.9975034594535828,0.9670078754425049,0.9950219988822937,0.9374548196792603,1.3124999895808287e-06,0.34150800108909607,0.9974172711372375,0.9664129614830017,0.9975906610488892,0.9684599041938782,0.9985193014144897,0.965304434299469,0.98979651927948,0.9408122301101685,0.9798091650009155,0.8890448808670044,0.3463832139968872,0.9904599189758301,0.9396008253097534,0.9891433119773865,0.9431094527244568
69,0.9996686577796936,0.9820017218589783,0.9977578520774841,0.9662458896636963,0.9955284595489502,0.9370412230491638,1.3124999895808287e-06,0.34135982394218445,0.9976661801338196,0.9646443724632263,0.9978503584861755,0.9683635830879211,0.9985024929046631,0.9481598138809204,0.9898131489753723,0.9065064787864685,0.9798371195793152,0.8460947275161743,0.34664008021354675,0.9906336069107056,0.9019606113433838,0.9890013337135315,0.9211938977241516
70,0.9996685981750488,0.9817839860916138,0.9978046417236328,0.9657633900642395,0.9956201910972595,0.9372499585151672,1.3124999895808287e-06,0.34130534529685974,0.9977283477783203,0.9632744789123535,0.9978817701339722,0.9687180519104004,0.9985067844390869,0.9655342102050781,0.9896886348724365,0.9413802623748779,0.9795946478843689,0.8901488780975342,0.34652191400527954,0.9908888936042786,0.9471180438995361,0.9884990453720093,0.9370642304420471
71,0.9996289610862732,0.9794507622718811,0.9975229501724243,0.9613785743713379,0.9950620532035828,0.9305053949356079,1.3124999895808287e-06,0.34144023060798645,0.9974708557128906,0.9606939554214478,0.997576117515564,0.9631730914115906,0.9985174536705017,0.9595217108726501,0.9894855618476868,0.9295579791069031,0.9792044758796692,0.8702012896537781,0.3471481204032898,0.9899959564208984,0.9232534766197205,0.9889848232269287,0.9391937255859375
72,0.9996446371078491,0.9699682593345642,0.9976373314857483,0.9422999620437622,0.9952875375747681,0.9127665162086487,1.3124999895808287e-06,0.3413800001144409,0.997519314289093,0.9495875835418701,0.9977564811706543,0.9410226345062256,0.9985101222991943,0.9662697315216064,0.9896783232688904,0.9428616166114807,0.9795743823051453,0.8927397131919861,0.3468380868434906,0.990495502948761,0.9460664987564087,0.9888696074485779,0.9405245780944824
73,0.999657392501831,0.9840840697288513,0.997679591178894,0.9704881310462952,0.9953719973564148,0.9433276653289795,1.3124999895808287e-06,0.3412836790084839,0.9976035952568054,0.9704524874687195,0.9977564811706543,0.970976710319519,0.9985721111297607,0.9250085353851318,0.9900082945823669,0.8600087761878967,0.9802274107933044,0.8096626400947571,0.34613123536109924,0.9910014867782593,0.8618254065513611,0.9890275597572327,0.860776424407959
74,0.9996521472930908,0.9769451022148132,0.9977030754089355,0.9561867713928223,0.9954185485839844,0.926970899105072,1.3124999895808287e-06,0.3412920832633972,0.9976426959037781,0.9590792655944824,0.9977644085884094,0.9558216333389282,0.9984994530677795,0.9663771986961365,0.9897539019584656,0.9430005550384521,0.9797287583351135,0.8927953243255615,0.34616607427597046,0.9912695288658142,0.9366899728775024,0.9882500171661377,0.9501358270645142
75,0.9996553063392639,0.9836487770080566,0.9977103471755981,0.9695871472358704,0.9954335689544678,0.9419150352478027,1.3124999895808287e-06,0.3412635922431946,0.9975970387458801,0.9674667119979858,0.9978249073028564,0.972629725933075,0.9985089302062988,0.9606141448020935,0.9898420572280884,0.9313861131668091,0.9798973202705383,0.8753874897956848,0.34643006324768066,0.9908657670021057,0.9332910776138306,0.9888278841972351,0.9331415295600891
76,0.9996719360351562,0.9812029004096985,0.9978365898132324,0.9645695686340332,0.9956839680671692,0.9340461492538452,1.3124999895808287e-06,0.3411625325679779,0.9977409243583679,0.9654302000999451,0.9979332685470581,0.9654750823974609,0.998516857624054,0.9432014226913452,0.9895563721656799,0.8968465328216553,0.9793429374694824,0.8429001569747925,0.34704476594924927,0.9904587268829346,0.8996601700782776,0.9886629581451416,0.8962933421134949
77,0.9996880292892456,0.9801551103591919,0.9979432821273804,0.9623675346374512,0.9958961606025696,0.9369367361068726,1.3124999895808287e-06,0.3410661816596985,0.9979017376899719,0.9601585268974304,0.9979855418205261,0.965056300163269,0.9985427856445312,0.9608519673347473,0.9899787306785583,0.9317256808280945,0.9801632165908813,0.874072790145874,0.3467659056186676,0.9901586174964905,0.9369643330574036,0.9898049831390381,0.9279382824897766
78,0.9996768832206726,0.9847709536552429,0.9978781342506409,0.9716642498970032,0.9957662224769592,0.9466476440429688,1.3124999895808287e-06,0.34108811616897583,0.9978389739990234,0.9719053506851196,0.9979175329208374,0.9732547998428345,0.9985406398773193,0.9627979397773743,0.9899959564208984,0.9355997443199158,0.9801961779594421,0.880186140537262,0.34681737422943115,0.9907701015472412,0.9346875548362732,0.9892306327819824,0.9377133250236511
79,0.999661386013031,0.9840246438980103,0.9977260828018188,0.9703232049942017,0.9954659938812256,0.9434731006622314,1.3124999895808287e-06,0.3411387503147125,0.9976719617843628,0.9703186750411987,0.9977812767028809,0.9712428450584412,0.9985394477844238,0.9650248885154724,0.9899401664733887,0.9401094913482666,0.9800888299942017,0.8880321383476257,0.3465133309364319,0.9907758831977844,0.9450641870498657,0.9891114234924316,0.936196506023407
80,0.9996929168701172,0.9788281321525574,0.9979654550552368,0.9596912264823914,0.9959413409233093,0.9325152635574341,9.999999974752427e-07,0.34100669622421265,0.9979109168052673,0.9559094905853271,0.9980209469795227,0.9649747610092163,0.9985256791114807,0.9440860748291016,0.9899287223815918,0.8982433080673218,0.9800671339035034,0.8457952737808228,0.34628844261169434,0.9903585910797119,0.8976963758468628,0.9895078539848328,0.8998310565948486
81,0.9996804594993591,0.9761573672294617,0.9978782534599304,0.9544366598129272,0.9957666993141174,0.9242684245109558,9.999999974752427e-07,0.3410644233226776,0.9977985620498657,0.9542787075042725,0.997958242893219,0.9568427801132202,0.9985141158103943,0.9513375759124756,0.9897915720939636,0.9128832221031189,0.9797970056533813,0.8493219017982483,0.3467642664909363,0.9899826049804688,0.9202646613121033,0.9896084070205688,0.9163991808891296
82,0.9996993541717529,0.9804196357727051,0.9980150461196899,0.9628238677978516,0.996039628982544,0.9378014206886292,9.999999974752427e-07,0.34095436334609985,0.9979096055030823,0.9630701541900635,0.9981210827827454,0.9630935788154602,0.9985223412513733,0.9638857841491699,0.9897637963294983,0.9380079507827759,0.9797431826591492,0.884093165397644,0.3467697203159332,0.9907055497169495,0.9336270093917847,0.9888327717781067,0.9431630969047546
83,0.9996829032897949,0.9769340753555298,0.9978820085525513,0.9559857845306396,0.9957755208015442,0.9288398623466492,9.999999974752427e-07,0.34100377559661865,0.9977981448173523,0.9594370126724243,0.9979662299156189,0.9576143622398376,0.9985241889953613,0.9474514722824097,0.9898825883865356,0.9050202369689941,0.9799758791923523,0.8570548295974731,0.3465302288532257,0.9899486303329468,0.9052790999412537,0.9898215532302856,0.9053319692611694
84,0.999695360660553,0.9771823883056641,0.9979551434516907,0.9564091563224792,0.9959206581115723,0.9285205006599426,9.999999974752427e-07,0.34092384576797485,0.9979041814804077,0.9543958306312561,0.9980068802833557,0.9589561223983765,0.9985263347625732,0.9452919960021973,0.9896750450134277,0.9009087085723877,0.9795776605606079,0.849851667881012,0.34630662202835083,0.9900467395782471,0.9012748599052429,0.9893103837966919,0.9018864631652832
85,0.999694287776947,0.9751489162445068,0.9979446530342102,0.9523524641990662,0.9959007501602173,0.9272588491439819,9.999999974752427e-07,0.3409310281276703,0.9978953003883362,0.9520536661148071,0.9979954361915588,0.9530282020568848,0.9985089302062988,0.9630588293075562,0.9898080229759216,0.9363095164299011,0.9798271656036377,0.8814899325370789,0.34628617763519287,0.9897979497909546,0.9404229521751404,0.9898253679275513,0.9336270093917847
86,0.9996849298477173,0.9835113286972046,0.9979079365730286,0.9691146612167358,0.9958267211914062,0.9429479837417603,9.999999974752427e-07,0.340911865234375,0.9978533387184143,0.9723039865493774,0.9979634881019592,0.9689080119132996,0.9985367059707642,0.9471712708473206,0.9898345470428467,0.9045080542564392,0.9798847436904907,0.8559744954109192,0.3465529978275299,0.9902797937393188,0.9077578186988831,0.9893975257873535,0.9020427465438843
87,0.9997117519378662,0.9797871112823486,0.9980855584144592,0.9614880084991455,0.9961803555488586,0.9363462924957275,9.999999974752427e-07,0.34082454442977905,0.998047411441803,0.9588525295257568,0.9981256127357483,0.9653753042221069,0.998514711856842,0.9652818441390991,0.9900475144386292,0.9405160546302795,0.9802973866462708,0.8891366720199585,0.3461502194404602,0.990599513053894,0.940867006778717,0.9895051717758179,0.9410710334777832
88,0.9997051358222961,0.9813703298568726,0.9980289340019226,0.9647114276885986,0.996067225933075,0.9414804577827454,9.999999974752427e-07,0.34081676602363586,0.9979221820831299,0.9627889394760132,0.9981364607810974,0.9669671654701233,0.9985589385032654,0.9613404870033264,0.9896550178527832,0.933026134967804,0.9795408844947815,0.8776068091392517,0.3465856611728668,0.9907033443450928,0.9402822852134705,0.9886143207550049,0.9274694919586182
89,0.9997218251228333,0.9817252159118652,0.9981586933135986,0.9652919769287109,0.9963251352310181,0.942421019077301,9.999999974752427e-07,0.3407616913318634,0.9981346130371094,0.9636914730072021,0.9981831312179565,0.9674088358879089,0.9985073804855347,0.923051655292511,0.9896120429039001,0.8564915657043457,0.9794493317604065,0.8033455014228821,0.34633946418762207,0.9896761178970337,0.8620846271514893,0.9895546436309814,0.8527162075042725
90,0.9997090697288513,0.9781561493873596,0.9980735778808594,0.9582388401031494,0.9961555004119873,0.9310151934623718,9.999999974752427e-07,0.3407989740371704,0.9980278611183167,0.9555758833885193,0.9981195330619812,0.9621700048446655,0.9985287189483643,0.9643159508705139,0.9898106455802917,0.9388211965560913,0.9798358082771301,0.8862811923027039,0.34644266963005066,0.9902336597442627,0.9358847737312317,0.9893948435783386,0.9441816210746765
91,0.9997133016586304,0.9793305993080139,0.9980966448783875,0.9605652093887329,0.9962008595466614,0.9341247081756592,9.999999974752427e-07,0.34074637293815613,0.9980940818786621,0.9574321508407593,0.9980987310409546,0.9646474719047546,0.9985290765762329,0.9576965570449829,0.9899051785469055,0.9254875183105469,0.9800211191177368,0.8649569153785706,0.346358060836792,0.9904226064682007,0.9257588386535645,0.9893968105316162,0.9293942451477051
92,0.9997190833091736,0.9852508306503296,0.9980940222740173,0.9724071025848389,0.9961974620819092,0.9471610188484192,9.999999974752427e-07,0.34070655703544617,0.9980365037918091,0.9705823659896851,0.9981523156166077,0.9744407534599304,0.9985010027885437,0.9632350206375122,0.9898510575294495,0.9366186261177063,0.9799115657806396,0.8823111057281494,0.346262663602829,0.990261971950531,0.9283195734024048,0.9894455075263977,0.9477518200874329
0,0.9430850744247437,0.4204902648925781,0.8239337205886841,0.017046578228473663,0.7172508239746094,0.009949733503162861,4.199999966658652e-05,0.7070083022117615,0.8023180365562439,0.07921696454286575,0.864396333694458,0.029266176745295525,0.5473638772964478,0.12033294886350632,0.24066579341888428,7.506745447471985e-08,0.13749012351036072,7.506745447471985e-08,2.0243685245513916,0.13777855038642883,0.0,0.9870969653129578,0.0
1,0.9875545501708984,0.627609372138977,0.9179466962814331,0.3372722566127777,0.8492048382759094,0.23965774476528168,4.199999966658652e-05,0.44108784198760986,0.9134673476219177,0.5840612649917603,0.9257183074951172,0.2670002281665802,0.8746310472488403,0.20967145264148712,0.41934260725975037,2.484700303284626e-07,0.2662876844406128,2.484700303284626e-07,1.1910526752471924,0.32130882143974304,0.0,0.6113023161888123,0.0
2,0.9904427528381348,0.7379509210586548,0.9373158812522888,0.5385860204696655,0.8823304772377014,0.4149642288684845,4.199999966658652e-05,0.4117826223373413,0.9332516193389893,0.683458149433136,0.943294882774353,0.4830709397792816,0.91717129945755,0.25119492411613464,0.5023898482322693,7.484658226530883e-08,0.3376469016075134,7.484658226530883e-08,0.8201389312744141,0.4475911259651184,0.0,0.57964688539505,0.0
3,0.9923174977302551,0.8087267279624939,0.9482934474945068,0.6691599488258362,0.9021758437156677,0.5382776260375977,4.199999966658652e-05,0.3958577811717987,0.9458446502685547,0.7796585559844971,0.9525075554847717,0.6211627125740051,0.9509909152984619,0.32579201459884644,0.6515839099884033,6.609914038335774e-08,0.4869561791419983,6.609914038335774e-08,0.6144018769264221,0.6951944828033447,0.0,0.632983386516571,0.0
4,0.9938504099845886,0.8311577439308167,0.9592901468276978,0.7030250430107117,0.9219136834144592,0.5795509815216064,4.199999966658652e-05,0.384207159280777,0.9557585120201111,0.7771190404891968,0.9635709524154663,0.6717976927757263,0.9622735381126404,0.35368403792381287,0.6829593777656555,0.0244087353348732,0.5214096307754517,0.013730359263718128,0.5660576224327087,0.9547522664070129,0.14899984002113342,0.5347998142242432,0.013991747982800007
5,0.994598925113678,0.8404832482337952,0.9642160534858704,0.7167503237724304,0.9310382604598999,0.6022450923919678,4.199999966658652e-05,0.3779602348804474,0.9614164233207703,0.7656642198562622,0.9677368998527527,0.6912207007408142,0.9797760248184204,0.6977050304412842,0.8481947183609009,0.5472153425216675,0.7380383014678955,0.4034700095653534,0.4594660997390747,0.9832660555839539,0.7660492658615112,0.7478643655776978,0.44644105434417725
6,0.9948996901512146,0.8555505275726318,0.9660173058509827,0.7450841665267944,0.9343947768211365,0.6302676200866699,4.199999966658652e-05,0.37436720728874207,0.9636037349700928,0.8168109655380249,0.9690296053886414,0.7175920009613037,0.9905917644500732,0.8231519460678101,0.9339319467544556,0.7123717665672302,0.8764098286628723,0.5822601914405823,0.3936011493206024,0.9874000549316406,0.7585211992263794,0.8864963054656982,0.6948471665382385
7,0.9953045845031738,0.8679025173187256,0.9685059189796448,0.7672991156578064,0.9390613436698914,0.6510921716690063,4.199999966658652e-05,0.3709314465522766,0.9666889905929565,0.816150963306427,0.9709587097167969,0.7408685088157654,0.994942307472229,0.8632983565330505,0.9658623337745667,0.7607343196868896,0.9340378642082214,0.6436241269111633,0.3710622489452362,0.9870651364326477,0.8522751331329346,0.9456291198730469,0.705190122127533
8,0.9958842992782593,0.8923549652099609,0.9724329113960266,0.8122770190238953,0.9464928507804871,0.701598048210144,4.199999966658652e-05,0.36690494418144226,0.9707513451576233,0.8424003720283508,0.9746296405792236,0.7985104322433472,0.9957028031349182,0.8794205188751221,0.9696105718612671,0.7892305254936218,0.9411012530326843,0.6907179951667786,0.36660832166671753,0.9878058433532715,0.8316735029220581,0.9521840810775757,0.7720791697502136
9,0.9963253140449524,0.8855943083763123,0.9755969047546387,0.7955919504165649,0.9524103403091431,0.6944670081138611,4.199999966658652e-05,0.3635690212249756,0.9743121862411499,0.832577645778656,0.9771369695663452,0.7780570387840271,0.9964428544044495,0.8838565945625305,0.9755700826644897,0.7921430468559265,0.9523366689682007,0.6810581684112549,0.3626531958580017,0.9771541357040405,0.9085927605628967,0.9740378856658936,0.7111709713935852
10,0.9966564178466797,0.9072973132133484,0.9777178168296814,0.836876630783081,0.9564640522003174,0.7387131452560425,4.199999966658652e-05,0.36127421259880066,0.9763447642326355,0.8582990169525146,0.9793293476104736,0.8286104798316956,0.9965319633483887,0.9032143950462341,0.9768879413604736,0.8295408487319946,0.9548565745353699,0.7352638840675354,0.3611307442188263,0.974449634552002,0.8349063992500305,0.9794259667396545,0.8331685066223145
11,0.9967342615127563,0.913420557975769,0.9781070947647095,0.8487333655357361,0.9572285413742065,0.7491281628608704,4.199999966658652e-05,0.359919011592865,0.977088987827301,0.8694870471954346,0.979403555393219,0.8389104604721069,0.996551513671875,0.9223728179931641,0.976502001285553,0.868243396282196,0.954118013381958,0.7736252546310425,0.35989832878112793,0.9706143140792847,0.9290374517440796,0.9825352430343628,0.8206011056900024
12,0.9967792630195618,0.9141761660575867,0.9785826206207275,0.8497695922851562,0.9581058025360107,0.7524482607841492,4.199999966658652e-05,0.35896724462509155,0.9771905541419983,0.8738030791282654,0.9802162051200867,0.8353531360626221,0.9967425465583801,0.9241731762886047,0.9783347845077515,0.8700116872787476,0.9576165676116943,0.7751452922821045,0.35789382457733154,0.9824697375297546,0.8603983521461487,0.974286675453186,0.8870111703872681
13,0.9972735643386841,0.9230363965034485,0.9819620251655579,0.8641111850738525,0.9645887017250061,0.7702677845954895,4.199999966658652e-05,0.35620686411857605,0.9809402227401733,0.8807324767112732,0.98311448097229,0.8625762462615967,0.9970340132713318,0.9202218055725098,0.9801309108734131,0.8603128790855408,0.9610509276390076,0.7817192077636719,0.35609936714172363,0.9889899492263794,0.8426059484481812,0.971453070640564,0.8800351619720459
14,0.9973090887069702,0.9130883812904358,0.9817305207252502,0.8444461226463318,0.9641754627227783,0.7571917176246643,4.199999966658652e-05,0.35556402802467346,0.9807538390159607,0.8638226389884949,0.9828717708587646,0.8405278921127319,0.996982753276825,0.9323131442070007,0.9796050786972046,0.8850212097167969,0.9600511193275452,0.7991175055503845,0.35570240020751953,0.9882397651672363,0.9130651354789734,0.9711501598358154,0.8637674450874329
15,0.9976297616958618,0.9232360124588013,0.9843963384628296,0.8620755672454834,0.9692916870117188,0.7768061757087708,4.199999966658652e-05,0.3535781800746918,0.9833381175994873,0.8757103681564331,0.9855173230171204,0.8564042448997498,0.9971398711204529,0.9367444515228271,0.9802252054214478,0.8932638764381409,0.961232602596283,0.8101507425308228,0.3550933599472046,0.9909475445747375,0.8980605602264404,0.9697492718696594,0.8952216506004333
16,0.9974433779716492,0.9187400341033936,0.9829967617988586,0.8544831871986389,0.9665917754173279,0.7690273523330688,4.199999966658652e-05,0.35398751497268677,0.982246994972229,0.880361795425415,0.9838733077049255,0.8430315256118774,0.9956967234611511,0.9080790877342224,0.9711014628410339,0.8450568318367004,0.9438909292221069,0.7568999528884888,0.36080077290534973,0.9928807020187378,0.8300434350967407,0.9503792524337769,0.8626493215560913
17,0.9976346492767334,0.9258395433425903,0.9843553304672241,0.8673229813575745,0.9692122936248779,0.7849016785621643,4.199999966658652e-05,0.35276415944099426,0.9841098189353943,0.8846323490142822,0.9846750497817993,0.8652872443199158,0.9966751337051392,0.9111673831939697,0.9778063297271729,0.8445287346839905,0.9565972685813904,0.7367706298828125,0.3561963140964508,0.9623528122901917,0.9436207413673401,0.9937889575958252,0.7738448977470398
18,0.9976937770843506,0.9388030767440796,0.984682559967041,0.892923891544342,0.9698486328125,0.8114979267120361,4.199999966658652e-05,0.35216572880744934,0.9838622212409973,0.8943295478820801,0.9855871796607971,0.8976578712463379,0.9972463846206665,0.8955178260803223,0.9816177487373352,0.8094179034233093,0.9639071822166443,0.7253339290618896,0.35360243916511536,0.9855270385742188,0.767913818359375,0.9777750968933105,0.8604099750518799
19,0.9980000853538513,0.9402078986167908,0.9867236614227295,0.8936927914619446,0.9738063216209412,0.8184536099433899,4.199999966658652e-05,0.35044175386428833,0.9863365292549133,0.89696204662323,0.9871532917022705,0.8953460454940796,0.9974923729896545,0.9170998930931091,0.9830660820007324,0.8511337041854858,0.9667055010795593,0.7682484984397888,0.35224151611328125,0.9769219160079956,0.8969800472259521,0.9893081188201904,0.8126041889190674
20,0.997927725315094,0.9345231652259827,0.9860278964042664,0.8830183148384094,0.9724625945091248,0.8077406883239746,4.199999966658652e-05,0.35046541690826416,0.9854294061660767,0.886414110660553,0.986703634262085,0.8846399188041687,0.9976770281791687,0.940561056137085,0.984214723110199,0.8969073295593262,0.9689333438873291,0.8166025280952454,0.35151004791259766,0.9845342040061951,0.9287042021751404,0.983909547328949,0.8714951872825623
21,0.9979981184005737,0.9426541328430176,0.9867145419120789,0.8985938429832458,0.9737900495529175,0.8247628211975098,4.199999966658652e-05,0.3497299551963806,0.9862886667251587,0.9038638472557068,0.9871935844421387,0.9025765061378479,0.9978408813476562,0.9305002689361572,0.9854605793952942,0.8755399584770203,0.971345067024231,0.8069700598716736,0.35034358501434326,0.9836112856864929,0.87006676197052,0.9873292446136475,0.8832424283027649
22,0.9981111288070679,0.9465181827545166,0.9874666333198547,0.9055704474449158,0.9752569794654846,0.8375998735427856,4.199999966658652e-05,0.34909358620643616,0.987162709236145,0.9086834788322449,0.987814724445343,0.9056285619735718,0.9978106617927551,0.926856279373169,0.9854851365089417,0.8682277202606201,0.9713951349258423,0.7954094409942627,0.3495611846446991,0.9853612780570984,0.9229633808135986,0.985624372959137,0.8214012980461121
23,0.9979858994483948,0.9458419680595398,0.9862774610519409,0.9054063558578491,0.9729535579681396,0.8330150842666626,4.199999966658652e-05,0.3494551181793213,0.9856804013252258,0.9135559797286987,0.9869504570960999,0.9045254588127136,0.9974600076675415,0.9436948895454407,0.982666015625,0.9047238230705261,0.9659351110458374,0.829613447189331,0.3513575494289398,0.9923629760742188,0.9249569773674011,0.973182201385498,0.8902525901794434
24,0.9982677698135376,0.942800760269165,0.9883556365966797,0.8972459435462952,0.9769955277442932,0.8282239437103271,4.199999966658652e-05,0.34811142086982727,0.9879445433616638,0.9080716967582703,0.9888112545013428,0.8960168361663818,0.9975811839103699,0.908724844455719,0.9836321473121643,0.8338176012039185,0.9678105115890503,0.7336236834526062,0.3508438169956207,0.9926081895828247,0.7587947249412537,0.9748399257659912,0.9582963585853577
25,0.9983428716659546,0.9519727826118469,0.9889857769012451,0.9149599671363831,0.9782217144966125,0.8478229641914368,4.199999966658652e-05,0.34745272994041443,0.9886954426765442,0.915285587310791,0.9893147945404053,0.9182003140449524,0.9978839159011841,0.9523956775665283,0.9857253432273865,0.9190659523010254,0.9718672037124634,0.8521845936775208,0.3490750789642334,0.9885175228118896,0.9372207522392273,0.9829720258712769,0.9052965044975281
26,0.9983268976211548,0.9519697427749634,0.9888108968734741,0.9151288866996765,0.9778808355331421,0.8499797582626343,4.199999966658652e-05,0.34731316566467285,0.988534688949585,0.9211921691894531,0.9891281127929688,0.9151908159255981,0.9978628754615784,0.9510849118232727,0.9854174256324768,0.9167526364326477,0.9712680578231812,0.8495721220970154,0.34908345341682434,0.9928017258644104,0.9016080498695374,0.9781621694564819,0.9352383613586426
27,0.998360276222229,0.9576046466827393,0.9890491962432861,0.9261596202850342,0.9783475399017334,0.865557074546814,4.199999966658652e-05,0.3470642566680908,0.9887140393257141,0.9237719178199768,0.9894174933433533,0.9307929277420044,0.9979885816574097,0.9489337801933289,0.9864270687103271,0.9114410281181335,0.9732267260551453,0.840464174747467,0.34850314259529114,0.9865885376930237,0.9022480845451355,0.9862728118896484,0.9282615184783936
28,0.9983299374580383,0.9504391551017761,0.9887897372245789,0.9120883345603943,0.9778401255607605,0.8514459729194641,4.199999966658652e-05,0.34703487157821655,0.9885076880455017,0.9062121510505676,0.9891116619110107,0.9237507581710815,0.9980154633522034,0.9476555585861206,0.9864161014556885,0.9088953137397766,0.9732105731964111,0.8400623798370361,0.3482780158519745,0.98914635181427,0.9334071278572083,0.983710765838623,0.8966881632804871
29,0.9984458684921265,0.9521620869636536,0.9895902872085571,0.9147337079048157,0.9794065356254578,0.8486194014549255,4.199999966658652e-05,0.34639468789100647,0.989174485206604,0.9206900596618652,0.9900441765785217,0.9142823219299316,0.9980337619781494,0.9505641460418701,0.9864946603775024,0.9146330952644348,0.9733641743659973,0.8460263609886169,0.3481927216053009,0.9864891767501831,0.9002342820167542,0.9865100979804993,0.9322189092636108
30,0.9985740780830383,0.9473285675048828,0.9904758334159851,0.9041816592216492,0.981139063835144,0.848674476146698,4.199999966658652e-05,0.34577274322509766,0.9903096556663513,0.9035511016845703,0.990661084651947,0.9076562523841858,0.9980133175849915,0.9352356195449829,0.9867401123046875,0.8837312459945679,0.9738367199897766,0.8203127384185791,0.34759795665740967,0.9832090139389038,0.8897519707679749,0.9903071522712708,0.8809384107589722
31,0.9989296793937683,0.9617919921875,0.9928863644599915,0.9306977987289429,0.985879123210907,0.8824480175971985,2.099999983329326e-05,0.34428340196609497,0.9926546216011047,0.9312283396720886,0.9931296706199646,0.935431957244873,0.9984427094459534,0.9443895816802979,0.9896731376647949,0.8991058468818665,0.9795628190040588,0.846534252166748,0.34561842679977417,0.9891489148139954,0.9121296405792236,0.9902039170265198,0.8878761529922485
32,0.9990562200546265,0.9702172875404358,0.993700385093689,0.9467343091964722,0.9874851703643799,0.9020690321922302,2.099999983329326e-05,0.34367382526397705,0.9934793710708618,0.9423755407333374,0.9939332604408264,0.9518982768058777,0.998390793800354,0.9446170926094055,0.9890178442001343,0.9002159833908081,0.9782832860946655,0.8481684923171997,0.3462604582309723,0.9908972978591919,0.8889133334159851,0.9871588945388794,0.9122602939605713
33,0.999122679233551,0.9669746160507202,0.9940251708030701,0.9399240612983704,0.9881289601325989,0.8966347575187683,2.099999983329326e-05,0.3433535695075989,0.9936743378639221,0.9371652007102966,0.9943848252296448,0.9450746178627014,0.9984045624732971,0.9530907273292542,0.9890360832214355,0.9171453714370728,0.9783191680908203,0.8526875376701355,0.34651878476142883,0.9865338206291199,0.9218946695327759,0.9915551543235779,0.9168047308921814
34,0.999174952507019,0.9742223620414734,0.9944851398468018,0.9539602398872375,0.9890352487564087,0.9136677384376526,2.099999983329326e-05,0.3430524170398712,0.9943572282791138,0.9491491913795471,0.9946196675300598,0.960822343826294,0.9984725713729858,0.9609987139701843,0.9894288778305054,0.9325684905052185,0.9790894389152527,0.8747792840003967,0.345994234085083,0.9905577301979065,0.9247594475746155,0.988308310508728,0.9421785473823547
35,0.9991904497146606,0.969377875328064,0.9945974946022034,0.9441583752632141,0.9892569780349731,0.8993099927902222,2.099999983329326e-05,0.3429013192653656,0.9943922162055969,0.9464733600616455,0.9948083758354187,0.9443680644035339,0.9984457492828369,0.9627224206924438,0.9892095923423767,0.9362349510192871,0.9786616563796997,0.8810327649116516,0.34583768248558044,0.9888957142829895,0.9363504648208618,0.9895311594009399,0.9377391934394836
36,0.9992157816886902,0.968753457069397,0.9947705268859863,0.9427357316017151,0.9896003603935242,0.902475893497467,2.099999983329326e-05,0.34273192286491394,0.9946356415748596,0.9400036334991455,0.994911789894104,0.9469590187072754,0.9984362721443176,0.959676206111908,0.9892730712890625,0.9300789833068848,0.9787821769714355,0.8717458844184875,0.34584152698516846,0.9884027242660522,0.9372212886810303,0.9901512861251831,0.924796998500824
37,0.9992455840110779,0.9723440408706665,0.9949886202812195,0.9496994018554688,0.9900296926498413,0.9090633392333984,2.099999983329326e-05,0.34251803159713745,0.9948211908340454,0.951134204864502,0.995161771774292,0.9514473080635071,0.9984756708145142,0.964440107345581,0.9893895983695984,0.9394903779029846,0.9790084362030029,0.887524425983429,0.34569743275642395,0.9894834756851196,0.9516355395317078,0.9893031120300293,0.9297599792480469
38,0.9992732405662537,0.9701522588729858,0.9951563477516174,0.9451482892036438,0.9903624057769775,0.9064948558807373,2.099999983329326e-05,0.34233275055885315,0.9950043559074402,0.9440320730209351,0.9953130483627319,0.948116660118103,0.9983608722686768,0.9600454568862915,0.9885474443435669,0.9315435290336609,0.9773750305175781,0.8759676218032837,0.34653618931770325,0.9912997484207153,0.946898341178894,0.9858222007751465,0.9176033139228821
39,0.9992354512214661,0.9765690565109253,0.994887113571167,0.9582506418228149,0.9898300170898438,0.9218616485595703,2.099999983329326e-05,0.34238147735595703,0.9947516918182373,0.9576135277748108,0.9950320720672607,0.9608781933784485,0.9984081983566284,0.9638711810112,0.9893461465835571,0.9383960962295532,0.9789221286773682,0.8857031464576721,0.3455260396003723,0.9874002933502197,0.9512863755226135,0.991304874420166,0.9282158017158508
40,0.9992424845695496,0.9755850434303284,0.9948800802230835,0.9562901258468628,0.989816427230835,0.9182944297790527,2.099999983329326e-05,0.3422480523586273,0.9946941137313843,0.9504896402359009,0.9950714707374573,0.9638779163360596,0.9983383417129517,0.9616628289222717,0.9887551069259644,0.9345704913139343,0.9777669310569763,0.8790825605392456,0.34594130516052246,0.9915828108787537,0.9304310083389282,0.9859469532966614,0.9407165050506592
41,0.9992462992668152,0.9750429391860962,0.994911253452301,0.9551737904548645,0.9898777008056641,0.9174219369888306,2.099999983329326e-05,0.34218817949295044,0.9948480129241943,0.9604495763778687,0.9949803948402405,0.9538992047309875,0.9984097480773926,0.9572960734367371,0.9893202185630798,0.9252719283103943,0.9788734912872314,0.8626120090484619,0.34576523303985596,0.9890610575675964,0.9598638415336609,0.9895905256271362,0.8959287405014038
42,0.9992143511772156,0.9746347069740295,0.9946768283843994,0.9545922875404358,0.9894145727157593,0.9156317710876465,2.099999983329326e-05,0.3422461450099945,0.9945363402366638,0.9569724798202515,0.9948266744613647,0.9554502964019775,0.99835205078125,0.9635199904441833,0.9890612959861755,0.9379785060882568,0.9783643484115601,0.8847095370292664,0.3460242748260498,0.9873474836349487,0.9505847096443176,0.9907874464988708,0.9266448020935059
43,0.9993887543678284,0.9763635993003845,0.9959064722061157,0.9568206071853638,0.991848886013031,0.9224616289138794,1.049999991664663e-05,0.3415820002555847,0.9957564473152161,0.9577440023422241,0.9960604310035706,0.9584857225418091,0.9985180497169495,0.9596026539802551,0.9902037978172302,0.9290015697479248,0.980604350566864,0.8759929537773132,0.3442527651786804,0.9907202124595642,0.9265815615653992,0.98969566822052,0.9322242736816406
44,0.9995362162590027,0.9825311899185181,0.9969162940979004,0.9681462049484253,0.9938532114028931,0.9395763874053955,1.049999991664663e-05,0.341034471988678,0.9967992305755615,0.9633943438529968,0.9970356822013855,0.9735349416732788,0.9986202716827393,0.9610421657562256,0.9904412627220154,0.9316430687904358,0.9810733199119568,0.8752721548080444,0.34503665566444397,0.990403413772583,0.9304065108299255,0.9904845952987671,0.9372891187667847
45,0.9995482563972473,0.9804754853248596,0.9969948530197144,0.9639557003974915,0.9940100908279419,0.9328005313873291,1.049999991664663e-05,0.34097084403038025,0.9969479441642761,0.9610063433647156,0.9970436692237854,0.969957709312439,0.9985937476158142,0.9682601690292358,0.9907072186470032,0.9458130598068237,0.9815886616706848,0.897990345954895,0.34429118037223816,0.9903659820556641,0.9442571401596069,0.9910529255867004,0.9480139017105103
46,0.9996016025543213,0.9817984104156494,0.9973407983779907,0.9662557244300842,0.9946972131729126,0.9374756813049316,1.049999991664663e-05,0.3407338261604309,0.9972631931304932,0.9647266864776611,0.9974195957183838,0.9702299237251282,0.9985977411270142,0.9415538311004639,0.990439236164093,0.8926680088043213,0.981066882610321,0.8381770849227905,0.3444035053253174,0.9902289509773254,0.8829941749572754,0.9906559586524963,0.9043908715248108
47,0.9995959401130676,0.9792172312736511,0.9973070621490479,0.9611276388168335,0.9946308732032776,0.9350801706314087,1.049999991664663e-05,0.3406648635864258,0.9972286224365234,0.9561108946800232,0.9973872303962708,0.967164158821106,0.998577892780304,0.9651015996932983,0.9904873371124268,0.9397156238555908,0.9811603426933289,0.8887796998023987,0.34428727626800537,0.9918656945228577,0.9305436015129089,0.9891185760498047,0.9528623819351196
48,0.999586820602417,0.983309805393219,0.9971979260444641,0.9694214463233948,0.9944150447845459,0.9425844550132751,1.049999991664663e-05,0.34072425961494446,0.9971412420272827,0.9679747223854065,0.9972565174102783,0.9720972180366516,0.9985330104827881,0.9669613838195801,0.9901449680328369,0.9437782764434814,0.980486273765564,0.8945977091789246,0.34475934505462646,0.9881919026374817,0.9503170251846313,0.9921112060546875,0.9382814168930054
49,0.9995757937431335,0.9848262071609497,0.9971999526023865,0.9724529981613159,0.9944174885749817,0.9472044110298157,1.049999991664663e-05,0.34065163135528564,0.9970991015434265,0.9694428443908691,0.9973021149635315,0.9764919877052307,0.9986022710800171,0.9452999830245972,0.9904157519340515,0.9001843929290771,0.9810185432434082,0.8501998782157898,0.34533560276031494,0.9907363057136536,0.8810334205627441,0.9901009202003479,0.9229051470756531
50,0.9996237754821777,0.9829994440078735,0.9975236654281616,0.9684750437736511,0.9950605034828186,0.9433967471122742,1.049999991664663e-05,0.34042254090309143,0.9975196719169617,0.9613697528839111,0.9975283741950989,0.9808684587478638,0.9985812306404114,0.9682244062423706,0.9904918670654297,0.9459570050239563,0.9811668992042542,0.8987188935279846,0.3448980450630188,0.990023136138916,0.9519596099853516,0.9909666180610657,0.9413310289382935
51,0.9996337890625,0.9870278239250183,0.9975266456604004,0.9765295386314392,0.9950665831565857,0.954596996307373,1.049999991664663e-05,0.3403734266757965,0.9974193572998047,0.9742556214332581,0.9976351261138916,0.979128897190094,0.9985684156417847,0.964030921459198,0.9902591109275818,0.9378029108047485,0.9807146191596985,0.8853215575218201,0.34462571144104004,0.991244912147522,0.9355412125587463,0.9892791509628296,0.9415678381919861
52,0.9996199607849121,0.9791142344474792,0.9973917603492737,0.96083664894104,0.9947995543479919,0.9359180331230164,1.049999991664663e-05,0.34037601947784424,0.9973213076591492,0.9625284075737,0.9974639415740967,0.9623691439628601,0.9985461235046387,0.940280020236969,0.9900836944580078,0.8904761672019958,0.9803711175918579,0.8401557803153992,0.3447043299674988,0.9896957278251648,0.8812057971954346,0.9904784560203552,0.9007083773612976
53,0.9996024370193481,0.9846678376197815,0.9973012804985046,0.9720339775085449,0.9946212768554688,0.9467154741287231,1.049999991664663e-05,0.3403974175453186,0.9972506761550903,0.9684970378875732,0.9973531365394592,0.9763668179512024,0.9985342621803284,0.968778669834137,0.9901587963104248,0.9473985433578491,0.9805164337158203,0.9009077548980713,0.34499430656433105,0.9885053038597107,0.9470271468162537,0.9918223023414612,0.948615312576294
54,0.9995743632316589,0.9784600734710693,0.997158408164978,0.9597617387771606,0.9943357110023499,0.9330989718437195,1.049999991664663e-05,0.3404434323310852,0.9970698356628418,0.9594159126281738,0.9972491264343262,0.961575448513031,0.998525083065033,0.9671022295951843,0.9897580146789551,0.944446325302124,0.9797341227531433,0.8955503702163696,0.34511420130729675,0.9907218813896179,0.9324733018875122,0.9888026714324951,0.9572042226791382
55,0.9995896816253662,0.9852030873298645,0.9973018169403076,0.9731038808822632,0.9946204423904419,0.9492130875587463,1.049999991664663e-05,0.3403279483318329,0.9972591400146484,0.9695377349853516,0.9973461031913757,0.9774365425109863,0.9985305666923523,0.9576637744903564,0.9898777008056641,0.9254496693611145,0.9799665808677673,0.8659379482269287,0.3454703986644745,0.9922893047332764,0.9282335042953491,0.9874832034111023,0.9255580902099609
56,0.999601423740387,0.9727473258972168,0.9972934722900391,0.9482009410858154,0.9946036338806152,0.9278551340103149,1.049999991664663e-05,0.34026917815208435,0.9971763491630554,0.944362461566925,0.9974133372306824,0.9524166584014893,0.9985247850418091,0.9656761884689331,0.9898573160171509,0.9414955377578735,0.9799245595932007,0.890403151512146,0.34551993012428284,0.9914730191230774,0.9589214324951172,0.9882521033287048,0.9253942370414734
57,0.9995680451393127,0.9849944114685059,0.9970929026603699,0.9728953838348389,0.9942046999931335,0.9483923316001892,1.049999991664663e-05,0.34037625789642334,0.9969835877418518,0.9671598076820374,0.997204601764679,0.9796960949897766,0.9985241889953613,0.9637885093688965,0.9898331165313721,0.9377439022064209,0.9798805713653564,0.8854112029075623,0.34519368410110474,0.9865357875823975,0.9429474472999573,0.9931600093841553,0.9353978633880615
58,0.9996233582496643,0.9808341860771179,0.9975056648254395,0.9641625881195068,0.9950258731842041,0.9416629076004028,1.049999991664663e-05,0.3400890827178955,0.9974315762519836,0.9584693908691406,0.9975817799568176,0.9721378087997437,0.9985550045967102,0.9690938591957092,0.9899140000343323,0.948273777961731,0.9800456762313843,0.9023222923278809,0.3445814251899719,0.9900845885276794,0.949327290058136,0.9897498488426208,0.9479343891143799
59,0.9996348023414612,0.9872575998306274,0.9975830316543579,0.9769325256347656,0.9951785802841187,0.9556606411933899,1.049999991664663e-05,0.34001144766807556,0.9975526332855225,0.9758657217025757,0.9976147413253784,0.9790037274360657,0.9985690116882324,0.9674461483955383,0.9903042316436768,0.944587767124176,0.9808011054992676,0.8963580131530762,0.344814658164978,0.9895254373550415,0.9511547684669495,0.991090714931488,0.9389011263847351
60,0.9996269345283508,0.9851202964782715,0.99750155210495,0.9727393388748169,0.9950166940689087,0.9486092925071716,1.049999991664663e-05,0.33998316526412964,0.997433602809906,0.9689394235610962,0.9975705742835999,0.978172242641449,0.9985281229019165,0.9684793949127197,0.9900842308998108,0.9468744397163391,0.9803698658943176,0.9000457525253296,0.3446865975856781,0.9901785850524902,0.9420127272605896,0.9899964928627014,0.9529514312744141
61,0.9996095299720764,0.986958920955658,0.9974054098129272,0.9765115976333618,0.9948267340660095,0.9547249674797058,1.049999991664663e-05,0.34002989530563354,0.9972624778747559,0.975585401058197,0.9975504279136658,0.9780347943305969,0.9985034465789795,0.9241379499435425,0.989585280418396,0.8586907982826233,0.9793930053710938,0.8063533306121826,0.34548598527908325,0.9906929731369019,0.8469069004058838,0.9884861707687378,0.8729572892189026
62,0.9996051788330078,0.9782437086105347,0.9973471164703369,0.959140419960022,0.994709312915802,0.9395435452461243,1.049999991664663e-05,0.339975506067276,0.9973296523094177,0.9556028842926025,0.997366726398468,0.9631822109222412,0.9985378980636597,0.9128330945968628,0.9897406697273254,0.835925817489624,0.9796996116638184,0.7815175652503967,0.34547874331474304,0.9894160628318787,0.8663442134857178,0.9900720715522766,0.820960521697998
63,0.9996103048324585,0.9774090051651001,0.9974093437194824,0.957408607006073,0.9948343634605408,0.9364945292472839,1.049999991664663e-05,0.33993053436279297,0.9973149299621582,0.9546399712562561,0.997505784034729,0.9607979655265808,0.9985455274581909,0.9679511785507202,0.9901095628738403,0.9457926750183105,0.9804178476333618,0.8979644179344177,0.34517037868499756,0.990512490272522,0.9419100880622864,0.9897122383117676,0.9512295722961426
64,0.9997264742851257,0.9765939116477966,0.9981242418289185,0.9550637602806091,0.9962570667266846,0.9360694885253906,5.249999958323315e-06,0.3394882082939148,0.9981086850166321,0.9568004608154297,0.9981408715248108,0.9552869200706482,0.9986071586608887,0.9668228626251221,0.9906052350997925,0.9430403113365173,0.9813919067382812,0.8938993215560913,0.344359815120697,0.9900658130645752,0.9468650221824646,0.9911490082740784,0.9399433135986328
65,0.9997830390930176,0.987271785736084,0.9985604882240295,0.975983738899231,0.9971258640289307,0.9625557661056519,5.249999958323315e-06,0.3392849266529083,0.9985519647598267,0.972521960735321,0.9985693097114563,0.9795951843261719,0.9986065626144409,0.9468768239021301,0.990436851978302,0.903316855430603,0.9810619950294495,0.853977382183075,0.3449660539627075,0.9902962446212769,0.8973625302314758,0.9905815720558167,0.9110379815101624
66,0.999814510345459,0.9921503663063049,0.9987698197364807,0.9855305552482605,0.9975432753562927,0.9719941020011902,5.249999958323315e-06,0.3391391336917877,0.9987441897392273,0.9828908443450928,0.9987953901290894,0.9887595176696777,0.9986410737037659,0.9659557342529297,0.9907084703445435,0.9412027597427368,0.9815914630889893,0.8919947743415833,0.3446045219898224,0.9908973574638367,0.9442453980445862,0.9905240535736084,0.9404134154319763
67,0.9997915029525757,0.9911510944366455,0.9985594749450684,0.9837431311607361,0.9971259832382202,0.9698142409324646,5.249999958323315e-06,0.3392026424407959,0.9984591007232666,0.9802780151367188,0.9986621141433716,0.9890615344047546,0.9985940456390381,0.9411038756370544,0.9904871582984924,0.8917205929756165,0.981158971786499,0.8378373980522156,0.3444387912750244,0.9905766248703003,0.8894133567810059,0.9904038906097412,0.8958780765533447
68,0.9998325109481812,0.9927318096160889,0.9988994598388672,0.9865636229515076,0.9978024959564209,0.9738984107971191,5.249999958323315e-06,0.3390313386917114,0.9988813996315002,0.9818037152290344,0.9989180564880371,0.99177086353302,0.9986321926116943,0.964374840259552,0.9906420707702637,0.9381078481674194,0.9814624786376953,0.884858250617981,0.3450639247894287,0.9908122420310974,0.9231938719749451,0.9904757738113403,0.954704999923706
69,0.9998503923416138,0.9921371340751648,0.999013364315033,0.9852617383003235,0.9980289340019226,0.9718267917633057,2.6249999791616574e-06,0.338947594165802,0.9990074634552002,0.9806971549987793,0.9990193843841553,0.9907546043395996,0.9986251592636108,0.9699159264564514,0.9906812310218811,0.949150562286377,0.9815406799316406,0.9040191173553467,0.34429657459259033,0.9893255829811096,0.9472540020942688,0.992045521736145,0.9522008299827576
70,0.9998714327812195,0.9882575869560242,0.9991490244865417,0.9773662090301514,0.9983004927635193,0.965653657913208,2.6249999791616574e-06,0.33887478709220886,0.999115526676178,0.9766355156898499,0.9991830587387085,0.9784193634986877,0.9986261129379272,0.9695295691490173,0.990552544593811,0.9485067129135132,0.9812889695167542,0.9029685854911804,0.3450005054473877,0.990424633026123,0.9476515054702759,0.9906836748123169,0.9503805637359619
71,0.999858021736145,0.9926245212554932,0.9990326166152954,0.986216127872467,0.9980683326721191,0.9734004735946655,2.6249999791616574e-06,0.33893054723739624,0.9990552663803101,0.98340904712677,0.9990103840827942,0.989301323890686,0.9986199736595154,0.9646592736244202,0.9906256794929504,0.9386929869651794,0.9814336895942688,0.8860501050949097,0.34466543793678284,0.9906659126281738,0.9309202432632446,0.990588366985321,0.9487044811248779
72,0.9998789429664612,0.989349901676178,0.9991823434829712,0.9795175194740295,0.9983662366867065,0.9694682359695435,2.6249999791616574e-06,0.33879542350769043,0.9991757273674011,0.9760660529136658,0.999189019203186,0.9831900596618652,0.998655378818512,0.9561366438865662,0.9908877015113831,0.9213854074478149,0.981943666934967,0.8702166676521301,0.3446456491947174,0.9910220503807068,0.9249560832977295,0.9907574653625488,0.9194513559341431
73,0.9998874664306641,0.9945032000541687,0.9992676377296448,0.9897386431694031,0.9985359907150269,0.9798917174339294,2.6249999791616574e-06,0.3387511968612671,0.9992519617080688,0.9887042045593262,0.9992827773094177,0.9909904599189758,0.9986487030982971,0.9647638201713562,0.990917444229126,0.938610315322876,0.9820019602775574,0.8876656889915466,0.3443840444087982,0.9909048676490784,0.9338129162788391,0.9909338355064392,0.945069432258606
74,0.9998705983161926,0.9797016978263855,0.9991588592529297,0.9602445960044861,0.9983202219009399,0.9508616924285889,2.6249999791616574e-06,0.3388192057609558,0.9991651177406311,0.9579381346702576,0.9991530776023865,0.9626927971839905,0.9986556768417358,0.9505919814109802,0.9908721446990967,0.9103115797042847,0.9819154143333435,0.8660329580307007,0.3442765176296234,0.990630567073822,0.9126213192939758,0.9911161065101624,0.9086403846740723
75,0.9998865723609924,0.9904043674468994,0.9992561340332031,0.9815530180931091,0.9985143542289734,0.9733404517173767,1.3124999895808287e-06,0.33873289823532104,0.9992568492889404,0.9797888994216919,0.9992556571960449,0.9833864569664001,0.9986297488212585,0.9504505395889282,0.9904928803443909,0.9104078412055969,0.9811802506446838,0.8666128516197205,0.3439871072769165,0.9901918172836304,0.908145546913147,0.9907987713813782,0.913866400718689
76,0.9999077320098877,0.990877091884613,0.9993947744369507,0.9823592901229858,0.9987907409667969,0.9749925136566162,1.3124999895808287e-06,0.33866581320762634,0.9993703365325928,0.981809675693512,0.9994193911552429,0.9830732941627502,0.9986444115638733,0.949648380279541,0.9907311201095581,0.9085654616355896,0.981638491153717,0.8628153800964355,0.3443957269191742,0.9907940030097961,0.9036232829093933,0.9906708598136902,0.9142019748687744
77,0.9999053478240967,0.989278256893158,0.999381422996521,0.9791752099990845,0.9987637996673584,0.9689875245094299,1.3124999895808287e-06,0.3386499881744385,0.9993708729743958,0.9749904870986938,0.9993922710418701,0.9837771654129028,0.9986453056335449,0.966373085975647,0.9904209971427917,0.9423248171806335,0.9810305237770081,0.8924298882484436,0.3451491892337799,0.9902307987213135,0.9452915191650391,0.9906168580055237,0.940449595451355
78,0.9998945593833923,0.9898265600204468,0.9993062615394592,0.9803475141525269,0.9986138343811035,0.9710985422134399,1.3124999895808287e-06,0.33869045972824097,0.9992983341217041,0.9780897498130798,0.9993142485618591,0.9827704429626465,0.998618483543396,0.9674054980278015,0.9904752373695374,0.9443361759185791,0.9811357855796814,0.895761251449585,0.3449249267578125,0.9905827045440674,0.9340909719467163,0.9903743863105774,0.9563173651695251
79,0.9999037384986877,0.9905844330787659,0.9993523955345154,0.9818169474601746,0.9987059235572815,0.9739093780517578,1.3124999895808287e-06,0.3386448323726654,0.9993342757225037,0.9799900054931641,0.999370276927948,0.9837063550949097,0.9986346364021301,0.9649810194969177,0.9906594753265381,0.9393024444580078,0.9814990758895874,0.8877927660942078,0.3445456624031067,0.9911975860595703,0.943419337272644,0.9901249408721924,0.9365050792694092
80,0.9999063014984131,0.9938884973526001,0.9993601441383362,0.9884167313575745,0.9987218976020813,0.9779938459396362,9.999999974752427e-07,0.33864468336105347,0.9993557929992676,0.984661877155304,0.9993652105331421,0.9929433465003967,0.9986413717269897,0.9659726023674011,0.990631639957428,0.9413136839866638,0.9814452528953552,0.8909947872161865,0.3444637060165405,0.9907504916191101,0.9335994124412537,0.9905182123184204,0.9510182738304138
81,0.9999077320098877,0.9855535626411438,0.9993793964385986,0.9717276096343994,0.9987607598304749,0.9637200236320496,9.999999974752427e-07,0.3386087715625763,0.9993776679039001,0.9703532457351685,0.9993820786476135,0.9732044339179993,0.9986703395843506,0.9639257192611694,0.9909695386886597,0.9368818402290344,0.9821047782897949,0.8850623369216919,0.3448527157306671,0.9907051920890808,0.9304112792015076,0.9912391901016235,0.9462963342666626
82,0.9998924732208252,0.9900147318840027,0.9992774724960327,0.9807521104812622,0.998556911945343,0.9720016717910767,9.999999974752427e-07,0.33867695927619934,0.999284029006958,0.9805167317390442,0.9992709159851074,0.9812238216400146,0.9986575245857239,0.9665577411651611,0.9907221794128418,0.9423931837081909,0.9816209673881531,0.8930053114891052,0.3449694812297821,0.9902244806289673,0.9393928647041321,0.9912273287773132,0.9473678469657898
83,0.9998972415924072,0.9953876733779907,0.9993136525154114,0.9914619326591492,0.9986286759376526,0.9832412004470825,9.999999974752427e-07,0.33863967657089233,0.9993135333061218,0.9898676872253418,0.9993138909339905,0.993171215057373,0.998634934425354,0.9693654775619507,0.9906871914863586,0.9480438828468323,0.9815554618835449,0.9022467732429504,0.34418341517448425,0.9911269545555115,0.9436222910881042,0.9902520775794983,0.9529023766517639
84,0.9999067783355713,0.9942386150360107,0.9993767738342285,0.9891006350517273,0.9987548589706421,0.9793732166290283,9.999999974752427e-07,0.33862826228141785,0.9993534684181213,0.9877021908760071,0.9994004964828491,0.990614116191864,0.9986605644226074,0.9644564986228943,0.9909289479255676,0.9379839301109314,0.9820248484611511,0.8890200853347778,0.3442028760910034,0.9906962513923645,0.9348528385162354,0.9911696910858154,0.9492680430412292
85,0.9999182820320129,0.9947594404220581,0.9994637370109558,0.9900556802749634,0.998928427696228,0.980679452419281,9.999999974752427e-07,0.33854973316192627,0.9994500875473022,0.9900543689727783,0.999477744102478,0.9904050230979919,0.9986361861228943,0.9617459177970886,0.9905139803886414,0.9329780340194702,0.9812137484550476,0.8792197704315186,0.344818651676178,0.9908304810523987,0.9228746294975281,0.9902024269104004,0.9458637833595276
86,0.9999026656150818,0.9844178557395935,0.9993346333503723,0.9695009589195251,0.9986715912818909,0.9596996903419495,9.999999974752427e-07,0.3386205732822418,0.9993373155593872,0.9661382436752319,0.9993324279785156,0.9732705950737,0.9986331462860107,0.9688181281089783,0.9907162189483643,0.9469203352928162,0.9816110134124756,0.9010294079780579,0.34430956840515137,0.9906591773033142,0.9460192918777466,0.9907777309417725,0.9487370848655701
87,0.9999079704284668,0.9928060173988342,0.9993714094161987,0.9862403869628906,0.9987444281578064,0.9763493537902832,9.999999974752427e-07,0.3385779559612274,0.9993724822998047,0.9892764091491699,0.9993703365325928,0.9867254495620728,0.9986321926116943,0.9486382007598877,0.990720272064209,0.9065560102462769,0.9816194772720337,0.8599820137023926,0.3440876007080078,0.9905138611793518,0.9041820764541626,0.9909327626228333,0.9096758961677551
88,0.9999071359634399,0.994826078414917,0.9993991255760193,0.9902533888816833,0.9987984299659729,0.9809118509292603,9.999999974752427e-07,0.3385794162750244,0.999431848526001,0.9873719811439514,0.9993658661842346,0.9933593273162842,0.998647153377533,0.9487558007240295,0.9908173084259033,0.9066939353942871,0.9818098545074463,0.8601815700531006,0.3442631661891937,0.9905644059181213,0.9046382308006287,0.9910749793052673,0.9100313782691956
89,0.9999053478240967,0.9898239970207214,0.9993689060211182,0.9802789092063904,0.9987390637397766,0.971293032169342,9.999999974752427e-07,0.33857253193855286,0.9993768334388733,0.9786635637283325,0.9993607997894287,0.9820736050605774,0.9986288547515869,0.9695529937744141,0.990553081035614,0.9485529065132141,0.9812874794006348,0.9027159214019775,0.3449806869029999,0.9907587170600891,0.9487748742103577,0.9903522729873657,0.9492316246032715
0,0.8990452289581299,0.37269410490989685,0.7449877858161926,0.0004004545044153929,0.6307185888290405,0.00020188899361528456,4.199999966658652e-05,1.035954236984253,0.7106159925460815,0.0003662661765702069,0.8825809359550476,0.0009010190260596573,0.2621505856513977,0.08221613615751266,0.16443176567554474,4.720961044313299e-07,0.08993377536535263,4.720961044313299e-07,3.404172658920288,0.08993377536535263,0.0,1.0,0.0
1,0.985381007194519,0.5227683782577515,0.9043593406677246,0.14117756485939026,0.8261735439300537,0.09163707494735718,4.199999966658652e-05,0.5251260995864868,0.8961783647537231,0.38896599411964417,0.9163535833358765,0.10004325211048126,0.9304583668708801,0.16498196125030518,0.32996368408203125,2.5407655357412295e-07,0.19945010542869568,2.5407655357412295e-07,0.9291059374809265,0.6083059310913086,0.0,0.23341675102710724,0.0
2,0.9890920519828796,0.677955687046051,0.9278562068939209,0.42805492877960205,0.865959882736206,0.31115594506263733,4.199999966658652e-05,0.46906402707099915,0.924752950668335,0.6432531476020813,0.9340773224830627,0.3571730852127075,0.9319286942481995,0.1772841215133667,0.3545681834220886,5.3645081266040506e-08,0.21788257360458374,5.3645081266040506e-08,0.7925918698310852,0.6428431868553162,0.0,0.25143784284591675,0.0
3,0.9914992451667786,0.7603051662445068,0.9443848133087158,0.5762253999710083,0.8948612809181213,0.44792070984840393,4.199999966658652e-05,0.4388202726840973,0.9429302215576172,0.7374300360679626,0.9473448991775513,0.5217775702476501,0.9493371844291687,0.2905299663543701,0.5810598134994507,8.609650592461549e-08,0.41465872526168823,8.609650592461549e-08,0.6777656674385071,0.7486531138420105,0.0,0.4810199439525604,0.0
4,0.9924651980400085,0.7846985459327698,0.950054407119751,0.619342565536499,0.9051534533500671,0.4942140281200409,4.199999966658652e-05,0.42334797978401184,0.947005033493042,0.7312725186347961,0.9547760486602783,0.5777907371520996,0.9690765142440796,0.4082755148410797,0.7723038196563721,0.044247161597013474,0.6311497688293457,0.02683733031153679,0.54505455493927,0.8661593794822693,0.1597202569246292,0.7021555304527283,0.02686478942632675
5,0.993553638458252,0.8211839199066162,0.9571434259414673,0.6852238178253174,0.9179715514183044,0.5554720163345337,4.199999966658652e-05,0.41115593910217285,0.956063985824585,0.7714508175849915,0.9593390822410583,0.6536267995834351,0.986948549747467,0.6226392984390259,0.9145112037658691,0.33076736330986023,0.842856228351593,0.23711660504341125,0.4513488709926605,0.895323634147644,0.8111920952796936,0.9355539083480835,0.248842254281044
6,0.9942997097969055,0.8389214277267456,0.9619414806365967,0.7159011363983154,0.9268373847007751,0.5959450006484985,4.199999966658652e-05,0.40186065435409546,0.9595069289207458,0.7735521793365479,0.9652699828147888,0.6866409182548523,0.9940316677093506,0.8606957197189331,0.9593489766120911,0.7620424628257751,0.9219551682472229,0.6292689442634583,0.40653160214424133,0.9558615684509277,0.8917624950408936,0.9629908800125122,0.6897275447845459
7,0.9947837591171265,0.8476421236991882,0.9654192328453064,0.7298641204833984,0.9332984089851379,0.6110659241676331,4.199999966658652e-05,0.3945760428905487,0.9645127058029175,0.7859815955162048,0.9671075940132141,0.7015411853790283,0.9948537945747375,0.8653220534324646,0.964712381362915,0.7659319043159485,0.9319076538085938,0.6306787133216858,0.3940483033657074,0.9822384119033813,0.9036062359809875,0.9478930830955505,0.6838330030441284
8,0.9955121874809265,0.874237060546875,0.9697526693344116,0.7787208557128906,0.9414045214653015,0.6601572632789612,4.199999966658652e-05,0.3877398669719696,0.9685072302818298,0.8264815807342529,0.9715203642845154,0.7553657293319702,0.995894193649292,0.8955103158950806,0.9717903733253479,0.8192305564880371,0.9451856017112732,0.7001191973686218,0.38427433371543884,0.978583812713623,0.8745459914207458,0.9651271104812622,0.7793443202972412
9,0.9956441521644592,0.8603407144546509,0.9710561633110046,0.749625027179718,0.9438289403915405,0.6363083124160767,4.199999966658652e-05,0.38419100642204285,0.9703071117401123,0.7954038977622986,0.9721992611885071,0.72886061668396,0.9961025714874268,0.8857771158218384,0.974032461643219,0.7975218296051025,0.9494118690490723,0.6796115636825562,0.3792087435722351,0.9805324673652649,0.9027668833732605,0.9676856994628906,0.7431081533432007
10,0.996143102645874,0.8875024318695068,0.9745736122131348,0.8004319667816162,0.9504644870758057,0.6910972595214844,4.199999966658652e-05,0.37932586669921875,0.9739232063293457,0.8373974561691284,0.9754631519317627,0.7789966464042664,0.9965841770172119,0.8954976797103882,0.9764546155929565,0.8145405650138855,0.954033374786377,0.7113820910453796,0.3766254782676697,0.9815545082092285,0.8564276695251465,0.9714611172676086,0.7833126783370972
11,0.996288001537323,0.8902323842048645,0.9752842783927917,0.8051801919937134,0.9518541097640991,0.699296236038208,4.199999966658652e-05,0.37639158964157104,0.9751371145248413,0.8479649424552917,0.9758238792419434,0.7923235893249512,0.9961523413658142,0.8841567039489746,0.9741182923316956,0.7941951155662537,0.9495790600776672,0.670244574546814,0.37610486149787903,0.9716566205024719,0.8912202715873718,0.9766367077827454,0.7366220951080322
12,0.9964562058448792,0.8908194899559021,0.9764940142631531,0.8051452040672302,0.9541237354278564,0.6967542767524719,4.199999966658652e-05,0.37372878193855286,0.9762477874755859,0.8295233845710754,0.9769929647445679,0.7959616780281067,0.9964230060577393,0.9045461416244507,0.9753949046134949,0.8336971998214722,0.9520096778869629,0.7179695963859558,0.372590035200119,0.9850668907165527,0.9087753891944885,0.965990424156189,0.7747382521629333
13,0.9968481659889221,0.900371789932251,0.978895902633667,0.8218473196029663,0.9587111473083496,0.7206685543060303,4.199999966658652e-05,0.37025782465934753,0.9782189726829529,0.8436358571052551,0.9797353148460388,0.8099877238273621,0.9969079494476318,0.9023717641830444,0.9791401028633118,0.825603187084198,0.959151029586792,0.7275248169898987,0.3684762120246887,0.9855039715766907,0.8524131178855896,0.9728831648826599,0.8039476871490479
14,0.996992826461792,0.8973667025566101,0.9799867868423462,0.8147460222244263,0.9607909917831421,0.718971848487854,4.199999966658652e-05,0.36800456047058105,0.9797883629798889,0.8303363919258118,0.9803297519683838,0.8107194304466248,0.997001051902771,0.8682477474212646,0.9795435070991516,0.7569521069526672,0.9599308967590332,0.6650909185409546,0.3672398328781128,0.9859829545021057,0.7262479662895203,0.9732333421707153,0.7927297949790955
15,0.9972479343414307,0.9007101655006409,0.9819036722183228,0.8195168972015381,0.9644737839698792,0.724667489528656,4.199999966658652e-05,0.36532270908355713,0.9816520810127258,0.8590923547744751,0.982266366481781,0.8108767867088318,0.9960495233535767,0.9115801453590393,0.9721715450286865,0.8509886264801025,0.9458954334259033,0.7453035712242126,0.36943405866622925,0.993821918964386,0.8407760858535767,0.9514884948730469,0.8709808588027954
16,0.9972613453865051,0.9122429490089417,0.9819725751876831,0.8425137996673584,0.9646072387695312,0.7515519857406616,4.199999966658652e-05,0.36407023668289185,0.9823633432388306,0.8675415515899658,0.9817208051681519,0.8302996158599854,0.9973461627960205,0.9165436625480652,0.9824527502059937,0.8506348133087158,0.9655229449272156,0.7657899260520935,0.36242496967315674,0.9833202958106995,0.8756628632545471,0.9816043972969055,0.8298636674880981
17,0.9973422288894653,0.9259629845619202,0.9821518063545227,0.8697736859321594,0.9649674892425537,0.7817913293838501,4.199999966658652e-05,0.3626391589641571,0.9819006323814392,0.8849620223045349,0.9825475215911865,0.8615654110908508,0.9973583817481995,0.9239412546157837,0.9822667837142944,0.8656158447265625,0.9651628732681274,0.7741960287094116,0.3616239130496979,0.9867878556251526,0.9311434030532837,0.9778030514717102,0.8242603540420532
18,0.9970253705978394,0.9208804965019226,0.9801890850067139,0.861572265625,0.9612754583358765,0.7687335014343262,4.199999966658652e-05,0.36355674266815186,0.9810240864753723,0.8829108476638794,0.9796030521392822,0.8510897755622864,0.9962533712387085,0.9069615006446838,0.974964439868927,0.8389585018157959,0.9511827826499939,0.726613461971283,0.366204172372818,0.9656791090965271,0.9116899371147156,0.9845121502876282,0.7855660915374756
19,0.9974356889724731,0.9093641042709351,0.9828746318817139,0.8358532786369324,0.9663524627685547,0.7463063597679138,4.199999966658652e-05,0.360391229391098,0.982786238193512,0.8551051616668701,0.9830493330955505,0.830623984336853,0.997538149356842,0.9054566025733948,0.9836300611495972,0.8272830247879028,0.9677979946136475,0.7446401119232178,0.3590879738330841,0.9849591851234436,0.8831062316894531,0.9823145866394043,0.8035023212432861
20,0.9976463317871094,0.9207666516304016,0.9844197630882263,0.8571134805679321,0.9693360328674316,0.7709580063819885,4.199999966658652e-05,0.35854241251945496,0.9845123291015625,0.8773150444030762,0.9844235777854919,0.8512529134750366,0.9975882172584534,0.9395097494125366,0.9838792681694031,0.895140528678894,0.9682830572128296,0.8125670552253723,0.35802868008613586,0.9835995435714722,0.9081464409828186,0.9841752052307129,0.8856871724128723
21,0.9978280067443848,0.9305698275566101,0.9855697751045227,0.8755695819854736,0.9715673923492432,0.796769380569458,4.199999966658652e-05,0.35702377557754517,0.9856746792793274,0.8777955770492554,0.9855239391326904,0.8795934915542603,0.9976675510406494,0.9315709471702576,0.9839156866073608,0.8792263269424438,0.9683578610420227,0.7922090888023376,0.35761797428131104,0.9855313897132874,0.8880462050437927,0.982328474521637,0.873084306716919
22,0.9977982044219971,0.9291066527366638,0.9853966236114502,0.8728170990943909,0.971234917640686,0.7951965928077698,4.199999966658652e-05,0.35646340250968933,0.9856931567192078,0.8904767036437988,0.9851944446563721,0.8639264106750488,0.997088611125946,0.924335777759552,0.9798718094825745,0.8688002228736877,0.9605724215507507,0.7758952379226685,0.35957008600234985,0.9844911694526672,0.9563085436820984,0.9753433465957642,0.806547224521637
23,0.9975887537002563,0.9239422678947449,0.9838098883628845,0.8640745282173157,0.9681774973869324,0.7761555314064026,4.199999966658652e-05,0.3567938506603241,0.983710765838623,0.8759885430335999,0.9840434789657593,0.8671565055847168,0.9976312518119812,0.91376131772995,0.9841656684875488,0.8433567881584167,0.9688437581062317,0.7552365064620972,0.3557167053222656,0.9833310842514038,0.8532813787460327,0.985023021697998,0.8393011689186096
24,0.997944176197052,0.931516706943512,0.9863717555999756,0.8766618371009827,0.9731263518333435,0.7951643466949463,4.199999966658652e-05,0.3545311391353607,0.98653244972229,0.8977087140083313,0.9862807393074036,0.8705942034721375,0.9974969625473022,0.9399160742759705,0.9831145405769348,0.8967176675796509,0.9668101668357849,0.8149692416191101,0.3551059067249298,0.9911354184150696,0.9016889929771423,0.975236713886261,0.895857572555542
25,0.998220682144165,0.9401946067810059,0.988233208656311,0.8921554088592529,0.9767486453056335,0.8224884271621704,4.199999966658652e-05,0.3527292013168335,0.9880943894386292,0.8930819630622864,0.9883937835693359,0.8959594964981079,0.9975509643554688,0.9437673687934875,0.9833652377128601,0.9041696190834045,0.9672971367835999,0.8276939988136292,0.3547220230102539,0.9929205179214478,0.9243221879005432,0.9740172028541565,0.8867794871330261
26,0.9982850551605225,0.9461129903793335,0.9886952042579651,0.9035298824310303,0.977651834487915,0.8334556818008423,4.199999966658652e-05,0.3519119620323181,0.9887927770614624,0.909640371799469,0.9886292219161987,0.9047252535820007,0.9978073239326477,0.940651535987854,0.9854030609130859,0.8959001302719116,0.9712365865707397,0.8145025372505188,0.3526742458343506,0.9869421124458313,0.9549262523651123,0.9838833808898926,0.8461873531341553
27,0.9982538819313049,0.9460068345069885,0.9884933233261108,0.903520405292511,0.9772590398788452,0.8301490545272827,4.199999966658652e-05,0.3516010642051697,0.9885861277580261,0.9091513752937317,0.9884359240531921,0.9036960005760193,0.9976180791854858,0.9433870911598206,0.9834858775138855,0.9032886624336243,0.9675396084785461,0.8256991505622864,0.35495421290397644,0.9858009219169617,0.9086849093437195,0.9812217950820923,0.8993398547172546
28,0.9981687068939209,0.9483051300048828,0.9877371191978455,0.9088733792304993,0.9757878184318542,0.8376915454864502,4.199999966658652e-05,0.3516521751880646,0.9881395697593689,0.9205445647239685,0.9873716831207275,0.9044640064239502,0.997542142868042,0.9039518237113953,0.9836351275444031,0.8242685794830322,0.9678075909614563,0.7479453086853027,0.353891521692276,0.9765600562095642,0.845720648765564,0.9908308982849121,0.8052259087562561
29,0.9982450604438782,0.941723108291626,0.9882422089576721,0.8952042460441589,0.9767690300941467,0.8282803893089294,4.199999966658652e-05,0.3508562743663788,0.9882974028587341,0.902947187423706,0.988234281539917,0.8922045230865479,0.9979180693626404,0.9302304983139038,0.9858447313308716,0.874616265296936,0.9720943570137024,0.8056913614273071,0.35243692994117737,0.9877350330352783,0.8873855471611023,0.9839727282524109,0.8649646639823914
30,0.9980692267417908,0.9479054808616638,0.9871403574943542,0.9086706042289734,0.9746284484863281,0.8368991017341614,4.199999966658652e-05,0.35119006037712097,0.9874417185783386,0.9089905023574829,0.9869371652603149,0.9136202335357666,0.9978872537612915,0.9343660473823547,0.9858379364013672,0.8828942775726318,0.9720842838287354,0.819047749042511,0.35093748569488525,0.987754762172699,0.9093475341796875,0.9839391112327576,0.8591932058334351
31,0.9986626505851746,0.9453392624855042,0.9910261631011963,0.8996527194976807,0.9822207093238831,0.8416934013366699,2.099999983329326e-05,0.34860366582870483,0.9909842014312744,0.9041240215301514,0.9910845160484314,0.8977287411689758,0.99823397397995,0.9523270130157471,0.987979531288147,0.9166745543479919,0.9762518405914307,0.8488816618919373,0.349787175655365,0.9915218353271484,0.929951548576355,0.9844695925712585,0.9058603048324585
32,0.9989251494407654,0.9651657938957214,0.992831289768219,0.9375003576278687,0.9857684373855591,0.8859198093414307,2.099999983329326e-05,0.3472566306591034,0.9927528500556946,0.937315046787262,0.9929206371307373,0.9403495192527771,0.9982699751853943,0.9553152322769165,0.9885289072990417,0.922101616859436,0.9773256778717041,0.8570634722709656,0.3488350212574005,0.9905887842178345,0.9489779472351074,0.986484169960022,0.8987709283828735
33,0.9989937543869019,0.9642548561096191,0.9932787418365479,0.9352306127548218,0.9866532683372498,0.8877076506614685,2.099999983329326e-05,0.34690627455711365,0.9932308197021484,0.9346282482147217,0.9933340549468994,0.9368633031845093,0.9983721971511841,0.939942479133606,0.9887716174125671,0.8911133408546448,0.9778027534484863,0.8328375220298767,0.34966492652893066,0.9886364936828613,0.9051846265792847,0.9889158010482788,0.8781479001045227
34,0.9990450143814087,0.9634473323822021,0.9936637878417969,0.9332308173179626,0.9874103665351868,0.8855344653129578,2.099999983329326e-05,0.3464277684688568,0.9936442375183105,0.9335103034973145,0.993690550327301,0.9346027970314026,0.998368501663208,0.9370117783546448,0.9890556931495667,0.8849680423736572,0.9783570170402527,0.8227437734603882,0.3488492965698242,0.9877978563308716,0.9080132842063904,0.9903227090835571,0.8639346957206726
35,0.9990310072898865,0.9616801738739014,0.993546724319458,0.9298141002655029,0.9871809482574463,0.8793432116508484,2.099999983329326e-05,0.34628117084503174,0.9935011267662048,0.9318711757659912,0.9936035871505737,0.931404173374176,0.9983224272727966,0.922587513923645,0.9885925054550171,0.8565824031829834,0.9774549603462219,0.7862356305122375,0.3491879999637604,0.9866859316825867,0.8717809915542603,0.9905226826667786,0.8532536029815674
36,0.9990447759628296,0.9702039361000061,0.9935933947563171,0.9468146562576294,0.987273097038269,0.9009683132171631,2.099999983329326e-05,0.3460792601108551,0.993461012840271,0.9460727572441101,0.9937341213226318,0.9484971761703491,0.9983935356140137,0.9564333558082581,0.9890299439430237,0.9238369464874268,0.9783046245574951,0.8614559173583984,0.3490527272224426,0.989564836025238,0.9137582182884216,0.9885028600692749,0.9393798112869263
37,0.9990836977958679,0.9637347459793091,0.9938201904296875,0.9336495399475098,0.9877216815948486,0.885551393032074,2.099999983329326e-05,0.34570303559303284,0.9938430190086365,0.9411686062812805,0.9938033819198608,0.9364932179450989,0.9983007907867432,0.9476681351661682,0.9887588024139404,0.9065777659416199,0.9777743816375732,0.8350527286529541,0.348194420337677,0.9903998374938965,0.8958919048309326,0.9871320128440857,0.9260367751121521
38,0.9990746974945068,0.9658061265945435,0.9937039017677307,0.9379079341888428,0.9874937534332275,0.8931366205215454,2.099999983329326e-05,0.34558260440826416,0.9937095642089844,0.934435248374939,0.9937087893486023,0.9434384107589722,0.9983776807785034,0.9525554180145264,0.9891858696937561,0.915925145149231,0.9786106944084167,0.8508349657058716,0.34827813506126404,0.9872433543205261,0.930209755897522,0.9911439418792725,0.9082309603691101
39,0.9990691542625427,0.9616904258728027,0.9938247799873352,0.9295560717582703,0.9877305030822754,0.8816723823547363,2.099999983329326e-05,0.3453662395477295,0.9938040971755981,0.9361287951469421,0.9938504695892334,0.927768349647522,0.9982898235321045,0.9577337503433228,0.9883676767349243,0.9271000623703003,0.977011501789093,0.8661733269691467,0.3485605716705322,0.9898024201393127,0.9382339715957642,0.9869452118873596,0.9195137023925781
40,0.9990373253822327,0.964022159576416,0.9936398267745972,0.9344050884246826,0.9873641729354858,0.8871976733207703,2.099999983329326e-05,0.3453923761844635,0.9936199188232422,0.9341638088226318,0.993670642375946,0.9370582103729248,0.9982333183288574,0.9462419152259827,0.9880251884460449,0.9044584631919861,0.9763445854187012,0.8340285420417786,0.3489036560058594,0.9893772006034851,0.9128478765487671,0.9866882562637329,0.8982975482940674
41,0.9990664720535278,0.9634913802146912,0.9937722086906433,0.9332114458084106,0.9876249432563782,0.8871310949325562,2.099999983329326e-05,0.3450959324836731,0.9936795234680176,0.9364959597587585,0.993874192237854,0.933043360710144,0.9982498288154602,0.9524677991867065,0.9880588054656982,0.9168766736984253,0.9764091968536377,0.8535944223403931,0.34887561202049255,0.9918369054794312,0.927732527256012,0.9843170642852783,0.9116213321685791
42,0.9990875720977783,0.9696104526519775,0.9938896298408508,0.9453312754631042,0.9878592491149902,0.9002620577812195,2.099999983329326e-05,0.3448314666748047,0.9938995242118835,0.941660463809967,0.9938877820968628,0.9535099864006042,0.9981716871261597,0.9517166018486023,0.987651526927948,0.9157817959785461,0.9756104350090027,0.8499590158462524,0.3487836420536041,0.9922242760658264,0.9020543694496155,0.9831264019012451,0.9328705668449402
43,0.9990150332450867,0.9689311385154724,0.9933761358261108,0.9444857239723206,0.9868460297584534,0.8972134590148926,2.099999983329326e-05,0.345001757144928,0.9933515787124634,0.9458826184272766,0.9934203624725342,0.9449710249900818,0.9982544183731079,0.937041163444519,0.9881054759025574,0.8859767317771912,0.9764982461929321,0.8245000243186951,0.34847649931907654,0.9876142144203186,0.874213695526123,0.9886052012443542,0.8988698720932007
44,0.9990990161895752,0.9711009860038757,0.9939820170402527,0.9482198357582092,0.9880412220954895,0.9056645035743713,2.099999983329326e-05,0.3445236086845398,0.9940235614776611,0.9496532678604126,0.9939480423927307,0.9522374868392944,0.9982458353042603,0.9507633447647095,0.9882741570472717,0.9132522344589233,0.9768307209014893,0.8435003161430359,0.3481181859970093,0.9851850271224976,0.9415286183357239,0.9913899898529053,0.8881044983863831
45,0.9993144273757935,0.969291627407074,0.9954259991645813,0.943156898021698,0.9908967018127441,0.9039079546928406,1.049999991664663e-05,0.34363895654678345,0.9954304695129395,0.9450887441635132,0.9954250454902649,0.9443717002868652,0.9984994530677795,0.9441334009170532,0.9897487163543701,0.8985181450843811,0.9797148108482361,0.8455228209495544,0.3473329544067383,0.9902103543281555,0.9121965765953064,0.9892919063568115,0.8861148357391357
46,0.9994264841079712,0.975790798664093,0.9961448907852173,0.9554367065429688,0.9923226833343506,0.9240358471870422,1.049999991664663e-05,0.34317123889923096,0.9962043166160583,0.9547151923179626,0.9960885047912598,0.9570873975753784,0.9985461235046387,0.9609944820404053,0.9900819659233093,0.9319071173667908,0.9803650379180908,0.8749725818634033,0.3469579815864563,0.9906787872314453,0.9376267790794373,0.9894900321960449,0.9274826645851135
47,0.9994741082191467,0.9805659651756287,0.996476411819458,0.9646553993225098,0.9929792284965515,0.9339502453804016,1.049999991664663e-05,0.3429042398929596,0.9965003728866577,0.9638503193855286,0.9964550137519836,0.9675599932670593,0.9984899759292603,0.9444863200187683,0.9898537397384644,0.8991186022758484,0.9799160957336426,0.8468447923660278,0.3469010889530182,0.9879512786865234,0.9154983758926392,0.9917709231376648,0.8841034173965454
48,0.9994766116142273,0.9812378883361816,0.9964771270751953,0.9659990072250366,0.9929818511009216,0.9353575110435486,1.049999991664663e-05,0.34282034635543823,0.9964632987976074,0.9630085229873657,0.9964935779571533,0.9697225093841553,0.9985010027885437,0.9252689480781555,0.9898033142089844,0.8607344031333923,0.9798233509063721,0.8095251321792603,0.34709709882736206,0.989840567111969,0.8580080270767212,0.9897722005844116,0.8649723529815674
49,0.9994950890541077,0.9817752242088318,0.9965907335281372,0.9669593572616577,0.9932063221931458,0.9375329613685608,1.049999991664663e-05,0.34270626306533813,0.9965893626213074,0.9638551473617554,0.9965934157371521,0.9709497690200806,0.9985373020172119,0.9429607391357422,0.9902610182762146,0.8956605792045593,0.9807164669036865,0.8418628573417664,0.34616127610206604,0.9909003376960754,0.8988581299781799,0.9896290302276611,0.895051896572113
50,0.9994964599609375,0.9750903248786926,0.9966604709625244,0.9535198211669922,0.9933454990386963,0.9219613671302795,1.049999991664663e-05,0.34260353446006775,0.9966915845870972,0.9463008642196655,0.996631920337677,0.9635883569717407,0.998500645160675,0.9253494739532471,0.9899225831031799,0.8607763051986694,0.9800575375556946,0.8104221224784851,0.34605979919433594,0.9902363419532776,0.8620836138725281,0.9896191954612732,0.8602848052978516
51,0.9994944930076599,0.967243492603302,0.9966501593589783,0.937837541103363,0.9933242201805115,0.9087003469467163,1.049999991664663e-05,0.34247860312461853,0.9966309070587158,0.9360071420669556,0.9966723918914795,0.9403746128082275,0.9984817504882812,0.9568856954574585,0.9895979166030884,0.9241732954978943,0.9794164896011353,0.8622962236404419,0.3472585678100586,0.991040825843811,0.8999334573745728,0.9881659746170044,0.9524748921394348
52,0.999575674533844,0.9798572063446045,0.9971425533294678,0.9625720381736755,0.9943034648895264,0.9374174475669861,5.249999958323315e-06,0.34219416975975037,0.9971161484718323,0.9555303454399109,0.997170627117157,0.9706217050552368,0.998545229434967,0.9673352241516113,0.9902125000953674,0.9444580078125,0.9806216359138489,0.8958461284637451,0.3465369939804077,0.9904550909996033,0.9461817145347595,0.9899793863296509,0.9435434937477112
53,0.9996201992034912,0.9797428846359253,0.9974628686904907,0.9620230197906494,0.9949408769607544,0.9375485777854919,5.249999958323315e-06,0.34200790524482727,0.9975448846817017,0.956394374370575,0.9973828792572021,0.9699186682701111,0.9985387921333313,0.9641451239585876,0.9899986982345581,0.9382917284965515,0.9802021980285645,0.8846154808998108,0.34665924310684204,0.989780604839325,0.9455946087837219,0.9902215600013733,0.9326261281967163
54,0.9996370673179626,0.9847121238708496,0.9975877404212952,0.971836268901825,0.9951887726783752,0.9465383291244507,5.249999958323315e-06,0.34192463755607605,0.9976203441619873,0.9695493578910828,0.9975564479827881,0.9755805730819702,0.9985583424568176,0.9632322788238525,0.9903711676597595,0.9360932111740112,0.980933427810669,0.8811693787574768,0.3455745577812195,0.99076247215271,0.9409659504890442,0.9899853467941284,0.9327262043952942
55,0.9996438026428223,0.9740248322486877,0.9975936412811279,0.950455904006958,0.9952002167701721,0.9246199727058411,5.249999958323315e-06,0.34184256196022034,0.9976121783256531,0.9494339227676392,0.9975762367248535,0.9536502361297607,0.9985781908035278,0.9637821316719055,0.9900428652763367,0.9375212788581848,0.9802911877632141,0.8845143914222717,0.3470161557197571,0.9898542761802673,0.929878294467926,0.9902375936508179,0.9473146200180054
56,0.9996331930160522,0.9845913052558899,0.9975321292877197,0.9716496467590332,0.9950779676437378,0.9460012912750244,5.249999958323315e-06,0.3418383300304413,0.9974961876869202,0.9669719934463501,0.9975692629814148,0.9777880311012268,0.9985290765762329,0.957457959651947,0.9901965260505676,0.9247191548347473,0.9805898070335388,0.8665563464164734,0.34569212794303894,0.9906436800956726,0.9181937575340271,0.9897541999816895,0.940517783164978
57,0.9996604919433594,0.9851996898651123,0.9976967573165894,0.9727027416229248,0.9954057335853577,0.9488052129745483,5.249999958323315e-06,0.3417096436023712,0.9976280331611633,0.9734592437744141,0.9977657198905945,0.9739733934402466,0.9985272288322449,0.9606574177742004,0.9901561737060547,0.9311589002609253,0.980512261390686,0.8751881122589111,0.3457571268081665,0.990222692489624,0.9334834814071655,0.9900975227355957,0.9315831065177917
58,0.9997004866600037,0.987957239151001,0.9979717135429382,0.9779422879219055,0.9959529042243958,0.9573383331298828,2.6249999791616574e-06,0.3415128290653229,0.998006284236908,0.972861111164093,0.997937798500061,0.9834257364273071,0.9986090064048767,0.9330525994300842,0.9902953505516052,0.8758097887039185,0.9807875752449036,0.8209618330001831,0.3470735251903534,0.9912012219429016,0.8737125992774963,0.9893943667411804,0.8872846961021423
59,0.9997146129608154,0.9865424633026123,0.998085618019104,0.9749988317489624,0.9961794018745422,0.9518283009529114,2.6249999791616574e-06,0.3414534330368042,0.9981613159179688,0.9700401425361633,0.9980099201202393,0.9803099632263184,0.998583972454071,0.948910653591156,0.9901803731918335,0.9076409935951233,0.9805595278739929,0.8613903522491455,0.3465653657913208,0.9908967018127441,0.9107902646064758,0.9894702434539795,0.9051931500434875
60,0.9997258186340332,0.9852862358093262,0.9982002377510071,0.9723717570304871,0.996408224105835,0.9509593844413757,2.6249999791616574e-06,0.3413957953453064,0.998210072517395,0.9764489531517029,0.9981914758682251,0.9738001227378845,0.9985589385032654,0.9650077223777771,0.9902377128601074,0.9397778511047363,0.9806692004203796,0.8874949812889099,0.3463992774486542,0.9905494451522827,0.9445789456367493,0.9899311661720276,0.9358081221580505
61,0.9997078776359558,0.9778178930282593,0.9980147480964661,0.9576209783554077,0.9960397481918335,0.9367587566375732,2.6249999791616574e-06,0.3414808213710785,0.9980772137641907,0.9533628225326538,0.9979533553123474,0.9622192978858948,0.9985519647598267,0.9432981014251709,0.9901509284973145,0.8964454531669617,0.9805009961128235,0.8454499840736389,0.3462914526462555,0.9908633232116699,0.9003570675849915,0.9894466996192932,0.8943395018577576
62,0.9997204542160034,0.981930136680603,0.9981136322021484,0.9657464027404785,0.9962357878684998,0.9446812272071838,2.6249999791616574e-06,0.3413616120815277,0.998076856136322,0.9659827351570129,0.9981510639190674,0.9674472808837891,0.9985626339912415,0.9657629132270813,0.9900464415550232,0.9414790868759155,0.9803009033203125,0.8905937671661377,0.3460475206375122,0.9909836053848267,0.9474745988845825,0.9891201853752136,0.9361847043037415
63,0.9997421503067017,0.9877155423164368,0.9982776641845703,0.9771521687507629,0.9965627789497375,0.9562483429908752,1.3124999895808287e-06,0.34124556183815,0.998309850692749,0.9743074178695679,0.9982466101646423,0.9806404113769531,0.9985678195953369,0.9456428289413452,0.9902782440185547,0.9010074734687805,0.9807509779930115,0.8513644933700562,0.34602904319763184,0.9909548759460449,0.9024675488471985,0.9896087646484375,0.9013620018959045
64,0.9997432827949524,0.9897559285163879,0.998237133026123,0.9812741875648499,0.9964823722839355,0.9636120796203613,1.3124999895808287e-06,0.34127238392829895,0.9982268810272217,0.9791837930679321,0.9982483386993408,0.9835931658744812,0.9985482692718506,0.9622836112976074,0.9902319312095642,0.9343352317810059,0.9806581139564514,0.8795705437660217,0.3462895154953003,0.9905074834823608,0.9290035367012024,0.9899618625640869,0.9447723627090454
65,0.9997479319572449,0.9888144731521606,0.9982993602752686,0.9793293476104736,0.9966058135032654,0.9601022601127625,1.3124999895808287e-06,0.34121692180633545,0.9983498454093933,0.9758605360984802,0.9982491135597229,0.9833513498306274,0.9985744953155518,0.9663244485855103,0.9902088642120361,0.9424400925636292,0.9806185960769653,0.892293393611908,0.34613487124443054,0.9901931285858154,0.942690372467041,0.9902286529541016,0.9432889819145203
66,0.9997455477714539,0.9889584183692932,0.9982757568359375,0.9796407222747803,0.9965590834617615,0.9605816006660461,1.3124999895808287e-06,0.3412279784679413,0.9982295036315918,0.976205587387085,0.998322606086731,0.9836589097976685,0.9985967874526978,0.95870041847229,0.9904073476791382,0.9269934296607971,0.9810019731521606,0.8683968186378479,0.346343070268631,0.9902231097221375,0.9407266974449158,0.9905962347984314,0.9183199405670166
67,0.9997495412826538,0.9897436499595642,0.9982861280441284,0.9812012314796448,0.9965803623199463,0.9635368585586548,1.3124999895808287e-06,0.34120309352874756,0.9982564449310303,0.97918701171875,0.9983161687850952,0.9836861491203308,0.9985577464103699,0.9466326832771301,0.9904525876045227,0.9028123617172241,0.9810903072357178,0.8536602854728699,0.34575122594833374,0.9916757345199585,0.901369571685791,0.9892379641532898,0.9052287340164185
68,0.9997550249099731,0.9876593947410583,0.9983662366867065,0.9769526720046997,0.9967387318611145,0.9568617939949036,9.999999974752427e-07,0.34115657210350037,0.998359739780426,0.9775153994560242,0.9983729720115662,0.9783785343170166,0.9985790848731995,0.9535682797431946,0.990103006362915,0.9170333743095398,0.9804074168205261,0.8662158846855164,0.3466640114784241,0.990749716758728,0.9112991094589233,0.9894660115242004,0.9303270578384399
69,0.9997625946998596,0.9855676889419556,0.9984221458435059,0.9727137684822083,0.9968504309654236,0.9505623579025269,9.999999974752427e-07,0.34112176299095154,0.9984301924705505,0.9708669781684875,0.9984146356582642,0.9783779382705688,0.9985632300376892,0.9675301909446716,0.9903953075408936,0.9446651339530945,0.9809800982475281,0.8963925242424011,0.34590935707092285,0.9903917908668518,0.9451912641525269,0.9904055595397949,0.9453625679016113
70,0.9997528791427612,0.9887114763259888,0.9983055591583252,0.9791172742843628,0.9966180920600891,0.9596115946769714,9.999999974752427e-07,0.3411608040332794,0.9983400106430054,0.9748103618621826,0.9982717037200928,0.9838478565216064,0.9985958933830261,0.9659519791603088,0.9902741312980652,0.9416297078132629,0.9807404279708862,0.8909381031990051,0.34672439098358154,0.9904131293296814,0.9387035369873047,0.9901416897773743,0.9465895295143127
71,0.9997466206550598,0.9846510887145996,0.9983076453208923,0.9709947109222412,0.996622622013092,0.9532926082611084,9.999999974752427e-07,0.3411807715892792,0.99837327003479,0.9687796235084534,0.9982424974441528,0.9737291932106018,0.9985550045967102,0.9484608173370361,0.9901837110519409,0.90673828125,0.9805648922920227,0.8599199056625366,0.34638121724128723,0.9904532432556152,0.9069637060165405,0.9899189472198486,0.9074552655220032
72,0.9997759461402893,0.9894300699234009,0.9984986782073975,0.9803610444068909,0.9970034956932068,0.9620712995529175,9.999999974752427e-07,0.3410189747810364,0.9985107183456421,0.976410448551178,0.998487114906311,0.9850941300392151,0.9985626339912415,0.9683669209480286,0.9904142618179321,0.9463193416595459,0.9810182452201843,0.8987225294113159,0.3455928564071655,0.9908354878425598,0.9470041394233704,0.9900012016296387,0.9462794661521912
73,0.999758243560791,0.9795177578926086,0.9983676075935364,0.9606677293777466,0.996742308139801,0.9427103996276855,9.999999974752427e-07,0.34110161662101746,0.9984201192855835,0.959149181842804,0.9983158111572266,0.9625639915466309,0.9985858201980591,0.9636922478675842,0.9903472065925598,0.9370372295379639,0.9808856844902039,0.8829779624938965,0.34638267755508423,0.9903649687767029,0.9448644518852234,0.990334153175354,0.9324714541435242
74,0.9997801184654236,0.9847714304924011,0.9985338449478149,0.9710093140602112,0.997072160243988,0.9534790515899658,9.999999974752427e-07,0.3409743010997772,0.9985283017158508,0.9688083529472351,0.9985389709472656,0.9735404253005981,0.9985724091529846,0.9655032157897949,0.9901853799819946,0.9408212304115295,0.9805662631988525,0.8894431591033936,0.3464698791503906,0.9905581474304199,0.938098132610321,0.9898200035095215,0.9443916082382202
75,0.9997779130935669,0.9908130168914795,0.9985084533691406,0.9831167459487915,0.9970226287841797,0.9670926928520203,9.999999974752427e-07,0.34098708629608154,0.9985201358795166,0.9792985320091248,0.9984970688819885,0.9871174097061157,0.9985751509666443,0.9677708148956299,0.9903780221939087,0.9451637864112854,0.9809456467628479,0.8972603678703308,0.3462088108062744,0.9904605150222778,0.9505361914634705,0.9903016686439514,0.9405667781829834
76,0.9997811317443848,0.9893341660499573,0.99854576587677,0.9801223874092102,0.9970972537994385,0.9627811908721924,9.999999974752427e-07,0.3409651219844818,0.9985505938529968,0.9816464781761169,0.9985414147377014,0.980581521987915,0.998575747013092,0.9657943248748779,0.9902030825614929,0.9413853287696838,0.9806035757064819,0.890637218952179,0.34623101353645325,0.9904251098632812,0.9411795139312744,0.9899869561195374,0.9421068429946899
77,0.9997836947441101,0.9838148355484009,0.9985398054122925,0.9690892696380615,0.9970855712890625,0.950239360332489,9.999999974752427e-07,0.3409302830696106,0.9985187649726868,0.9660811424255371,0.9985620975494385,0.9732635617256165,0.998573899269104,0.9664533138275146,0.9902074337005615,0.9426992535591125,0.9806106686592102,0.8925071954727173,0.3465611934661865,0.990254282951355,0.9501985311508179,0.9901663064956665,0.9359338283538818
78,0.9997625946998596,0.9875566959381104,0.9984220266342163,0.9766913056373596,0.9968504905700684,0.9566868543624878,9.999999974752427e-07,0.3409910500049591,0.99845290184021,0.9715496301651001,0.9983918070793152,0.9826400279998779,0.9985620379447937,0.96685791015625,0.990342915058136,0.9433729648590088,0.9808785915374756,0.8944132328033447,0.3454935550689697,0.9905703067779541,0.9436827301979065,0.9901229739189148,0.9438673257827759
79,0.9997801780700684,0.9752851724624634,0.9984847903251648,0.9520854949951172,0.9969779849052429,0.9352909922599792,9.999999974752427e-07,0.34090936183929443,0.998518168926239,0.9478182792663574,0.9984520077705383,0.9568125009536743,0.9986013770103455,0.9498944282531738,0.9905921816825867,0.9091968536376953,0.9813649654388428,0.8643297553062439,0.34571918845176697,0.9905713796615601,0.910689115524292,0.990618884563446,0.9084150195121765
80,0.9997815489768982,0.985008955001831,0.9985307455062866,0.9714864492416382,0.9970669746398926,0.954352855682373,9.999999974752427e-07,0.3408878445625305,0.998491644859314,0.9689882397651672,0.9985706806182861,0.9742434024810791,0.9985693097114563,0.9417752623558044,0.9903194904327393,0.8932310342788696,0.9808319211006165,0.8409123420715332,0.3461402952671051,0.9906880855560303,0.8844451904296875,0.9899559020996094,0.9097005724906921
81,0.999775767326355,0.9875490665435791,0.9984664916992188,0.9766320586204529,0.9969390034675598,0.9587522745132446,9.999999974752427e-07,0.34089791774749756,0.9984514117240906,0.9767774939537048,0.9984815716743469,0.9771199822425842,0.9985842704772949,0.9625405669212341,0.9902715086936951,0.9348096251487732,0.980739951133728,0.8796151876449585,0.3467729985713959,0.9909816980361938,0.9374725222587585,0.98956698179245,0.9335392117500305
0,0.9384095072746277,0.41968390345573425,0.8050359487533569,0.03433169052004814,0.6913616061210632,0.020437877625226974,4.199999966658652e-05,0.7855306267738342,0.7741031050682068,0.16165591776371002,0.8613335490226746,0.039263203740119934,0.2492721527814865,0.0810454934835434,0.16209082305431366,1.8106828747477266e-07,0.0885167047381401,1.8106828747477266e-07,2.7892847061157227,0.0885167047381401,0.0,1.0,0.0
1,0.9870807528495789,0.6550887227058411,0.9153103828430176,0.3948669731616974,0.8445827960968018,0.2806828022003174,4.199999966658652e-05,0.4791119694709778,0.9064632654190063,0.6308860182762146,0.9284379482269287,0.3224164843559265,0.9081265330314636,0.1964751034975052,0.3929501473903656,6.623906045888361e-08,0.24553970992565155,6.623906045888361e-08,1.0985403060913086,0.3888097405433655,0.0,0.4075065851211548,0.0
2,0.9906560778617859,0.7459200024604797,0.9379119873046875,0.5539281964302063,0.8836994767189026,0.4317714273929596,4.199999966658652e-05,0.4376075267791748,0.9310487508773804,0.6941485404968262,0.946994423866272,0.4935467541217804,0.9284905791282654,0.1977342665195465,0.39546844363212585,5.0475513546643924e-08,0.24941009283065796,5.0475513546643924e-08,0.8095855116844177,0.5289907455444336,0.0,0.3223344683647156,0.0
3,0.992367148399353,0.7935758233070374,0.9493816494941711,0.6377701163291931,0.9039254784584045,0.5040586590766907,4.199999966658652e-05,0.41661906242370605,0.9451138973236084,0.7481434345245361,0.9551448822021484,0.5999658703804016,0.944112241268158,0.3349859118461609,0.669971764087677,5.128383762098565e-08,0.5062571167945862,5.128383762098565e-08,0.7021522521972656,0.5957028865814209,0.0,0.7781943678855896,0.0
4,0.9935213327407837,0.8300739526748657,0.9568241238594055,0.7033239006996155,0.9175440073013306,0.5813801884651184,4.199999966658652e-05,0.40329602360725403,0.9531804919242859,0.7794151902198792,0.9613991379737854,0.6661596894264221,0.9727993607521057,0.42615193128585815,0.8113060593605042,0.04099777340888977,0.6851842403411865,0.024205030873417854,0.5237913131713867,0.8129057884216309,0.1597452014684677,0.8137950897216797,0.024224279448390007
5,0.9942659735679626,0.8530965447425842,0.9618192315101624,0.74437415599823,0.926598310470581,0.62254798412323,4.199999966658652e-05,0.3934946060180664,0.958497166633606,0.8100504875183105,0.9659817218780518,0.7130676507949829,0.9880328178405762,0.5177082419395447,0.9174715280532837,0.11794496327638626,0.8479514122009277,0.07188008725643158,0.42872005701065063,0.9581947922706604,0.6399986743927002,0.8804056644439697,0.07188001275062561
6,0.9951974749565125,0.8719279766082764,0.9685416221618652,0.7753143310546875,0.9390997290611267,0.6525235772132874,4.199999966658652e-05,0.384652704000473,0.9656446576118469,0.8359897136688232,0.9718236327171326,0.7457953095436096,0.9947351217269897,0.8044416904449463,0.964206874370575,0.6446765065193176,0.9310141205787659,0.49742043018341064,0.38792866468429565,0.9649032354354858,0.8838174939155579,0.9636180400848389,0.5271641612052917
7,0.995614767074585,0.8834740519523621,0.9709150791168213,0.7960324287414551,0.9435760378837585,0.6809481978416443,4.199999966658652e-05,0.3794081509113312,0.9688236713409424,0.8491189479827881,0.9734917283058167,0.771328330039978,0.995227038860321,0.8127201795578003,0.9682336449623108,0.6572069525718689,0.9385185241699219,0.5034915804862976,0.3804536759853363,0.9613271951675415,0.9560025930404663,0.9753637909889221,0.5171622037887573
8,0.9958959817886353,0.8783867359161377,0.9730380773544312,0.7837352156639099,0.9475682973861694,0.6723088026046753,4.199999966658652e-05,0.37544095516204834,0.9715959429740906,0.8339221477508545,0.9748420119285583,0.7648860812187195,0.9955776929855347,0.8460222482681274,0.971139669418335,0.720904529094696,0.9439510107040405,0.5964401960372925,0.37469059228897095,0.9615495800971985,0.8504295945167542,0.981070876121521,0.6446148157119751
9,0.9962154626846313,0.8897287249565125,0.9750790596008301,0.8043785095214844,0.9514325857162476,0.6964820027351379,4.199999966658652e-05,0.3717556297779083,0.972909688949585,0.8442560434341431,0.9775339365005493,0.7939105033874512,0.9958065748214722,0.8657989501953125,0.9708398580551147,0.7607580423355103,0.9433786869049072,0.6528946757316589,0.37271401286125183,0.9876578450202942,0.80561363697052,0.9546175599098206,0.7268949747085571
10,0.9967287182807922,0.8981378674507141,0.9784406423568726,0.8178347945213318,0.9578103423118591,0.7160153388977051,4.199999966658652e-05,0.3674376606941223,0.9769383072853088,0.8574564456939697,0.9800941348075867,0.7975130677223206,0.9958474636077881,0.9126805067062378,0.9721075296401978,0.8532536029815674,0.9457593560218811,0.7472180128097534,0.3691650629043579,0.9891008734703064,0.8432946801185608,0.9557844400405884,0.8706141114234924
11,0.9961866140365601,0.8921946883201599,0.9743759036064148,0.8100128769874573,0.9501255750656128,0.7024577260017395,4.199999966658652e-05,0.36818835139274597,0.9729881882667542,0.8427093029022217,0.9762237668037415,0.7960186004638672,0.994295060634613,0.8807528614997864,0.9610710740089417,0.8004346489906311,0.9251705408096313,0.6706156730651855,0.37467262148857117,0.9934834837913513,0.7123786211013794,0.9308277368545532,0.9206608533859253
12,0.9965799450874329,0.8976171612739563,0.9772047400474548,0.8180292248725891,0.9555084705352783,0.7163107395172119,4.199999966658652e-05,0.365509569644928,0.976703405380249,0.8413861989974976,0.97788405418396,0.8182158470153809,0.9962774515151978,0.9042954444885254,0.9746521711349487,0.8339388370513916,0.950583815574646,0.7398796081542969,0.36503085494041443,0.9903304576873779,0.8318660855293274,0.9594840407371521,0.8427766561508179
13,0.997174859046936,0.9197676777839661,0.981212317943573,0.8583232760429382,0.9631425738334656,0.7683528065681458,4.199999966658652e-05,0.36151283979415894,0.9801194667816162,0.8791805505752563,0.9824358224868774,0.8501112461090088,0.9972689747810364,0.9118776917457581,0.9812832474708557,0.8424720764160156,0.9632701873779297,0.753557562828064,0.36097708344459534,0.9881109595298767,0.8731904625892639,0.9745559096336365,0.8167968988418579
14,0.9973810315132141,0.9109038710594177,0.9826809167861938,0.8391265273094177,0.9659755825996399,0.7477235198020935,4.199999966658652e-05,0.359437495470047,0.9816341996192932,0.8672749400138855,0.983829140663147,0.8274441361427307,0.9970217943191528,0.9275370836257935,0.9794975519180298,0.8755767345428467,0.9598454236984253,0.7810785174369812,0.3604099750518799,0.9882099032402039,0.8786908984184265,0.9709660410881042,0.8750282526016235
15,0.9973533749580383,0.9175295233726501,0.9826041460037231,0.8524546027183533,0.965818464756012,0.7629282474517822,4.199999966658652e-05,0.358386754989624,0.9820520877838135,0.8726280331611633,0.9832572340965271,0.8436179161071777,0.997241199016571,0.9059292078018188,0.9810461401939392,0.8308122754096985,0.9628358483314514,0.7456664443016052,0.35799065232276917,0.9878478050231934,0.8791307210922241,0.9743554592132568,0.7923098206520081
16,0.9976874589920044,0.9248077869415283,0.9845880270004272,0.8650271892547607,0.9696647524833679,0.7804628610610962,4.199999966658652e-05,0.3561829626560211,0.9833981394767761,0.8778703212738037,0.9858524799346924,0.8609976768493652,0.997151792049408,0.9328997731208801,0.9808837175369263,0.8849160075187683,0.9624977111816406,0.7965652346611023,0.35765066742897034,0.991885244846344,0.8818380832672119,0.970141589641571,0.8958322405815125
17,0.9977866411209106,0.9258419871330261,0.9853843450546265,0.8663002252578735,0.9712090492248535,0.7841256856918335,4.199999966658652e-05,0.35505786538124084,0.9849319458007812,0.8857855200767517,0.9859106540679932,0.8610643744468689,0.9972244501113892,0.8993146419525146,0.9813382625579834,0.8172907829284668,0.9633855223655701,0.7381384372711182,0.35634779930114746,0.990842878818512,0.8618292808532715,0.9720296263694763,0.7804105281829834
18,0.9979541897773743,0.9388670921325684,0.9863929748535156,0.8913410305976868,0.9731685519218445,0.8084285855293274,4.199999966658652e-05,0.35368451476097107,0.985790491104126,0.9068573117256165,0.9870359301567078,0.8830602169036865,0.9972030520439148,0.9297029972076416,0.980399489402771,0.8790064454078674,0.9615848660469055,0.7863122820854187,0.35690566897392273,0.9904656410217285,0.8270109295845032,0.9705712795257568,0.9412000179290771
19,0.9978672862052917,0.9344293475151062,0.9856650829315186,0.8831936717033386,0.9717590808868408,0.8037757277488708,4.199999966658652e-05,0.35349127650260925,0.9851726293563843,0.9044066667556763,0.9862059950828552,0.8791031837463379,0.9975945949554443,0.9075884222984314,0.9839164614677429,0.8312604427337646,0.9683535695075989,0.7445060610771179,0.3539149761199951,0.988466203212738,0.8283708095550537,0.9794305562973022,0.8575581908226013
20,0.9978553056716919,0.9408054947853088,0.985755443572998,0.8958554863929749,0.9719281792640686,0.815819263458252,4.199999966658652e-05,0.3529492914676666,0.9852809309959412,0.9070954918861389,0.9862958788871765,0.8904985189437866,0.9975396990776062,0.9400364756584167,0.9836455583572388,0.8964274525642395,0.9678296446800232,0.8145487904548645,0.35318294167518616,0.9865396022796631,0.908345103263855,0.9807859659194946,0.8879871964454651
21,0.9978569149971008,0.9341515898704529,0.9856125116348267,0.8826912045478821,0.971652090549469,0.8078567981719971,4.199999966658652e-05,0.3524578809738159,0.9852026104927063,0.8930481672286987,0.9860894680023193,0.8793702125549316,0.9974880814552307,0.9106085300445557,0.9832916259765625,0.8379255533218384,0.9671505689620972,0.7596102952957153,0.35335567593574524,0.9835771918296814,0.8848893046379089,0.9830270409584045,0.8181514143943787
22,0.9980995655059814,0.939460039138794,0.9874987602233887,0.8914211392402649,0.9753159284591675,0.8208264708518982,4.199999966658652e-05,0.35100728273391724,0.987064003944397,0.898649275302887,0.9879684448242188,0.8886231184005737,0.9976953268051147,0.9278874397277832,0.9847005605697632,0.8710739016532898,0.9698743224143982,0.799162745475769,0.35194844007492065,0.9889488816261292,0.8621973991394043,0.9805014729499817,0.8827512264251709
23,0.9981659650802612,0.9338019490242004,0.9877328276634216,0.8798711895942688,0.9757764339447021,0.809352695941925,4.199999966658652e-05,0.3502586781978607,0.987216055393219,0.8948974013328552,0.9882804155349731,0.8782144784927368,0.9977786540985107,0.9386792182922363,0.9849823117256165,0.8923760056495667,0.9704298377037048,0.8078586459159851,0.35150036215782166,0.9857344627380371,0.8456149101257324,0.9842424988746643,0.9472126960754395
24,0.9982807040214539,0.9461116194725037,0.9885786175727844,0.9036443829536438,0.9774240851402283,0.8334806561470032,4.199999966658652e-05,0.34942859411239624,0.9882169961929321,0.9147524237632751,0.9889745116233826,0.9010344743728638,0.9976184368133545,0.9471418261528015,0.984514594078064,0.9097688794136047,0.9695165753364563,0.83539879322052,0.35106736421585083,0.9906765222549438,0.9181004166603088,0.9784404635429382,0.9037814140319824
25,0.9981958270072937,0.940157413482666,0.9880646467208862,0.8922505974769592,0.9764237403869629,0.821654200553894,4.199999966658652e-05,0.3495660722255707,0.9879058599472046,0.924467146396637,0.9882569313049316,0.8838786482810974,0.9976092576980591,0.9185973405838013,0.9836841821670532,0.8535104990005493,0.9679039120674133,0.7746908068656921,0.35208195447921753,0.9909372925758362,0.8556991815567017,0.9765479564666748,0.8619617223739624
26,0.9983193874359131,0.9462618231773376,0.9887365698814392,0.9037875533103943,0.9777341485023499,0.8378559947013855,4.199999966658652e-05,0.34866034984588623,0.9883943200111389,0.9031813740730286,0.9891116619110107,0.9145036339759827,0.9975079298019409,0.9467090368270874,0.9831134676933289,0.9103043079376221,0.9668020606040955,0.8376116156578064,0.35167086124420166,0.990811288356781,0.9124213457107544,0.9755641222000122,0.9135380387306213
27,0.9983537197113037,0.9512537121772766,0.9890058040618896,0.9135017395019531,0.9782595038414001,0.8509581685066223,4.199999966658652e-05,0.34822896122932434,0.9888019561767578,0.9140975475311279,0.9892364740371704,0.9167534112930298,0.9979501366615295,0.9055693745613098,0.9862319827079773,0.8249067068099976,0.9728503227233887,0.7521083950996399,0.3493228852748871,0.9886462688446045,0.8721264600753784,0.9838430285453796,0.7894227504730225
28,0.9984748959541321,0.9448713064193726,0.9898806214332581,0.8998619318008423,0.9799715280532837,0.8382093906402588,4.199999966658652e-05,0.34747549891471863,0.989594042301178,0.9111036658287048,0.9901943802833557,0.8972314596176147,0.9979965090751648,0.9531426429748535,0.9864080548286438,0.9198772311210632,0.9731900691986084,0.8532311320304871,0.34944412112236023,0.9875965118408203,0.9334071278572083,0.9852302074432373,0.9088294506072998
29,0.998561680316925,0.9578208923339844,0.9904192090034485,0.9252223372459412,0.9810262322425842,0.8645592331886292,4.199999966658652e-05,0.3468814194202423,0.9902201294898987,0.9303097724914551,0.9906331896781921,0.9243162274360657,0.998067319393158,0.9301226735115051,0.9869231581687927,0.8733221292495728,0.9741954207420349,0.8048604726791382,0.34886908531188965,0.9830674529075623,0.8952955603599548,0.9908180236816406,0.8541004657745361
30,0.9984943270683289,0.9523661136627197,0.9899583458900452,0.914774477481842,0.9801299571990967,0.8555199503898621,4.199999966658652e-05,0.3470275104045868,0.989641547203064,0.9206435680389404,0.9903245568275452,0.9162471294403076,0.9980713129043579,0.9488924145698547,0.9865820407867432,0.911203145980835,0.9735396504402161,0.8392161726951599,0.3484317362308502,0.990011990070343,0.8987712860107422,0.9831869602203369,0.9257571697235107
31,0.9985237121582031,0.9605178833007812,0.990080714225769,0.9309550523757935,0.9803640246391296,0.8733584880828857,4.199999966658652e-05,0.3465944230556488,0.9898496866226196,0.9339002370834351,0.9903415441513062,0.9303807020187378,0.9978885054588318,0.9476454257965088,0.9859802722930908,0.9093105792999268,0.9723629951477051,0.8377243876457214,0.347993403673172,0.9879948496818542,0.9405969977378845,0.9839872717857361,0.8846089243888855
32,0.9985108971595764,0.9525516629219055,0.990068793296814,0.9150348901748657,0.9803425073623657,0.8511683940887451,4.199999966658652e-05,0.34660977125167847,0.989876925945282,0.9223686456680298,0.9902832508087158,0.9185934662818909,0.9978561401367188,0.9388086199760437,0.9858324527740479,0.89178466796875,0.9720717668533325,0.810330867767334,0.34932759404182434,0.9859596490859985,0.844010591506958,0.9857220649719238,0.9504498243331909
33,0.9985455870628357,0.949073851108551,0.9902966022491455,0.9078512787818909,0.9807915687561035,0.8508188128471375,4.199999966658652e-05,0.3461155295372009,0.9900115728378296,0.9091284871101379,0.9906159043312073,0.9117408990859985,0.9978280663490295,0.9490965008735657,0.9854093790054321,0.9127838015556335,0.9712470769882202,0.8404764533042908,0.3496686518192291,0.9867531657218933,0.9034810662269592,0.9840805530548096,0.9251577258110046
34,0.9988445043563843,0.9593548774719238,0.9923311471939087,0.926378607749939,0.984789252281189,0.8744620680809021,2.099999983329326e-05,0.34494686126708984,0.9921179413795471,0.9260914325714111,0.99256432056427,0.9297487735748291,0.9982641339302063,0.9559456706047058,0.988166868686676,0.9237242341041565,0.9766199588775635,0.8607390522956848,0.3469788730144501,0.9933229088783264,0.9122394323348999,0.983073353767395,0.9368847608566284
35,0.9991570115089417,0.9695770740509033,0.9943382143974304,0.944815456867218,0.9887462854385376,0.9016179442405701,2.099999983329326e-05,0.34359124302864075,0.9941640496253967,0.9487647414207458,0.9945194721221924,0.9477871060371399,0.9984301924705505,0.9560920000076294,0.9890331029891968,0.9231508374214172,0.9783148169517517,0.8616583347320557,0.3465504050254822,0.9883205890655518,0.9510840773582458,0.9897531270980835,0.9032546877861023
36,0.9992329478263855,0.9647968411445618,0.9948505163192749,0.9347428679466248,0.9897562265396118,0.8906371593475342,2.099999983329326e-05,0.34316882491111755,0.9945542216300964,0.9304314255714417,0.9951528310775757,0.9403653740882874,0.9984756708145142,0.9306643605232239,0.9898106455802917,0.8715178966522217,0.9798336625099182,0.8168647289276123,0.34577178955078125,0.9895793199539185,0.8749421834945679,0.9900493025779724,0.896212637424469
37,0.9992514252662659,0.9731347560882568,0.9949162006378174,0.9513530135154724,0.989888608455658,0.9101225137710571,2.099999983329326e-05,0.34302374720573425,0.9946914911270142,0.9540435671806335,0.9951488971710205,0.9506019353866577,0.9984323382377625,0.9591391682624817,0.9893268346786499,0.9289515018463135,0.9788857102394104,0.868476927280426,0.346221923828125,0.9899503588676453,0.916699230670929,0.9887101650238037,0.9426307082176208
38,0.9992823600769043,0.9740758538246155,0.9952011704444885,0.9529502987861633,0.990451455116272,0.9132800102233887,2.099999983329326e-05,0.34278517961502075,0.9950024485588074,0.9462131261825562,0.9954046607017517,0.9616929888725281,0.998439610004425,0.9376757740974426,0.9893691539764404,0.8859823346138,0.9789681434631348,0.829051673412323,0.3464169204235077,0.9904131293296814,0.8958281874656677,0.9883331060409546,0.8849466443061829
39,0.9992728233337402,0.9745509624481201,0.9951229691505432,0.9539787769317627,0.9902967214584351,0.9135164022445679,2.099999983329326e-05,0.34268489480018616,0.9949803352355957,0.9526486396789551,0.9952724575996399,0.9572190642356873,0.9983938336372375,0.9625780582427979,0.9889393448829651,0.9362171292304993,0.9781264662742615,0.8809898495674133,0.3466150760650635,0.9924796223640442,0.9141960144042969,0.9854314923286438,0.959865927696228
40,0.9992563128471375,0.9689478278160095,0.9949904680252075,0.9429053664207458,0.9900345802307129,0.902924656867981,2.099999983329326e-05,0.3426862955093384,0.9948431253433228,0.9374474883079529,0.9951427578926086,0.9501983523368835,0.9983910918235779,0.9612868428230286,0.9892466068267822,0.9333270192146301,0.9787315130233765,0.8762748837471008,0.3454720377922058,0.9911378622055054,0.9186711311340332,0.98736572265625,0.9504215717315674
41,0.9993051290512085,0.9753791093826294,0.9953278303146362,0.9554305076599121,0.990702211856842,0.9173341393470764,2.099999983329326e-05,0.3424031138420105,0.9950606822967529,0.9553840756416321,0.9956019520759583,0.9582173228263855,0.9984466433525085,0.9591506123542786,0.9892150163650513,0.9290863275527954,0.9786707162857056,0.8705307841300964,0.3461487591266632,0.9917686581611633,0.9392828941345215,0.986684262752533,0.9232560992240906
42,0.9992645382881165,0.9726710319519043,0.9950534105300903,0.950289785861969,0.9901583194732666,0.9118399024009705,2.099999983329326e-05,0.34245821833610535,0.9950059652328491,0.9485254883766174,0.9951064586639404,0.9566806554794312,0.9983276128768921,0.9504417181015015,0.98879075050354,0.9120929837226868,0.9778341054916382,0.8418554663658142,0.3467189073562622,0.9843958020210266,0.9479098320007324,0.9932308793067932,0.8847737312316895
43,0.9993314146995544,0.9754175543785095,0.9955357909202576,0.9552996754646301,0.9911140203475952,0.9159669280052185,2.099999983329326e-05,0.3421492874622345,0.9953387379646301,0.9501131176948547,0.9957372546195984,0.9624901413917542,0.9982980489730835,0.9587856531143188,0.9886260032653809,0.9289453029632568,0.9775165319442749,0.8696383833885193,0.345905601978302,0.9918964505195618,0.9439751505851746,0.9853842258453369,0.9174584150314331
44,0.9993069171905518,0.9768545627593994,0.9953368306159973,0.9583717584609985,0.9907205700874329,0.9214842319488525,2.099999983329326e-05,0.3421502411365509,0.9952089786529541,0.9568067193031311,0.9954707622528076,0.9619284272193909,0.9984670877456665,0.9532304406166077,0.9894272685050964,0.9170335531234741,0.9790832996368408,0.8523401618003845,0.3464704751968384,0.9872348308563232,0.947460949420929,0.9916375875473022,0.8968425989151001
45,0.9994484782218933,0.9752790331840515,0.9963375926017761,0.9542203545570374,0.9927042126655579,0.9222404956817627,1.049999991664663e-05,0.34160250425338745,0.9961585402488708,0.9524409770965576,0.9965190291404724,0.9578500390052795,0.9985635280609131,0.9431763291358948,0.9903342723846436,0.896018385887146,0.9808589816093445,0.8413522839546204,0.3450976610183716,0.9915810227394104,0.8902373313903809,0.9890943169593811,0.9034959673881531
46,0.9995869398117065,0.9794696569442749,0.9972102642059326,0.9617298245429993,0.9944378137588501,0.9360223412513733,1.049999991664663e-05,0.34106066823005676,0.9971125721931458,0.9559321403503418,0.9973084926605225,0.9687786102294922,0.9985613822937012,0.9630987048149109,0.9903457164764404,0.9358517527580261,0.9808822870254517,0.8842241764068604,0.34483805298805237,0.9908175468444824,0.951765239238739,0.9898784756660461,0.9277215003967285
47,0.9996081590652466,0.9784929752349854,0.9973481893539429,0.959638237953186,0.9947136044502258,0.9333429932594299,1.049999991664663e-05,0.3409494161605835,0.9972141981124878,0.9586772322654724,0.9974839091300964,0.9619588255882263,0.9985595941543579,0.9455000162124634,0.9904437065124512,0.9005560278892517,0.9810730814933777,0.8495286703109741,0.344653844833374,0.9901589155197144,0.9059990048408508,0.990736722946167,0.8977761268615723
48,0.999620258808136,0.9756101369857788,0.9974716305732727,0.9537482261657715,0.9949585199356079,0.9296625256538391,1.049999991664663e-05,0.3408490717411041,0.9973680973052979,0.9500276446342468,0.9975768327713013,0.9579879641532898,0.99853515625,0.94136643409729,0.9901063442230225,0.8926264047622681,0.9804117679595947,0.8385663628578186,0.3451872169971466,0.9913378357887268,0.8843688368797302,0.9888828992843628,0.908542811870575
49,0.9996393322944641,0.9850520491600037,0.997639000415802,0.9724647998809814,0.995290219783783,0.9472677707672119,1.049999991664663e-05,0.3407132625579834,0.9975747466087341,0.9699060320854187,0.9977047443389893,0.975940465927124,0.9985672235488892,0.9597222805023193,0.9901409149169922,0.9293035268783569,0.980479896068573,0.8731704950332642,0.34551098942756653,0.9894322752952576,0.9346213340759277,0.9908588528633118,0.9324928522109985
50,0.9997020959854126,0.9877970218658447,0.9980068206787109,0.9775872230529785,0.9960227012634277,0.956925630569458,5.249999958323315e-06,0.3405061364173889,0.9979822635650635,0.9744846820831299,0.9980316758155823,0.9811229705810547,0.9985910058021545,0.9465690851211548,0.9902717471122742,0.902866005897522,0.9807392954826355,0.8534736037254333,0.34536212682724,0.989168107509613,0.9018299579620361,0.9913826584815979,0.905242919921875
51,0.9997246265411377,0.9867709875106812,0.9981539249420166,0.9753881692886353,0.9963153600692749,0.953877866268158,5.249999958323315e-06,0.34040018916130066,0.9980630278587341,0.9694501757621765,0.9982460141181946,0.9824232459068298,0.9986029267311096,0.965614914894104,0.990388810634613,0.9408409595489502,0.9809679985046387,0.8891844153404236,0.34522461891174316,0.990627110004425,0.9303097724914551,0.9901548624038696,0.9529010653495789
52,0.9997256994247437,0.9881008863449097,0.99814772605896,0.978054940700531,0.9963037371635437,0.957944929599762,5.249999958323315e-06,0.3403681516647339,0.9980489611625671,0.9763463735580444,0.9982473254203796,0.9808711409568787,0.9986212253570557,0.959456205368042,0.9906994104385376,0.9282131195068359,0.9815776944160461,0.8751389384269714,0.34463173151016235,0.9897905588150024,0.9159780740737915,0.9916155338287354,0.953481912612915
53,0.999748945236206,0.9888305068016052,0.9983501434326172,0.9793106913566589,0.9967067837715149,0.9600628018379211,5.249999958323315e-06,0.3402509391307831,0.9983500838279724,0.9772791266441345,0.9983508586883545,0.9815430641174316,0.9986007809638977,0.965119481086731,0.9907054901123047,0.9395334720611572,0.9815850853919983,0.8885483741760254,0.3445843756198883,0.9907371997833252,0.929583728313446,0.9906792640686035,0.9519408941268921
54,0.9997426867485046,0.9843862652778625,0.9982801079750061,0.9704921841621399,0.9965673089027405,0.9520818591117859,5.249999958323315e-06,0.34024783968925476,0.9982131123542786,0.9695712327957153,0.9983476400375366,0.9717963933944702,0.998606264591217,0.9681270718574524,0.9904999732971191,0.9457542300224304,0.9811886548995972,0.8981244564056396,0.34502193331718445,0.9911540150642395,0.9521151781082153,0.9898508191108704,0.9402498006820679
55,0.9997530579566956,0.9868462085723877,0.9983251690864563,0.9753679037094116,0.9966576099395752,0.9552531242370605,5.249999958323315e-06,0.34016209840774536,0.9983079433441162,0.974388837814331,0.9983433485031128,0.9774286150932312,0.9986099004745483,0.9487848877906799,0.9905915260314941,0.9069783091545105,0.9813659191131592,0.8600720167160034,0.34486448764801025,0.9907569885253906,0.9056104421615601,0.990429699420929,0.9087826609611511
56,0.9997614026069641,0.9875701665878296,0.9984221458435059,0.9767186641693115,0.9968502521514893,0.9566227793693542,5.249999958323315e-06,0.3401206135749817,0.9983972907066345,0.9731918573379517,0.9984476566314697,0.9807548522949219,0.9985849261283875,0.9495075345039368,0.9904918074607849,0.9085233807563782,0.981170654296875,0.8631342053413391,0.3442753553390503,0.9900392293930054,0.9042221307754517,0.9909496307373047,0.9136239886283875
57,0.9997768998146057,0.9892277717590332,0.9985218644142151,0.9799336194992065,0.9970487356185913,0.9614113569259644,5.249999958323315e-06,0.34001216292381287,0.998452365398407,0.9789970517158508,0.9985917806625366,0.9815750122070312,0.9985705614089966,0.9655871391296387,0.9905723333358765,0.9406018257141113,0.9813278317451477,0.8897866606712341,0.3441380262374878,0.9900526404380798,0.941616952419281,0.9910970330238342,0.9405604004859924
58,0.9997801184654236,0.9876798391342163,0.9985395073890686,0.9768195152282715,0.9970837235450745,0.9573590159416199,5.249999958323315e-06,0.3399744927883148,0.9984778761863708,0.974338173866272,0.9986010789871216,0.9800323247909546,0.9986053705215454,0.9669933319091797,0.9904797077178955,0.9435067772865295,0.9811477661132812,0.8938780426979065,0.3449855446815491,0.9905283451080322,0.9354556798934937,0.9904342889785767,0.9526470899581909
59,0.9997686147689819,0.9905714988708496,0.9984434247016907,0.9826992154121399,0.9968940019607544,0.9662761688232422,5.249999958323315e-06,0.33997952938079834,0.9984342455863953,0.9802597761154175,0.9984539747238159,0.9854084253311157,0.9985760450363159,0.9644551277160645,0.9903748035430908,0.9385353326797485,0.9809391498565674,0.8860995769500732,0.34475767612457275,0.9901629090309143,0.932098388671875,0.9905909895896912,0.9466522932052612
60,0.9997909069061279,0.9876844882965088,0.9985875487327576,0.9767810106277466,0.9971803426742554,0.9579893350601196,2.6249999791616574e-06,0.3398757576942444,0.9984816908836365,0.9781147241592407,0.9986941814422607,0.9777527451515198,0.9985967874526978,0.959892749786377,0.9902926087379456,0.9294929504394531,0.980777382850647,0.8727075457572937,0.3456405699253082,0.9902396202087402,0.932731032371521,0.990348756313324,0.9340509176254272
61,0.9998292326927185,0.9845761060714722,0.9988964796066284,0.9702556133270264,0.997795581817627,0.9532233476638794,2.6249999791616574e-06,0.339723140001297,0.9989035725593567,0.9696793556213379,0.9988896250724792,0.9729503393173218,0.9986190795898438,0.9635511636734009,0.9907073974609375,0.9363945722579956,0.981590211391449,0.8823554515838623,0.34468504786491394,0.9902468323707581,0.9345341324806213,0.9911751747131348,0.9390295147895813
62,0.9998225569725037,0.9916027784347534,0.9988124966621399,0.9843929409980774,0.997628927230835,0.9696407914161682,2.6249999791616574e-06,0.3397393524646759,0.9987834095954895,0.9828188419342041,0.9988422393798828,0.9862916469573975,0.9986117482185364,0.9471572041511536,0.9905566573143005,0.9037573933601379,0.9812982678413391,0.8549103736877441,0.3447456657886505,0.9902174472808838,0.8958848714828491,0.9909011125564575,0.9129828810691833
63,0.9998217225074768,0.9912878274917603,0.9988018870353699,0.9837731122970581,0.9976072907447815,0.9685827493667603,2.6249999791616574e-06,0.3397313952445984,0.9988078474998474,0.9799249172210693,0.9987961649894714,0.9879476428031921,0.9986038208007812,0.9649704694747925,0.9905539155006409,0.9393873810768127,0.9812901020050049,0.8882032632827759,0.34496501088142395,0.9901029467582703,0.9331880807876587,0.9910079836845398,0.9464462995529175
64,0.999829113483429,0.9863457679748535,0.9988557696342468,0.9738365411758423,0.9977146983146667,0.9586015343666077,2.6249999791616574e-06,0.3396797180175781,0.9987801909446716,0.9716442227363586,0.9989311695098877,0.9763203263282776,0.9985983371734619,0.9643097519874573,0.990378201007843,0.9382416605949402,0.9809476733207703,0.8852059245109558,0.34501808881759644,0.9909329414367676,0.9279022216796875,0.9898261427879333,0.9509217143058777
65,0.9998462200164795,0.9925411343574524,0.9990081191062927,0.9860742092132568,0.9980193376541138,0.9728875160217285,1.3124999895808287e-06,0.33959925174713135,0.9989761114120483,0.9836602807044983,0.999040961265564,0.9886987805366516,0.9985766410827637,0.9584338665008545,0.9904610514640808,0.9264065623283386,0.9811100959777832,0.8729825615882874,0.3445642590522766,0.9906128644943237,0.9428461194038391,0.9903144836425781,0.9238768815994263
66,0.9998446702957153,0.9877111315727234,0.9989686012268066,0.9764537215232849,0.9979397654533386,0.9635491967201233,1.3124999895808287e-06,0.3396182358264923,0.998960554599762,0.9767155647277832,0.9989767670631409,0.9763973951339722,0.9986163377761841,0.967319130897522,0.9903681874275208,0.9442697763442993,0.9809306263923645,0.8951911926269531,0.34528401494026184,0.9898540377616882,0.9466761946678162,0.9908875823020935,0.9429754614830017
67,0.9998462796211243,0.985867977142334,0.9989604353904724,0.9727752804756165,0.997924268245697,0.9574936032295227,1.3124999895808287e-06,0.33961597084999084,0.9989640712738037,0.9675816297531128,0.9989579916000366,0.9793537259101868,0.99860018491745,0.968334972858429,0.9905392527580261,0.9461308121681213,0.9812600612640381,0.8983421325683594,0.34454718232154846,0.9904893636703491,0.9406744241714478,0.9905940294265747,0.9521658420562744
68,0.999860942363739,0.9913109540939331,0.999076783657074,0.9835447072982788,0.9981563091278076,0.9685728549957275,1.3124999895808287e-06,0.3395366966724396,0.9990608096122742,0.9851289391517639,0.999093234539032,0.9829987287521362,0.9986120462417603,0.9485797882080078,0.9905354380607605,0.9066241383552551,0.9812529683113098,0.8596161603927612,0.34509822726249695,0.9907567501068115,0.8977824449539185,0.9903169274330139,0.9165874719619751
69,0.999861478805542,0.9909842014312744,0.9990872740745544,0.9828810095787048,0.9981768131256104,0.9683815836906433,1.3124999895808287e-06,0.3395271599292755,0.9990833401679993,0.9848560094833374,0.9990915060043335,0.9829183220863342,0.9986175298690796,0.9673399925231934,0.9906761646270752,0.9440039992332458,0.9815292358398438,0.8947696089744568,0.345139741897583,0.9902709126472473,0.9437601566314697,0.9910880327224731,0.9451925158500671
70,0.9998518228530884,0.9877281785011292,0.9990167021751404,0.9764397144317627,0.9980362057685852,0.9635306596755981,1.3124999895808287e-06,0.3395329415798187,0.9990144371986389,0.9742128849029541,0.9990196228027344,0.9790385961532593,0.9985793828964233,0.9673967957496643,0.9902653694152832,0.9445281028747559,0.9807252287864685,0.8961789608001709,0.3454107344150543,0.9906001091003418,0.9404464960098267,0.9899354577064514,0.9496051669120789
71,0.9998555779457092,0.9934754967689514,0.9990255832672119,0.9879257678985596,0.998054027557373,0.9763524532318115,1.3124999895808287e-06,0.33954495191574097,0.9989597201347351,0.9848964214324951,0.9990920424461365,0.9912036061286926,0.9985992312431335,0.9539269208908081,0.9902766942977905,0.9175770282745361,0.980751097202301,0.8592661023139954,0.34527453780174255,0.9905942678451538,0.9193689823150635,0.9899656772613525,0.9279197454452515
72,0.9998617768287659,0.9927578568458557,0.9990839958190918,0.9864317178726196,0.9981702566146851,0.9735659956932068,1.3124999895808287e-06,0.33950406312942505,0.9990766644477844,0.9835934638977051,0.9990913271903992,0.9894357323646545,0.998612642288208,0.9685006141662598,0.9906331896781921,0.9463678002357483,0.9814431071281433,0.8993242383003235,0.3449592888355255,0.9907844662666321,0.9411354064941406,0.9904869198799133,0.9521834850311279
73,0.9998654723167419,0.9929103851318359,0.9990872740745544,0.9867336750030518,0.9981770515441895,0.9742159247398376,1.3124999895808287e-06,0.33946162462234497,0.9990862011909485,0.9850183725357056,0.9990888237953186,0.9888055920600891,0.9985901117324829,0.9685714840888977,0.9906229972839355,0.946520209312439,0.9814253449440002,0.8989429473876953,0.34468379616737366,0.9904840588569641,0.9430327415466309,0.9907684326171875,0.9508697390556335
74,0.9998640418052673,0.9879992008209229,0.999085545539856,0.9769132137298584,0.9981741309165955,0.9649794101715088,1.3124999895808287e-06,0.3394657373428345,0.9990689158439636,0.97540682554245,0.999102771282196,0.9792588949203491,0.9985842704772949,0.965268611907959,0.9904276132583618,0.9401093125343323,0.9810459017753601,0.8889009356498718,0.3449196219444275,0.9897614121437073,0.9457647204399109,0.9910988807678223,0.9371814131736755
0,0.8822773098945618,0.36876294016838074,0.7332391142845154,0.004286746960133314,0.6151461601257324,0.0022003967314958572,4.199999966658652e-05,1.1229304075241089,0.6850308775901794,0.07113818824291229,0.8769147396087646,0.024414338171482086,0.4342968761920929,0.1026712954044342,0.20534257590770721,1.1387072618163074e-08,0.1147141233086586,1.1387072618163074e-08,2.657602310180664,0.11475596576929092,0.0,0.9971035122871399,0.0
1,0.9832655191421509,0.5292867422103882,0.8896456360816956,0.16892771422863007,0.8024460673332214,0.10886386781930923,4.199999966658652e-05,0.5401888489723206,0.8877648711204529,0.4547172486782074,0.8971279263496399,0.11711443215608597,0.8105890154838562,0.19165684282779694,0.38331347703933716,1.9588365773870464e-07,0.23895329236984253,1.9588365773870464e-07,1.4113436937332153,0.2515597641468048,0.0,0.8388624787330627,0.0
2,0.9886074066162109,0.6750121116638184,0.923552393913269,0.4264715909957886,0.8586266040802002,0.3123680353164673,4.199999966658652e-05,0.47415322065353394,0.9210962653160095,0.6071814894676208,0.9293169975280762,0.3594183623790741,0.9180954098701477,0.24019716680049896,0.48039424419403076,6.775452021656747e-08,0.31793051958084106,6.775452021656747e-08,0.8860257863998413,0.446384996175766,0.0,0.5311881303787231,0.0
3,0.9908382892608643,0.7502596378326416,0.9394719004631042,0.5610469579696655,0.8861901164054871,0.43608009815216064,4.199999966658652e-05,0.44462066888809204,0.9377874135971069,0.6906607151031494,0.9430078864097595,0.5059179067611694,0.9456320405006409,0.26436957716941833,0.5287390947341919,8.894608782838986e-08,0.36420050263404846,8.894608782838986e-08,0.6704129576683044,0.724555253982544,0.0,0.42919883131980896,0.0
4,0.9920559525489807,0.7775429487228394,0.9470511078834534,0.6080342531204224,0.8996543884277344,0.48343807458877563,4.199999966658652e-05,0.4274320602416992,0.9460820555686951,0.7364158034324646,0.949700117111206,0.5542222261428833,0.9597625732421875,0.3448725938796997,0.6763954162597656,0.013349758461117744,0.5161071419715881,0.00801184680312872,0.6122457385063171,0.8495126962661743,0.037777770310640335,0.5748048424720764,0.008107302710413933
5,0.9928381443023682,0.8134814500808716,0.9524888396263123,0.6744741797447205,0.9095404744148254,0.5459558963775635,4.199999966658652e-05,0.41652125120162964,0.9508307576179504,0.7731592059135437,0.9555357098579407,0.6273577213287354,0.9869738817214966,0.5595465898513794,0.9105342626571655,0.20855875313282013,0.8361021280288696,0.13653573393821716,0.4631780683994293,0.9194613099098206,0.5239188075065613,0.902239978313446,0.13974900543689728
6,0.9937590956687927,0.8258023262023926,0.9590753316879272,0.6925293207168579,0.9214934706687927,0.5653054714202881,4.199999966658652e-05,0.40583670139312744,0.9573410153388977,0.7848529815673828,0.961693286895752,0.6572407484054565,0.9916644096374512,0.8168783783912659,0.9399147629737854,0.6938419342041016,0.8868019580841064,0.5668542981147766,0.4198296070098877,0.9832366704940796,0.8008186221122742,0.9005259871482849,0.6248642206192017
7,0.9948545098304749,0.8523356914520264,0.9660254120826721,0.7386460900306702,0.9343495965003967,0.6220440864562988,4.199999966658652e-05,0.39594775438308716,0.9643067121505737,0.7999069690704346,0.9682221412658691,0.7032935619354248,0.9940649271011353,0.8388218879699707,0.9585137963294983,0.7191300392150879,0.9205102324485779,0.5977058410644531,0.40127071738243103,0.983722448348999,0.7277068495750427,0.9348959922790527,0.7201635241508484
8,0.9950783252716064,0.8549177050590515,0.9677445888519287,0.7420907616615295,0.9375689625740051,0.6274373531341553,4.199999966658652e-05,0.3913887143135071,0.9666078090667725,0.8178383708000183,0.9693954586982727,0.7047795057296753,0.9956299066543579,0.8787768483161926,0.969950795173645,0.7876027822494507,0.9416989684104919,0.6718994975090027,0.389867901802063,0.9728543758392334,0.7720465064048767,0.9671623706817627,0.8127984404563904
9,0.9952879548072815,0.8709458112716675,0.9684387445449829,0.7734527587890625,0.9390501976013184,0.6626611351966858,4.199999966658652e-05,0.3880492150783539,0.9670241475105286,0.8152904510498047,0.9705246090888977,0.7516801953315735,0.9941226243972778,0.886701762676239,0.9580245018005371,0.8153789639472961,0.9195060133934021,0.6962190270423889,0.3948620557785034,0.9779031276702881,0.8416078090667725,0.9390636682510376,0.8162962198257446
10,0.9948103427886963,0.8509171009063721,0.965446949005127,0.7363876104354858,0.933358371257782,0.6247736215591431,4.199999966658652e-05,0.38801562786102295,0.9664393067359924,0.7955207824707031,0.9650627970695496,0.716705858707428,0.9953564405441284,0.8781258463859558,0.968201220035553,0.7880507707595825,0.938393771648407,0.6547893285751343,0.3836278021335602,0.9823505878448486,0.6968940496444702,0.9545451998710632,0.9154335260391235
11,0.9958318471908569,0.8828157186508179,0.9722767472267151,0.7933546304702759,0.9461241960525513,0.6881217956542969,4.199999966658652e-05,0.3803713917732239,0.9715878367424011,0.8309900760650635,0.9733605980873108,0.7748693823814392,0.9963183403015137,0.9156177639961243,0.9742363095283508,0.8569992780685425,0.9498029947280884,0.7534536719322205,0.37812358140945435,0.9827512502670288,0.8462368845939636,0.9659273028373718,0.8741240501403809
12,0.9961267709732056,0.8874340057373047,0.9741932153701782,0.8006739616394043,0.9497327208518982,0.6965529918670654,4.199999966658652e-05,0.3770231306552887,0.9735341668128967,0.8406190276145935,0.9751534461975098,0.7790413498878479,0.9962185621261597,0.9148785471916199,0.9735581278800964,0.856198787689209,0.948519766330719,0.7570538520812988,0.3756592273712158,0.9828888177871704,0.9154444932937622,0.9644676446914673,0.8123819828033447
13,0.9962842464447021,0.9042794704437256,0.9754775762557983,0.833081841468811,0.952170729637146,0.7299501895904541,4.199999966658652e-05,0.37433797121047974,0.9753618836402893,0.8625838756561279,0.975848376750946,0.817534863948822,0.9966067671775818,0.9044128656387329,0.9765554070472717,0.8322702050209045,0.954211413860321,0.7397720217704773,0.3731487989425659,0.9863809943199158,0.8466393947601318,0.9669595956802368,0.8227680325508118
14,0.9965931177139282,0.9044336080551147,0.9773485660552979,0.8315186500549316,0.9557445049285889,0.7275248765945435,4.199999966658652e-05,0.37143242359161377,0.9769014716148376,0.8717703223228455,0.9780279397964478,0.815330445766449,0.9969134330749512,0.8999361991882324,0.9785122871398926,0.8213604092597961,0.9579519033432007,0.7219463586807251,0.37062498927116394,0.9776175618171692,0.7967093586921692,0.979458212852478,0.8550840616226196
15,0.9968515038490295,0.9118562340736389,0.9792119860649109,0.8445001840591431,0.9592999815940857,0.7455447316169739,4.199999966658652e-05,0.3687264323234558,0.9791143536567688,0.8764905333518982,0.9794405102729797,0.8304991126060486,0.9968914985656738,0.9204109311103821,0.9777848720550537,0.8630371689796448,0.9565712213516235,0.7643821239471436,0.3689216375350952,0.9842019081115723,0.9325371384620667,0.9714978933334351,0.8101259469985962
16,0.9968558549880981,0.902614414691925,0.979159951210022,0.8260685205459595,0.9592050909996033,0.7276094555854797,4.199999966658652e-05,0.367716521024704,0.9785913825035095,0.8544366359710693,0.9799362421035767,0.8147013187408447,0.9969466924667358,0.917916476726532,0.9781261682510376,0.8577069044113159,0.9572287201881409,0.7581866383552551,0.3674960732460022,0.986825168132782,0.9408876895904541,0.9696147441864014,0.7964552044868469
17,0.9971306324005127,0.9220724701881409,0.9809437394142151,0.8632009029388428,0.9626325964927673,0.7759630680084229,4.199999966658652e-05,0.365371435880661,0.9804030656814575,0.8767945766448975,0.9816552996635437,0.8572059869766235,0.9972860813140869,0.937035322189331,0.9813815951347351,0.8926888108253479,0.9634678363800049,0.8095762133598328,0.3641287088394165,0.9851001501083374,0.8905149698257446,0.9777092933654785,0.8983138799667358
18,0.997331440448761,0.9199904799461365,0.9824008345603943,0.8575800061225891,0.9654346704483032,0.7710314393043518,4.199999966658652e-05,0.36324968934059143,0.9818632006645203,0.8738773465156555,0.9830817580223083,0.8508291840553284,0.9973770380020142,0.9154559373855591,0.9818572402000427,0.8490546345710754,0.9643740653991699,0.7652857303619385,0.363392174243927,0.9856226444244385,0.8721916675567627,0.9781444072723389,0.8332778215408325
19,0.9973085522651672,0.9170902967453003,0.981943666934967,0.8522361516952515,0.9645607471466064,0.7640471458435059,4.199999966658652e-05,0.36241135001182556,0.9817389845848083,0.8733352422714233,0.9822998046875,0.8426085710525513,0.9972186088562012,0.8943186402320862,0.9810537695884705,0.807583212852478,0.9628297686576843,0.7240486145019531,0.3632272779941559,0.9754894375801086,0.8375459313392639,0.9867169857025146,0.7836159467697144
20,0.9970428347587585,0.9145785570144653,0.9804047346115112,0.8487526178359985,0.9615972638130188,0.7588273882865906,4.199999966658652e-05,0.3628084063529968,0.980609655380249,0.8713977932929993,0.9803734421730042,0.8420971035957336,0.997145414352417,0.9169895648956299,0.9805177450180054,0.8534613847732544,0.9617992639541626,0.7556275129318237,0.36262020468711853,0.9798698425292969,0.8796757459640503,0.9811926484107971,0.839693009853363
21,0.9973758459091187,0.9232150316238403,0.9825190901756287,0.8639111518859863,0.965670108795166,0.7776107788085938,4.199999966658652e-05,0.360402911901474,0.9823272228240967,0.8891348242759705,0.9828203320503235,0.8558804392814636,0.9976162910461426,0.9261000156402588,0.9833720922470093,0.8688278198242188,0.9673057794570923,0.7810952067375183,0.3592604696750641,0.9864072203636169,0.8879358768463135,0.9803673028945923,0.8662097454071045
22,0.9977101683616638,0.9319640398025513,0.9849240779876709,0.8790045380592346,0.9703096151351929,0.7984447479248047,4.199999966658652e-05,0.3581169843673706,0.9850025773048401,0.8864471316337585,0.9849174618721008,0.8794921636581421,0.9976711869239807,0.9240389466285706,0.9842727184295654,0.8638049364089966,0.9690410494804382,0.7874251008033752,0.3588590621948242,0.9839670658111572,0.8722120523452759,0.9845959544181824,0.8582286238670349
23,0.9981237053871155,0.9474626183509827,0.9874207377433777,0.9075042605400085,0.9751670956611633,0.8347764015197754,2.099999983329326e-05,0.355946809053421,0.9870324730873108,0.9128693342208862,0.9878573417663574,0.906334400177002,0.9979217648506165,0.9449725151062012,0.9860166311264038,0.9039283990859985,0.9724257588386536,0.8284146785736084,0.3564607501029968,0.9910627603530884,0.9176999926567078,0.9810368418693542,0.8938567638397217
24,0.9982179999351501,0.934872567653656,0.9879308938980103,0.88181471824646,0.9761694073677063,0.8157057762145996,2.099999983329326e-05,0.3552584946155548,0.987233579158783,0.8854430317878723,0.9887009263038635,0.881368100643158,0.9980300664901733,0.9312479496002197,0.9864135980606079,0.8760823011398315,0.9732008576393127,0.8075299859046936,0.3567292094230652,0.9851477146148682,0.8708580136299133,0.9876952171325684,0.8830087780952454
25,0.9983711242675781,0.9507917165756226,0.9890941381454468,0.912489116191864,0.9784355163574219,0.8441562056541443,2.099999983329326e-05,0.35426199436187744,0.9884700179100037,0.9164592623710632,0.9897491931915283,0.9119135141372681,0.9981021285057068,0.9257449507713318,0.9868395924568176,0.8646501302719116,0.9740339517593384,0.7902437448501587,0.35580581426620483,0.990303099155426,0.8836084008216858,0.9834101796150208,0.8536792993545532
26,0.9984530806541443,0.9439998865127563,0.9897387027740479,0.8982612490653992,0.979692816734314,0.8302361965179443,2.099999983329326e-05,0.3535021245479584,0.9894437193870544,0.9106094241142273,0.9900562167167664,0.8941446542739868,0.9980709552764893,0.951698899269104,0.986926257610321,0.9164718389511108,0.9741986989974976,0.8467162251472473,0.3549748957157135,0.9909844994544983,0.8960418701171875,0.9829094409942627,0.9398837089538574
27,0.9985185861587524,0.9513910412788391,0.9901682138442993,0.9126143455505371,0.9805352091789246,0.8509154319763184,2.099999983329326e-05,0.3528081178665161,0.9899510145187378,0.9150577783584595,0.9904095530509949,0.9138778448104858,0.9981512427330017,0.9496172070503235,0.9874384999275208,0.9117962121963501,0.9751946926116943,0.8426581025123596,0.3546561300754547,0.986207902431488,0.8922662138938904,0.9886810183525085,0.9353082180023193
28,0.9985058307647705,0.947556734085083,0.990011990070343,0.9051015973091125,0.9802292585372925,0.844800591468811,2.099999983329326e-05,0.3526294231414795,0.9895220398902893,0.9050898551940918,0.9905275702476501,0.907162606716156,0.9980615377426147,0.9513159394264221,0.9868360757827759,0.9157954454421997,0.974022626876831,0.8477118015289307,0.3549109399318695,0.9858076572418213,0.9187028408050537,0.9878820776939392,0.9185272455215454
29,0.9985096454620361,0.9495367407798767,0.9900217652320862,0.9090515971183777,0.9802505970001221,0.8432857394218445,2.099999983329326e-05,0.35221725702285767,0.9896628856658936,0.9143150448799133,0.9904003143310547,0.9074429869651794,0.9981542825698853,0.924252986907959,0.987349271774292,0.8611562848091125,0.9750210046768188,0.7859387397766113,0.35444140434265137,0.9847302436828613,0.9094727039337158,0.9899924397468567,0.8241198062896729
30,0.9985068440437317,0.952711284160614,0.9899488687515259,0.9154734015464783,0.9801088571548462,0.8545461893081665,2.099999983329326e-05,0.3519805669784546,0.9897965788841248,0.9164732098579407,0.9901253581047058,0.9166933298110962,0.998046875,0.9163804650306702,0.9866055846214294,0.8461549878120422,0.9735739231109619,0.7739592790603638,0.35418426990509033,0.9863709211349487,0.8509482741355896,0.9868527054786682,0.8523916602134705
31,0.9984838962554932,0.9524938464164734,0.9898082613945007,0.9151796102523804,0.9798355102539062,0.8565825819969177,2.099999983329326e-05,0.3517257273197174,0.9893652200698853,0.9239051938056946,0.9902946949005127,0.9135944843292236,0.9980865716934204,0.9502135515213013,0.9865501523017883,0.9138769507408142,0.9734694957733154,0.8442443609237671,0.3542236387729645,0.987364649772644,0.9120263457298279,0.9857460856437683,0.917205274105072
32,0.998691201210022,0.9529007077217102,0.9913065433502197,0.9144952893257141,0.9827717542648315,0.8518900871276855,1.049999991664663e-05,0.35074862837791443,0.9912164807319641,0.92444908618927,0.9914127588272095,0.9134633541107178,0.9983471632003784,0.953513503074646,0.988432765007019,0.9185943007469177,0.9771385788917542,0.8533304333686829,0.35276520252227783,0.9906999468803406,0.9241551160812378,0.9861854314804077,0.9189903736114502
33,0.998790979385376,0.9577402472496033,0.991875410079956,0.9236054420471191,0.9838877320289612,0.8693681359291077,1.049999991664663e-05,0.3502817153930664,0.9915030598640442,0.925706148147583,0.9922627210617065,0.9231777787208557,0.99835205078125,0.9571281671524048,0.98858243227005,0.9256739616394043,0.9774301648139954,0.8627787828445435,0.35234150290489197,0.9895886778831482,0.9214876294136047,0.9875841736793518,0.9309806823730469
34,0.9988617897033691,0.9586976766586304,0.992336094379425,0.9250592589378357,0.9847986698150635,0.8710913062095642,1.049999991664663e-05,0.34986451268196106,0.9920234084129333,0.9301828145980835,0.9926596879959106,0.9219018816947937,0.9982596039772034,0.9553279876708984,0.9884379506111145,0.9222177267074585,0.9771465063095093,0.8592516183853149,0.3514879643917084,0.9871730208396912,0.9256137013435364,0.989712119102478,0.9205166101455688
35,0.9989021420478821,0.9635784029960632,0.9926602244377136,0.9344968199729919,0.9854317307472229,0.8832229375839233,1.049999991664663e-05,0.3494406044483185,0.9924288988113403,0.9395506381988525,0.9929006695747375,0.9369217157363892,0.9983453154563904,0.9545584321022034,0.9885698556900024,0.9205467700958252,0.9774039387702942,0.8571354746818542,0.3519161343574524,0.9896917939186096,0.9155240654945374,0.9874547719955444,0.9265395998954773
36,0.9989176988601685,0.956809937953949,0.9927927255630493,0.9208272695541382,0.9856934547424316,0.8689817786216736,1.049999991664663e-05,0.3492361307144165,0.9925645589828491,0.927776038646698,0.9930310249328613,0.9242709875106812,0.9983425736427307,0.9582769274711609,0.9884078502655029,0.9281458258628845,0.9770910143852234,0.8674760460853577,0.3518083691596985,0.9909687042236328,0.923748791217804,0.985868513584137,0.9337319731712341
37,0.9989784955978394,0.9642661213874817,0.9931671023368835,0.9353654980659485,0.9864310622215271,0.8832000494003296,1.049999991664663e-05,0.34882187843322754,0.9928240180015564,0.9305616021156311,0.9935193657875061,0.9423391222953796,0.998384416103363,0.947437047958374,0.9888302087783813,0.9060440063476562,0.9779166579246521,0.8436832427978516,0.35163500905036926,0.9897439479827881,0.9123584628105164,0.9879243969917297,0.9230664968490601
38,0.9989792704582214,0.9652397036552429,0.9932005405426025,0.9372793436050415,0.9864983558654785,0.8876481056213379,1.049999991664663e-05,0.3486393988132477,0.9930018782615662,0.9395318031311035,0.9934093952178955,0.9413205981254578,0.998403012752533,0.9547432661056519,0.9891239404678345,0.9203627109527588,0.9784923791885376,0.8569479584693909,0.35075923800468445,0.9882296919822693,0.9417921304702759,0.9900228381156921,0.9026254415512085
39,0.9989157319068909,0.9625211954116821,0.9927926659584045,0.9322496056556702,0.985694408416748,0.8783459663391113,1.049999991664663e-05,0.3486367464065552,0.9925580620765686,0.9363353252410889,0.9930427670478821,0.9328387975692749,0.9982721209526062,0.9376371502876282,0.9882726073265076,0.8870017528533936,0.9768235087394714,0.8267197608947754,0.3511984348297119,0.9919362664222717,0.8893419504165649,0.9846430420875549,0.8874005675315857
40,0.9989482760429382,0.943076491355896,0.9929125308990479,0.8932415843009949,0.9859338402748108,0.8468983173370361,1.049999991664663e-05,0.3484657406806946,0.9927302002906799,0.89911949634552,0.9931092858314514,0.8907320499420166,0.9983264207839966,0.9408193230628967,0.9883358478546143,0.8933026790618896,0.9769501686096191,0.8365225791931152,0.35159605741500854,0.9905799627304077,0.8898953199386597,0.9861139059066772,0.8980395793914795
41,0.9989400506019592,0.965557336807251,0.9929606914520264,0.9381542801856995,0.9860244989395142,0.8864858746528625,1.049999991664663e-05,0.3482741117477417,0.9928340911865234,0.9432528018951416,0.9930959343910217,0.9357476830482483,0.9982937574386597,0.9533738493919373,0.9880919456481934,0.9186556339263916,0.976470410823822,0.8508263230323792,0.35169777274131775,0.990894615650177,0.8849724531173706,0.9853149652481079,0.9563388228416443
42,0.9990541338920593,0.9700414538383484,0.9936315417289734,0.9464511275291443,0.9873520135879517,0.9000570178031921,5.249999958323315e-06,0.3477710485458374,0.9934044480323792,0.9439586400985718,0.9938678741455078,0.9504464864730835,0.9984676837921143,0.9583603143692017,0.9894462823867798,0.9272743463516235,0.9791213870048523,0.8674380779266357,0.35048431158065796,0.9907104969024658,0.9307962656021118,0.9881889820098877,0.9268829226493835
43,0.999123215675354,0.9626432061195374,0.9941372871398926,0.9311488270759583,0.9883479475975037,0.8808910250663757,5.249999958323315e-06,0.34748637676239014,0.9939681887626648,0.9425138235092163,0.9943116903305054,0.9313681721687317,0.9984765648841858,0.9539767503738403,0.9894078969955444,0.9185455441474915,0.9790455102920532,0.8550529479980469,0.3503153622150421,0.9908549785614014,0.9170586466789246,0.9879728555679321,0.9210410118103027
44,0.9991412162780762,0.9659193158149719,0.9942426085472107,0.9375962018966675,0.9885583519935608,0.8925949335098267,5.249999958323315e-06,0.3473127782344818,0.994093656539917,0.9397176504135132,0.9943986535072327,0.9373810291290283,0.9984713792800903,0.9610273838043213,0.989311158657074,0.9327436089515686,0.9788565635681152,0.8750346302986145,0.35078418254852295,0.9885170459747314,0.9248776435852051,0.9901123046875,0.941365659236908
45,0.9991629123687744,0.9666596055030823,0.9943959712982178,0.9389234781265259,0.9888596534729004,0.8917754888534546,5.249999958323315e-06,0.3471882939338684,0.9940813183784485,0.9415484070777893,0.9947162866592407,0.9422906637191772,0.9984661936759949,0.942514955997467,0.9892749190330505,0.8957547545433044,0.9787850975990295,0.8411000967025757,0.3502536714076996,0.9910276532173157,0.8866040110588074,0.9875328540802002,0.9059486985206604
46,0.9992160201072693,0.9666845202445984,0.9947558641433716,0.9386135339736938,0.989570140838623,0.8948977589607239,5.249999958323315e-06,0.34684112668037415,0.9947016835212708,0.9368888139724731,0.9948133826255798,0.9418143630027771,0.998494565486908,0.95928955078125,0.989777147769928,0.9288016557693481,0.9797681570053101,0.8697371482849121,0.34956178069114685,0.9897006154060364,0.924572229385376,0.9898593425750732,0.9341289401054382
47,0.9991776347160339,0.9681333303451538,0.9945755004882812,0.9416906833648682,0.9892134666442871,0.901102602481842,5.249999958323315e-06,0.34685587882995605,0.9944943785667419,0.9430819749832153,0.9946627616882324,0.9424967765808105,0.9984503388404846,0.9544378519058228,0.9894667267799377,0.9194088578224182,0.9791622161865234,0.8551643490791321,0.3496284484863281,0.9879851341247559,0.925478458404541,0.9909576177597046,0.9148044586181641
48,0.9991822242736816,0.9642649292945862,0.9945202469825745,0.9340096116065979,0.9891054034233093,0.8909659385681152,5.249999958323315e-06,0.346756249666214,0.9942722320556641,0.9334312677383423,0.9947757124900818,0.9370757937431335,0.9984979033470154,0.9548238515853882,0.9895052909851074,0.920142412185669,0.9792361259460449,0.8581284880638123,0.35024094581604004,0.9892611503601074,0.9224805235862732,0.9897566437721252,0.9225675463676453
49,0.9991795420646667,0.9709939360618591,0.9944983124732971,0.9474896788597107,0.9890614151954651,0.9054555296897888,5.249999958323315e-06,0.34674566984176636,0.9943220019340515,0.9466758966445923,0.9946799278259277,0.9492436051368713,0.9984420537948608,0.9571508765220642,0.9895220398902893,0.9247795939445496,0.9792641997337341,0.863868236541748,0.3495457172393799,0.9873685240745544,0.9168140292167664,0.9916899800300598,0.9351489543914795
50,0.9992615580558777,0.9693087935447693,0.9950452446937561,0.9435724020004272,0.9901434183120728,0.9012987017631531,2.6249999791616574e-06,0.34638991951942444,0.9948033094406128,0.9473987817764282,0.9952918291091919,0.9494072198867798,0.9985406398773193,0.9439351558685303,0.9899709224700928,0.8978992700576782,0.9801485538482666,0.8446725606918335,0.3497655987739563,0.9892352223396301,0.8983369469642639,0.9907146692276001,0.8985834717750549
51,0.9992886185646057,0.9718316793441772,0.9952406883239746,0.9484224915504456,0.9905301928520203,0.9050372838973999,2.6249999791616574e-06,0.34628090262413025,0.9950751662254333,0.9412609338760376,0.9954084753990173,0.957053005695343,0.9984896779060364,0.9420958161354065,0.9894368648529053,0.8947546482086182,0.979107677936554,0.8390127420425415,0.34936341643333435,0.9900558590888977,0.8891415596008301,0.988823413848877,0.9025056958198547
52,0.9993095397949219,0.9666203856468201,0.9954009056091309,0.9378397464752197,0.9908502101898193,0.8952007293701172,2.6249999791616574e-06,0.34619808197021484,0.9952280521392822,0.9439239501953125,0.9955770969390869,0.9350945353507996,0.9985193014144897,0.9603331089019775,0.9895844459533691,0.9310817718505859,0.9793903231620789,0.8722580671310425,0.35031962394714355,0.9893507957458496,0.9208011627197266,0.9898228645324707,0.9431478381156921
53,0.9992891550064087,0.9722753763198853,0.9952904582023621,0.9492607116699219,0.9906295537948608,0.9085835218429565,2.6249999791616574e-06,0.3461499512195587,0.9951214790344238,0.9526980519294739,0.9954627752304077,0.9512393474578857,0.9985418915748596,0.9527598023414612,0.989672064781189,0.9158471822738647,0.9795637726783752,0.853499174118042,0.3497978150844574,0.9899894595146179,0.9088316559791565,0.989361047744751,0.9264746308326721
54,0.9993023872375488,0.9689786434173584,0.9952883124351501,0.9426681399345398,0.9906259179115295,0.9025962352752686,2.6249999791616574e-06,0.3460787832736969,0.9952384829521179,0.9437108635902405,0.9953424334526062,0.9439019560813904,0.9985018968582153,0.9665072560310364,0.9895660877227783,0.943448543548584,0.9793558716773987,0.8936588764190674,0.3497326970100403,0.9883855581283569,0.9467780590057373,0.9907544851303101,0.9407732486724854
55,0.999337375164032,0.9692913889884949,0.9955747723579407,0.9430081844329834,0.9911916851997375,0.9031734466552734,2.6249999791616574e-06,0.345844030380249,0.995495617389679,0.943047285079956,0.9956566095352173,0.945737361907959,0.9985018968582153,0.9575795531272888,0.989626407623291,0.9255329370498657,0.9794757962226868,0.8650066256523132,0.3493889570236206,0.9882474541664124,0.9290944933891296,0.9910165667533875,0.9240514636039734
56,0.9993427991867065,0.9765594005584717,0.9956302046775818,0.957488477230072,0.9913012981414795,0.919991672039032,2.6249999791616574e-06,0.34576216340065,0.9954935312271118,0.9587749242782593,0.9957705140113831,0.9579829573631287,0.9985482692718506,0.9388079047203064,0.9897381663322449,0.8878775835037231,0.9796971082687378,0.8304734826087952,0.3498452305793762,0.9898757338523865,0.8779050707817078,0.9896093010902405,0.8994486331939697
57,0.9993411898612976,0.9647560715675354,0.9955757856369019,0.9339361786842346,0.9911929965019226,0.894450843334198,2.6249999791616574e-06,0.3457515835762024,0.9953994750976562,0.9349040389060974,0.9957540035247803,0.9348754286766052,0.998508632183075,0.9607232809066772,0.9897118210792542,0.9317346811294556,0.979637861251831,0.8737977743148804,0.34952861070632935,0.9897254705429077,0.9203901886940002,0.9897047281265259,0.9448292255401611
58,0.999358594417572,0.9755437970161438,0.9957319498062134,0.9553555846214294,0.9915032982826233,0.9175193905830383,2.6249999791616574e-06,0.3456246852874756,0.9956989288330078,0.9506533145904541,0.9957670569419861,0.9610066413879395,0.9985183477401733,0.942013680934906,0.9897655248641968,0.8942618370056152,0.9797435998916626,0.8386465311050415,0.34899237751960754,0.9887931942939758,0.8900195956230164,0.990744948387146,0.9013791084289551
59,0.9993554949760437,0.976937472820282,0.9956278800964355,0.9582465291023254,0.9912973046302795,0.9212390184402466,2.6249999791616574e-06,0.34559571743011475,0.9954686164855957,0.9555184841156006,0.9957894086837769,0.9620805978775024,0.9985589385032654,0.9601228833198547,0.9897186756134033,0.9305267930030823,0.9796584248542786,0.872578501701355,0.34941813349723816,0.9895007610321045,0.9135023355484009,0.9899444580078125,0.9515790343284607
60,0.9993907809257507,0.9727137088775635,0.995943009853363,0.9494841694831848,0.9919227361679077,0.9137998819351196,1.3124999895808287e-06,0.34543633460998535,0.9958856105804443,0.9448297023773193,0.9960018992424011,0.9557105302810669,0.9985531568527222,0.9598879814147949,0.9899712204933167,0.9298047423362732,0.9801494479179382,0.8728065490722656,0.3488626778125763,0.9899241924285889,0.9226447939872742,0.9900227189064026,0.9392419457435608
61,0.9993876814842224,0.9708145260810852,0.9959371089935303,0.9456925392150879,0.9919098019599915,0.9082050919532776,1.3124999895808287e-06,0.34542229771614075,0.9958068132400513,0.9440233707427979,0.9960694909095764,0.9495732188224792,0.9985531568527222,0.9595227241516113,0.990053117275238,0.9289922118186951,0.9803109169006348,0.8704668283462524,0.348871111869812,0.990135908126831,0.9212577939033508,0.9899742603302002,0.937849223613739
62,0.9994038939476013,0.9780338406562805,0.9960165619850159,0.9600517153739929,0.9920675754547119,0.9242064952850342,1.3124999895808287e-06,0.345308393239975,0.9959459900856018,0.9571295976638794,0.9960891604423523,0.9636251926422119,0.9985629320144653,0.9582147002220154,0.9899194836616516,0.9265100359916687,0.9800485968589783,0.8675905466079712,0.3494665026664734,0.9893890619277954,0.9176992774009705,0.9904553890228271,0.9397389888763428
63,0.9994299411773682,0.970354437828064,0.9962077140808105,0.9445012807846069,0.9924472570419312,0.9083120822906494,1.3124999895808287e-06,0.34521088004112244,0.9960998296737671,0.9421714544296265,0.996317982673645,0.9480403065681458,0.9985525608062744,0.9660683274269104,0.9899508953094482,0.9421855211257935,0.9801107048988342,0.8913525342941284,0.3491690158843994,0.9896292686462402,0.9404563903808594,0.9902771711349487,0.9446693658828735
64,0.9994106888771057,0.9725094437599182,0.9960233569145203,0.9489955306053162,0.9920818209648132,0.9127820730209351,1.3124999895808287e-06,0.3452264368534088,0.9959381222724915,0.9459784030914307,0.9961104393005371,0.9525097012519836,0.998551607131958,0.9362245202064514,0.989806056022644,0.8826429843902588,0.9798257350921631,0.8250256180763245,0.34925565123558044,0.9893327951431274,0.8707240223884583,0.9902850389480591,0.8987361788749695
65,0.9993868470191956,0.9778383374214172,0.995941162109375,0.9597358703613281,0.9919177293777466,0.9237728118896484,9.999999974752427e-07,0.3453071713447571,0.9957430362701416,0.958461582660675,0.9961409568786621,0.9617372155189514,0.9985568523406982,0.939517080783844,0.9899784922599792,0.8890557885169983,0.9801633358001709,0.8324389457702637,0.3491290211677551,0.9899520874023438,0.8847410678863525,0.9900104999542236,0.8945561051368713
66,0.9994599223136902,0.9785789251327515,0.9963637590408325,0.9607943892478943,0.9927567839622498,0.9259867072105408,9.999999974752427e-07,0.34503689408302307,0.9963199496269226,0.9615495204925537,0.9964092969894409,0.9616397619247437,0.9985806345939636,0.9583442211151123,0.9901355504989624,0.9265528321266174,0.9804703593254089,0.8671234846115112,0.348988801240921,0.9903484582901001,0.9258649349212646,0.9899305105209351,0.9297994375228882
67,0.999442994594574,0.9793550372123718,0.9962997436523438,0.9624101519584656,0.9926286935806274,0.9287540316581726,9.999999974752427e-07,0.3450462818145752,0.996229350566864,0.9599874019622803,0.9963713884353638,0.9654064178466797,0.9985641241073608,0.9465222954750061,0.9899156093597412,0.9031287431716919,0.9800385236740112,0.8532482385635376,0.34934002161026,0.9897986650466919,0.8942906856536865,0.9900382161140442,0.9126270413398743
68,0.9994597434997559,0.9750241041183472,0.9964194297790527,0.9536285996437073,0.9928668737411499,0.9210000038146973,9.999999974752427e-07,0.3449188470840454,0.9963973760604858,0.9502751231193542,0.9964427947998047,0.9574453830718994,0.9985784888267517,0.9620341658592224,0.9900926947593689,0.9339754581451416,0.9803877472877502,0.8783470392227173,0.34881773591041565,0.990109920501709,0.9338063597679138,0.9900805950164795,0.9378169178962708
69,0.9994217157363892,0.9762054681777954,0.9961469173431396,0.9562641978263855,0.9923261404037476,0.9193258881568909,9.999999974752427e-07,0.34504470229148865,0.996086597442627,0.9536285996437073,0.996208667755127,0.9616794586181641,0.9985412359237671,0.9585195779800415,0.9897354245185852,0.9273036122322083,0.9796855449676514,0.870168924331665,0.3494785726070404,0.9897630214691162,0.9232248067855835,0.9897148013114929,0.93631911277771
70,0.9994378685951233,0.9775193929672241,0.9962064623832703,0.9588320255279541,0.9924455881118774,0.9242005944252014,9.999999974752427e-07,0.3449724614620209,0.9960454702377319,0.9580841064453125,0.996370255947113,0.9604710340499878,0.9985513091087341,0.9649108052253723,0.9898678660392761,0.9399536848068237,0.9799494743347168,0.8878795504570007,0.34848013520240784,0.9896580576896667,0.9336456060409546,0.9900829792022705,0.9468953013420105
71,0.9994635581970215,0.9666082262992859,0.9964075684547424,0.9368087649345398,0.9928432703018188,0.9011258482933044,9.999999974752427e-07,0.3448598086833954,0.9962906837463379,0.9351016879081726,0.9965258836746216,0.9417229294776917,0.9985476732254028,0.9631404876708984,0.9901254773139954,0.9361553192138672,0.9804506897926331,0.8814640045166016,0.3486097455024719,0.9905847907066345,0.9255648851394653,0.9896717071533203,0.9480143189430237
72,0.9994663000106812,0.9762987494468689,0.9964063167572021,0.9561905860900879,0.9928423166275024,0.9214721918106079,9.999999974752427e-07,0.3448534309864044,0.9962578415870667,0.9628067016601562,0.9965572953224182,0.9556238651275635,0.9985623359680176,0.9639523029327393,0.9896635413169861,0.9382411241531372,0.9795498847961426,0.8847749829292297,0.34931614995002747,0.9899473786354065,0.9339329600334167,0.9893858432769775,0.9433019161224365
73,0.9994308948516846,0.9748234748840332,0.9961183071136475,0.9535288214683533,0.9922741651535034,0.9159646034240723,9.999999974752427e-07,0.3449997007846832,0.9960130453109741,0.9548322558403015,0.99622642993927,0.9563396573066711,0.9985204935073853,0.9624388813972473,0.9897931814193726,0.9350845217704773,0.9797977209091187,0.8796980977058411,0.3489934504032135,0.9891109466552734,0.9265899658203125,0.9904825091362,0.9444812536239624
74,0.9994765520095825,0.9782108068466187,0.9964818358421326,0.9599400162696838,0.9929905533790588,0.9256856441497803,9.999999974752427e-07,0.3447037637233734,0.9964188933372498,0.9577903151512146,0.9965463280677795,0.962877631187439,0.9985485672950745,0.9609510898590088,0.9899055361747742,0.9319967031478882,0.980019211769104,0.8749662637710571,0.3487527072429657,0.9894591569900513,0.9271082878112793,0.9903576374053955,0.938671350479126
0,0.9309021830558777,0.3895116150379181,0.7767491936683655,0.002274013590067625,0.6624417304992676,0.0012007589684799314,4.199999966658652e-05,0.8386604189872742,0.7379687428474426,0.009978270158171654,0.8785765767097473,0.01328799407929182,0.5981149077415466,0.12286046147346497,0.2457207888364792,1.3226724604464835e-07,0.1405583769083023,1.3226724604464835e-07,2.0090456008911133,0.14292830228805542,0.0,0.8997372984886169,0.0
1,0.9867563843727112,0.5808534622192383,0.9130369424819946,0.24866990745067596,0.8407579660415649,0.17152053117752075,4.199999966658652e-05,0.49602675437927246,0.9037211537361145,0.5255439281463623,0.9260358214378357,0.1899598240852356,0.8689807057380676,0.13597124814987183,0.2719423770904541,1.3226724604464835e-07,0.158262237906456,1.3226724604464835e-07,1.1352065801620483,0.23117871582508087,0.0,0.3357750177383423,0.0
2,0.9899194240570068,0.7449987530708313,0.933337926864624,0.5566598176956177,0.8753485083580017,0.4248025417327881,4.199999966658652e-05,0.45235398411750793,0.9310411810874939,0.7130934000015259,0.9374322295188904,0.4916417598724365,0.9023004174232483,0.20712560415267944,0.41425105929374695,1.3226724604464835e-07,0.26303669810295105,1.3226724604464835e-07,0.9459653496742249,0.3718319833278656,0.0,0.47543516755104065,0.0
3,0.9925414323806763,0.7994674444198608,0.9507827758789062,0.6481517553329468,0.9063624739646912,0.518025279045105,4.199999966658652e-05,0.4248460829257965,0.947141170501709,0.7755253314971924,0.9554345011711121,0.5948426127433777,0.945389986038208,0.2699975073337555,0.5399949550628662,1.3226724604464835e-07,0.3736208975315094,1.3226724604464835e-07,0.6682074069976807,0.7189990878105164,0.0,0.43610382080078125,0.0
4,0.9924089312553406,0.8169795870780945,0.9496203660964966,0.6843394637107849,0.904410719871521,0.5548139214515686,4.199999966658652e-05,0.415425568819046,0.9483876824378967,0.7717850208282471,0.9527024626731873,0.6390407681465149,0.9586456418037415,0.3301111161708832,0.6428439617156982,0.017378339543938637,0.47891753911972046,0.009713602252304554,0.5912559032440186,0.8908664584159851,0.19999954104423523,0.5074781179428101,0.009713470935821533
5,0.994253396987915,0.8366897702217102,0.9615808725357056,0.7117987871170044,0.9261388182640076,0.5860973596572876,4.199999966658652e-05,0.39964064955711365,0.9594082832336426,0.7868672013282776,0.9644775390625,0.6827684640884399,0.9870965480804443,0.6000016927719116,0.9095245599746704,0.29047891497612,0.8346197605133057,0.20231369137763977,0.4362764060497284,0.9449785351753235,0.7321859002113342,0.8776267766952515,0.20476047694683075
6,0.9948035478591919,0.855442225933075,0.9656574726104736,0.7452261447906494,0.9336956143379211,0.6267905235290527,4.199999966658652e-05,0.39154788851737976,0.9639508724212646,0.8120154738426208,0.9680272936820984,0.712577223777771,0.9929311871528625,0.7946465015411377,0.9511486887931824,0.6381445527076721,0.9070262312889099,0.5140870809555054,0.39997825026512146,0.9838069081306458,0.8371924757957458,0.9207633137702942,0.5341770052909851
7,0.9952037334442139,0.8826243877410889,0.9680745601654053,0.7971743941307068,0.9381996393203735,0.6852578520774841,4.199999966658652e-05,0.3855193257331848,0.9664579033851624,0.8383576273918152,0.9702581167221069,0.7690808773040771,0.9954965114593506,0.8651278614997864,0.9692132472991943,0.7610425353050232,0.9403133392333984,0.6431879997253418,0.3827010989189148,0.9783363342285156,0.7526981830596924,0.9603903293609619,0.790131688117981
8,0.9955283999443054,0.8728899359703064,0.9700222015380859,0.7757582068443298,0.9418933391571045,0.6637532114982605,4.199999966658652e-05,0.38104715943336487,0.9687358140945435,0.83165442943573,0.9719066619873047,0.7549097537994385,0.9960272312164307,0.8666328191757202,0.9730275869369507,0.7602382898330688,0.9474978446960449,0.6588039994239807,0.3775688111782074,0.976134181022644,0.8094780445098877,0.9699853658676147,0.7263872027397156
9,0.9962357878684998,0.893415093421936,0.9749565124511719,0.8118740916252136,0.9511816501617432,0.7085367441177368,4.199999966658652e-05,0.37504327297210693,0.9734561443328857,0.8494555950164795,0.9767232537269592,0.7927882671356201,0.9962631464004517,0.8842735886573792,0.9746174812316895,0.7939299941062927,0.9505346417427063,0.6800079941749573,0.37384018301963806,0.9821745157241821,0.762878954410553,0.9672478437423706,0.8706070780754089
10,0.9964938163757324,0.8979310393333435,0.9765738844871521,0.8192881941795349,0.9542747735977173,0.7145283222198486,4.199999966658652e-05,0.37159496545791626,0.9757064580917358,0.8591118454933167,0.9776747226715088,0.8055828213691711,0.9964810013771057,0.8878260850906372,0.9764575362205505,0.7991946339607239,0.9540225267410278,0.6874250769615173,0.37094229459762573,0.9691004157066345,0.9052870869636536,0.9839667677879333,0.7374839782714844
11,0.9966232776641846,0.8947568535804749,0.9775512218475342,0.8119629621505737,0.9561398029327393,0.7069545984268188,4.199999966658652e-05,0.3686859905719757,0.9762264490127563,0.8556258678436279,0.9791240096092224,0.7920985221862793,0.9964452981948853,0.9045274257659912,0.97575843334198,0.8332967162132263,0.9527003765106201,0.72651207447052,0.3685332238674164,0.9882897734642029,0.8076226115226746,0.9636214375495911,0.8792353868484497
12,0.9968070983886719,0.9093560576438904,0.9787679314613342,0.8399444818496704,0.9584671854972839,0.7405000329017639,4.199999966658652e-05,0.36620551347732544,0.9777900576591492,0.8722370266914368,0.9799813032150269,0.8270056843757629,0.9969397187232971,0.9032459259033203,0.979512631893158,0.8269790410995483,0.9598574042320251,0.725314199924469,0.36558958888053894,0.9761176109313965,0.8708480000495911,0.9829719662666321,0.819004237651825
13,0.9970539212226868,0.9114230275154114,0.980309009552002,0.8425377011299133,0.9614280462265015,0.7506386637687683,4.199999966658652e-05,0.3637651205062866,0.9796467423439026,0.852976381778717,0.9811547994613647,0.8406125903129578,0.9969100952148438,0.9041198492050171,0.9791848063468933,0.8290551900863647,0.9592376947402954,0.7369743585586548,0.3642093241214752,0.9740480780601501,0.8664571642875671,0.9844273328781128,0.8010144829750061
14,0.9972040057182312,0.913210391998291,0.9813480377197266,0.8450729846954346,0.9634129405021667,0.7551355957984924,4.199999966658652e-05,0.36183902621269226,0.980766773223877,0.8580072522163391,0.9820579290390015,0.8394832611083984,0.99676913022995,0.9113812446594238,0.9778660535812378,0.8448963165283203,0.9567278027534485,0.7481935620307922,0.36304283142089844,0.988212525844574,0.845550000667572,0.9677870273590088,0.8683434128761292
15,0.9973956346511841,0.9083969593048096,0.9826090335845947,0.8341853618621826,0.9658334851264954,0.751951277256012,4.199999966658652e-05,0.35962948203086853,0.9820228815078735,0.8568204641342163,0.9832841753959656,0.8200520873069763,0.9967920184135437,0.9096614718437195,0.978040337562561,0.8412826657295227,0.9570475220680237,0.7381415367126465,0.3618868291378021,0.9920123815536499,0.7955158352851868,0.9645049571990967,0.917389988899231
16,0.9975702166557312,0.9264503717422485,0.9839593768119812,0.8689407110214233,0.9684423804283142,0.781825840473175,4.199999966658652e-05,0.35796937346458435,0.9833410382270813,0.8890688419342041,0.9846541881561279,0.8596364855766296,0.9970114231109619,0.8918956518173218,0.9796077609062195,0.8041833639144897,0.9600574374198914,0.7031378149986267,0.35985201597213745,0.9846405982971191,0.9287837147712708,0.9746444821357727,0.7467959523200989
17,0.9975558519363403,0.9253033399581909,0.9835678339004517,0.8670392036437988,0.967694103717804,0.7818524837493896,4.199999966658652e-05,0.3572525680065155,0.9832513332366943,0.8907118439674377,0.9839935898780823,0.8634404540061951,0.9969540238380432,0.8854196071624756,0.9795262217521667,0.7913129925727844,0.9598860740661621,0.6856071949005127,0.3596954345703125,0.9697900414466858,0.9280716180801392,0.9894835948944092,0.7207309007644653
18,0.9975636005401611,0.9262043833732605,0.9836801290512085,0.8687283992767334,0.9679161310195923,0.7828729152679443,4.199999966658652e-05,0.35634326934814453,0.9828917980194092,0.892638623714447,0.9845882654190063,0.8618847727775574,0.9975439310073853,0.9169458150863647,0.9833906292915344,0.8505006432533264,0.9673352837562561,0.7567241787910461,0.3565666973590851,0.9842348694801331,0.9032806158065796,0.9825685024261475,0.8239885568618774
19,0.9978585243225098,0.9285261034965515,0.9856848120689392,0.8713670372962952,0.971791684627533,0.787295401096344,4.199999966658652e-05,0.35439765453338623,0.9855096340179443,0.8910484910011292,0.9859178066253662,0.8657589554786682,0.997361421585083,0.9062241315841675,0.9822561740875244,0.8301922678947449,0.9651435613632202,0.7351976633071899,0.3565441966056824,0.9725497961044312,0.9255324602127075,0.9921708106994629,0.7802407145500183
20,0.9979070425033569,0.9335452318191528,0.9859961867332458,0.8810940384864807,0.9723966121673584,0.8022017478942871,4.199999966658652e-05,0.3535073399543762,0.9855400323867798,0.8955713510513306,0.9865418076515198,0.8740394115447998,0.9976019263267517,0.929990828037262,0.9837303161621094,0.8762512803077698,0.9679960012435913,0.7899124026298523,0.3547672927379608,0.9831590056419373,0.8666530847549438,0.9843242168426514,0.8959600925445557
21,0.9981191754341125,0.9311274886131287,0.9875836372375488,0.8746708035469055,0.9754818081855774,0.8047448992729187,4.199999966658652e-05,0.3519946038722992,0.9871580004692078,0.8810031414031982,0.9880523085594177,0.8737589120864868,0.9976257085800171,0.9281033277511597,0.9837630987167358,0.8724436163902283,0.9680591821670532,0.7816843390464783,0.3540157675743103,0.9883638024330139,0.8375207781791687,0.9792464971542358,0.9149879217147827
22,0.9980932474136353,0.947375476360321,0.9872938394546509,0.9074569940567017,0.9749211668968201,0.8345945477485657,4.199999966658652e-05,0.3516252934932709,0.9872158169746399,0.9134836792945862,0.9874221682548523,0.9064586162567139,0.9975311160087585,0.9089513421058655,0.9832815527915955,0.8346211910247803,0.9671288132667542,0.7547976970672607,0.35379329323768616,0.9811466932296753,0.9029231071472168,0.9854504466056824,0.7947444915771484
23,0.9980921149253845,0.9416245222091675,0.9872019290924072,0.8960471153259277,0.974743127822876,0.8253069519996643,4.199999966658652e-05,0.3512517511844635,0.9869540333747864,0.9017341732978821,0.9874984622001648,0.8944748044013977,0.9977782964706421,0.9339585900306702,0.9849275350570679,0.8829893469810486,0.9703134894371033,0.800741970539093,0.35248371958732605,0.9840925335884094,0.904645562171936,0.9857785701751709,0.865456759929657
24,0.998078465461731,0.9397484660148621,0.9871404767036438,0.8923570513725281,0.9746243357658386,0.8188948035240173,4.199999966658652e-05,0.3508051335811615,0.9868607521057129,0.9066998958587646,0.9874858260154724,0.8869542479515076,0.9975729584693909,0.92894446849823,0.9834949970245361,0.8743939399719238,0.9675382375717163,0.7853955626487732,0.35293492674827576,0.9852133989334106,0.8206214308738708,0.9818035364151001,0.9486652612686157
25,0.9981985688209534,0.9437986612319946,0.9878683686256409,0.8997294902801514,0.9760434031486511,0.8227958679199219,4.199999966658652e-05,0.3499066233634949,0.9876177310943604,0.9092658758163452,0.9881624579429626,0.900668740272522,0.9977890253067017,0.9374321699142456,0.9849607348442078,0.889903724193573,0.9703776836395264,0.8087582588195801,0.35177356004714966,0.9879580140113831,0.8747580647468567,0.9819974303245544,0.9113226532936096
26,0.9983147978782654,0.9475982785224915,0.9886720776557922,0.9065240621566772,0.9776137471199036,0.8382803201675415,4.199999966658652e-05,0.34916532039642334,0.9884781837463379,0.912986695766449,0.9889059662818909,0.907194972038269,0.998020350933075,0.9404283165931702,0.9865228533744812,0.8943337798118591,0.9734138250350952,0.8173242807388306,0.35038214921951294,0.9848152995109558,0.9241279363632202,0.9882458448410034,0.8706485033035278
27,0.9983313083648682,0.9499953389167786,0.9889264106750488,0.9110642075538635,0.9781045317649841,0.8457427024841309,4.199999966658652e-05,0.34871944785118103,0.9886476397514343,0.9277952313423157,0.9892441034317017,0.9055976867675781,0.9976565837860107,0.9185386896133423,0.984117329120636,0.8529599905014038,0.9687429666519165,0.7580002546310425,0.35171449184417725,0.9765077233314514,0.9612517356872559,0.9918604493141174,0.7824852466583252
28,0.9984477758407593,0.9537528157234192,0.9896485805511475,0.9178576469421387,0.9795183539390564,0.8536965250968933,4.199999966658652e-05,0.34792816638946533,0.9895737171173096,0.9195913076400757,0.9897534847259521,0.9210414886474609,0.9980548024177551,0.9444417357444763,0.9866880774497986,0.9021956920623779,0.9737356305122375,0.827389657497406,0.34987300634384155,0.9873347282409668,0.8953832387924194,0.9860548377037048,0.912629246711731
29,0.9984882473945618,0.9533596038818359,0.9898712635040283,0.916847825050354,0.9799556732177734,0.8584449887275696,4.199999966658652e-05,0.3475213944911957,0.9896833300590515,0.9201450943946838,0.9900825619697571,0.9174164533615112,0.9979605078697205,0.9336656332015991,0.9861112833023071,0.8812201023101807,0.9726125597953796,0.8026535511016846,0.34983256459236145,0.984988808631897,0.9369170665740967,0.9872512817382812,0.8492603302001953
30,0.9985473155975342,0.957054078578949,0.990287184715271,0.9238208532333374,0.9807707071304321,0.8622479438781738,4.199999966658652e-05,0.3470037579536438,0.9901126623153687,0.923317551612854,0.9904877543449402,0.9281476736068726,0.9980599880218506,0.9425957202911377,0.9868377447128296,0.898353636264801,0.9740249514579773,0.8220285177230835,0.3490801155567169,0.986443281173706,0.9265629649162292,0.9872414469718933,0.8784260749816895
31,0.9985493421554565,0.9484626054763794,0.9903830885887146,0.9065414667129517,0.9809580445289612,0.8442791700363159,4.199999966658652e-05,0.3467135727405548,0.9902888536453247,0.9275580644607544,0.9905117750167847,0.9047015905380249,0.9978265166282654,0.9397193789482117,0.985170304775238,0.8942687511444092,0.970784604549408,0.8166223764419556,0.3500664532184601,0.9902198314666748,0.9218834042549133,0.9801921248435974,0.8745771050453186
32,0.99847811460495,0.9495250582695007,0.9896989464759827,0.9093509912490845,0.9796218276023865,0.8476797342300415,4.199999966658652e-05,0.34689629077911377,0.989575982093811,0.910126268863678,0.989861011505127,0.9149744510650635,0.9980221390724182,0.9406506419181824,0.9865232706069946,0.8947780728340149,0.9734129905700684,0.8181860446929932,0.34899428486824036,0.9881730675697327,0.9210299849510193,0.984891414642334,0.8826419711112976
33,0.9986220598220825,0.9557527899742126,0.9908340573310852,0.9206714630126953,0.9818406105041504,0.8593239784240723,4.199999966658652e-05,0.3460240960121155,0.9906945824623108,0.9281684756278992,0.9909905791282654,0.9198315143585205,0.9981378316879272,0.9489986300468445,0.987318217754364,0.9106791615486145,0.974962592124939,0.839743435382843,0.34846365451812744,0.9842761158943176,0.9140482544898987,0.9903879761695862,0.910228967666626
34,0.9987354278564453,0.9586150646209717,0.9914669990539551,0.9257636070251465,0.9830872416496277,0.8662624359130859,4.199999966658652e-05,0.3453831374645233,0.9913069009780884,0.9326351881027222,0.9916431307792664,0.9250187873840332,0.9979128837585449,0.9479022026062012,0.9856333136558533,0.9101712703704834,0.9716833233833313,0.8380784392356873,0.3489900231361389,0.9927444458007812,0.8965617418289185,0.9786332845687866,0.9254831671714783
35,0.9985955953598022,0.9566073417663574,0.9907160997390747,0.922498881816864,0.9816134572029114,0.8687357902526855,4.199999966658652e-05,0.34573593735694885,0.9906249046325684,0.9287214875221252,0.9908593893051147,0.923600435256958,0.9980969429016113,0.9500158429145813,0.9870526194572449,0.9129793047904968,0.9744482636451721,0.8445476293563843,0.34822243452072144,0.9873903393745422,0.9141101837158203,0.9867329597473145,0.9196479320526123
36,0.9987041354179382,0.9618132710456848,0.991330087184906,0.9322969317436218,0.9828164577484131,0.8790534734725952,4.199999966658652e-05,0.34515896439552307,0.9912686944007874,0.9334275126457214,0.9914183616638184,0.9385526180267334,0.9981146454811096,0.9463800191879272,0.9871168732643127,0.905643105506897,0.9745701551437378,0.8339685201644897,0.348058819770813,0.9875901937484741,0.8680024147033691,0.9866520166397095,0.9543829560279846
37,0.9988095760345459,0.9620553851127625,0.992084801197052,0.9320259094238281,0.9842987060546875,0.8818129897117615,4.199999966658652e-05,0.3445853292942047,0.9919596314430237,0.9285551309585571,0.9922216534614563,0.9371848106384277,0.998177170753479,0.9514597058296204,0.9876332879066467,0.9152861833572388,0.9755750894546509,0.8469805717468262,0.34750258922576904,0.9873090982437134,0.9190290570259094,0.9879637360572815,0.9139804244041443
38,0.9988862872123718,0.9673500657081604,0.9925583600997925,0.9421414136886597,0.9852317571640015,0.8930516242980957,4.199999966658652e-05,0.34412968158721924,0.99247145652771,0.9441746473312378,0.9926568865776062,0.9431824684143066,0.9981759786605835,0.9512064456939697,0.9876017570495605,0.9148113131523132,0.9755150079727173,0.8467884659767151,0.34771743416786194,0.9855489134788513,0.9217370748519897,0.9896705150604248,0.9104702472686768
39,0.9987474083900452,0.9585223197937012,0.9915807247161865,0.9254641532897949,0.9833090901374817,0.8727649450302124,4.199999966658652e-05,0.34454238414764404,0.9913207292556763,0.9280096292495728,0.9918643832206726,0.9277017116546631,0.9980636835098267,0.9428693652153015,0.9867971539497375,0.8989418148994446,0.9739481210708618,0.8239645957946777,0.34831181168556213,0.983369767665863,0.9185061454772949,0.9902599453926086,0.8844212889671326
40,0.9988349676132202,0.9642991423606873,0.9922264218330383,0.9363713264465332,0.9845784902572632,0.8845329284667969,4.199999966658652e-05,0.34409797191619873,0.99232017993927,0.9368996620178223,0.9921422004699707,0.9390510320663452,0.9980767965316772,0.9491184949874878,0.9869360327720642,0.9113008975982666,0.9742181301116943,0.8424080610275269,0.34785765409469604,0.9853453636169434,0.898604154586792,0.9885404706001282,0.926832914352417
41,0.9987687468528748,0.9616472721099854,0.9917712211608887,0.9315237998962402,0.9836831092834473,0.8788084983825684,4.199999966658652e-05,0.3442618250846863,0.9916602969169617,0.9399362802505493,0.9919126629829407,0.9315670132637024,0.9980273246765137,0.9421084523200989,0.9865333437919617,0.8976836204528809,0.9734349846839905,0.8224601745605469,0.3479848802089691,0.9876086711883545,0.8704790472984314,0.9854806661605835,0.9357149600982666
42,0.998751699924469,0.9568061232566833,0.9916591644287109,0.9219532608985901,0.9834632277488708,0.8727282881736755,4.199999966658652e-05,0.3442681133747101,0.9916927814483643,0.9208084940910339,0.9916481971740723,0.9259650707244873,0.9980911016464233,0.9427235126495361,0.9869682192802429,0.8984789252281189,0.9742805361747742,0.8231056332588196,0.3474675714969635,0.9888545274734497,0.8979131579399109,0.9851056933403015,0.9102361798286438
43,0.9991844892501831,0.9725135564804077,0.9945065975189209,0.9505206942558289,0.9890785217285156,0.9088944792747498,2.099999983329326e-05,0.34246566891670227,0.9942858219146729,0.9524015188217163,0.9947344064712524,0.9524683952331543,0.9984988570213318,0.9593895673751831,0.9897322654724121,0.9290468096733093,0.9796786308288574,0.8700593709945679,0.3457677364349365,0.9878807067871094,0.938496470451355,0.991595447063446,0.9210166335105896
44,0.9993751049041748,0.9792185425758362,0.9958181977272034,0.962618887424469,0.9916732311248779,0.9291554093360901,2.099999983329326e-05,0.34164193272590637,0.9957713484764099,0.9604393243789673,0.9958683848381042,0.9657295346260071,0.9985198974609375,0.9565069675445557,0.9898591041564941,0.9231546521186829,0.979928195476532,0.8627020120620728,0.34550797939300537,0.9893747568130493,0.9125189185142517,0.9903499484062195,0.9396767616271973
45,0.9994655847549438,0.9815317392349243,0.9963845610618591,0.9666783213615417,0.9927980303764343,0.9367789626121521,2.099999983329326e-05,0.3412793278694153,0.9963047504425049,0.9630391001701355,0.9964672923088074,0.9709000587463379,0.9985315203666687,0.9594138264656067,0.9899353981018066,0.9288924932479858,0.9800773859024048,0.8707754611968994,0.3454769551753998,0.9890310168266296,0.9389819502830505,0.9908441305160522,0.9195297360420227
46,0.999508798122406,0.9797710180282593,0.9967079758644104,0.9628344774246216,0.9934386610984802,0.9306885600090027,2.099999983329326e-05,0.34100863337516785,0.9966564774513245,0.9591069221496582,0.9967612624168396,0.9678655862808228,0.9985507130622864,0.9618213176727295,0.9900804758071899,0.933562159538269,0.9803630113601685,0.8786836266517639,0.3453613519668579,0.9897561073303223,0.9267940521240234,0.990409255027771,0.9420100450515747
47,0.9995030760765076,0.9817603230476379,0.9966725707054138,0.966847836971283,0.9933705925941467,0.9367069005966187,2.099999983329326e-05,0.34096577763557434,0.9964985847473145,0.9613204002380371,0.9968507289886475,0.973456859588623,0.9985220432281494,0.9625102281570435,0.9898915886878967,0.9351285696029663,0.9799925088882446,0.880557656288147,0.3454761207103729,0.9886571764945984,0.9273345470428467,0.9911353588104248,0.9442081451416016
48,0.9994827508926392,0.9797121286392212,0.9965556859970093,0.9628684520721436,0.993137001991272,0.9303752183914185,2.099999983329326e-05,0.3409421443939209,0.9965949058532715,0.958894670009613,0.9965190887451172,0.969409704208374,0.9984847903251648,0.9570390582084656,0.9895671010017395,0.9245111346244812,0.9793570637702942,0.864737868309021,0.3456421196460724,0.9906070232391357,0.9170728325843811,0.9885352253913879,0.9362310171127319
49,0.9995239973068237,0.9802500009536743,0.9967890977859497,0.9637105464935303,0.9935998320579529,0.9323093891143799,2.099999983329326e-05,0.3407260477542877,0.9966654181480408,0.9647727012634277,0.9969155192375183,0.9638838768005371,0.9985244870185852,0.9591648578643799,0.9898766279220581,0.9284531474113464,0.9799644947052002,0.8701136112213135,0.34539997577667236,0.9894262552261353,0.9209279417991638,0.9903321862220764,0.939629077911377
50,0.9995258450508118,0.9799711108207703,0.9967957139015198,0.9631461501121521,0.993614673614502,0.9321147799491882,2.099999983329326e-05,0.3406388759613037,0.9967325329780579,0.9658098816871643,0.9968608617782593,0.9644153714179993,0.9985030889511108,0.9630159139633179,0.989716112613678,0.9363155364990234,0.9796496629714966,0.8830910325050354,0.34579455852508545,0.9902663230895996,0.9397863745689392,0.9891729950904846,0.9361426830291748
51,0.999437689781189,0.981565535068512,0.996214747428894,0.9669163227081299,0.9924618601799011,0.9375929832458496,2.099999983329326e-05,0.3409428298473358,0.9962189197540283,0.9644460082054138,0.9962155222892761,0.970040500164032,0.998423159122467,0.9555380344390869,0.9891554117202759,0.9219208359718323,0.9785516262054443,0.8614123463630676,0.34605053067207336,0.9890163540840149,0.9033265113830566,0.989301323890686,0.946361780166626
52,0.9994326829910278,0.9766588807106018,0.9961837530136108,0.9571341872215271,0.9924002885818481,0.9229854345321655,2.099999983329326e-05,0.34090563654899597,0.9961198568344116,0.9584094285964966,0.9962518215179443,0.9611355066299438,0.9984719753265381,0.9571654796600342,0.9895804524421692,0.924750804901123,0.9793826937675476,0.8640114665031433,0.3458341956138611,0.9902117848396301,0.932628333568573,0.9889570474624634,0.9192058444023132
53,0.999439001083374,0.9744068384170532,0.9962435364723206,0.9525704979896545,0.992519199848175,0.9196595549583435,2.099999983329326e-05,0.34082871675491333,0.9961049556732178,0.9525402188301086,0.9963858127593994,0.9538310766220093,0.9984487891197205,0.9592952728271484,0.9893552660942078,0.9292351007461548,0.9789425730705261,0.8700813055038452,0.34604737162590027,0.9902136325836182,0.9277300238609314,0.9885045886039734,0.9327123761177063
54,0.9994695782661438,0.9802204370498657,0.9964231252670288,0.964017391204834,0.9928741455078125,0.9320362210273743,2.099999983329326e-05,0.34066808223724365,0.9964025020599365,0.9673215746879578,0.9964475035667419,0.9628939032554626,0.9984661936759949,0.9588178396224976,0.9894860982894897,0.9281496405601501,0.9791973233222961,0.8710891604423523,0.34568727016448975,0.9881131052970886,0.9151017069816589,0.9908702969551086,0.94573575258255
55,0.9994962811470032,0.9831364154815674,0.9966089725494385,0.9696633219718933,0.9932428598403931,0.9420664310455322,2.099999983329326e-05,0.34050890803337097,0.9965659976005554,0.9671180844306946,0.9966545701026917,0.9736071825027466,0.9984680414199829,0.9583801031112671,0.9894559383392334,0.9273043274879456,0.9791407585144043,0.8681684136390686,0.3456812798976898,0.9891166090965271,0.9260112643241882,0.9898022413253784,0.9314067363739014
56,0.9996370077133179,0.9794270396232605,0.997589647769928,0.9612641334533691,0.9951930046081543,0.937661349773407,1.049999991664663e-05,0.3399301767349243,0.9975493550300598,0.9632339477539062,0.9976319670677185,0.9636270999908447,0.9985592365264893,0.9629846811294556,0.9900926947593689,0.9358767867088318,0.9803867340087891,0.8821819424629211,0.34518706798553467,0.9900667667388916,0.9305213093757629,0.9901255965232849,0.9423615336418152
57,0.9997484683990479,0.9898926019668579,0.9983074069023132,0.9814775586128235,0.9966213703155518,0.964130699634552,1.049999991664663e-05,0.3395322859287262,0.9982996582984924,0.9782955050468445,0.9983161091804504,0.9849444031715393,0.9985885620117188,0.9608137011528015,0.9902915358543396,0.9313358068466187,0.9807765483856201,0.875644862651825,0.34509071707725525,0.9899821281433105,0.9333060383796692,0.990607738494873,0.9315261244773865
58,0.999782383441925,0.9905773401260376,0.9985455274581909,0.9826090931892395,0.9970964193344116,0.9661821126937866,1.049999991664663e-05,0.33936750888824463,0.9985114336013794,0.9790540337562561,0.9985803961753845,0.9864820241928101,0.9985934495925903,0.9634850025177002,0.9903349280357361,0.9366352558135986,0.9808619618415833,0.8841689229011536,0.34511256217956543,0.9897130727767944,0.9265655279159546,0.9909626245498657,0.9487406015396118
59,0.9997798204421997,0.9831151366233826,0.998507022857666,0.96772301197052,0.9970195889472961,0.9483020901679993,1.049999991664663e-05,0.3393279016017914,0.998473584651947,0.9663001298904419,0.9985411763191223,0.971276044845581,0.9985833764076233,0.9617047905921936,0.9902681708335876,0.9331413507461548,0.9807306528091431,0.8786888718605042,0.3451700508594513,0.9905855655670166,0.9205489158630371,0.9899564981460571,0.9486004114151001
60,0.9997984170913696,0.9912645816802979,0.9986351132392883,0.9838943481445312,0.9972749352455139,0.9686154127120972,1.049999991664663e-05,0.3392156660556793,0.9986224174499512,0.9837884306907654,0.9986484050750732,0.9843913316726685,0.9985910058021545,0.9628299474716187,0.9903268218040466,0.9353330731391907,0.9808458089828491,0.8818035125732422,0.34521523118019104,0.9899892210960388,0.9307600259780884,0.9906701445579529,0.9418390393257141
61,0.9998051524162292,0.9862837791442871,0.9987046122550964,0.9738628268241882,0.9974133372306824,0.9587077498435974,1.049999991664663e-05,0.33915507793426514,0.9986891150474548,0.9713859558105469,0.9987204670906067,0.9769336581230164,0.9985958933830261,0.9631191492080688,0.9903580546379089,0.9358801245689392,0.98090660572052,0.8830928802490234,0.3452044725418091,0.9900294542312622,0.9304880499839783,0.9906921982765198,0.9440830945968628
62,0.9998023509979248,0.989213228225708,0.9986774921417236,0.9797489047050476,0.9973591566085815,0.9615036845207214,1.049999991664663e-05,0.33914080262184143,0.9986657500267029,0.9758104681968689,0.998689591884613,0.9844875931739807,0.9985665678977966,0.9613175392150879,0.9901434183120728,0.9324915409088135,0.9804863929748535,0.877220869064331,0.34536051750183105,0.9905316233634949,0.9193924069404602,0.9897624254226685,0.9485628008842468
63,0.9998073577880859,0.9859962463378906,0.9986873865127563,0.9733052253723145,0.9973793625831604,0.9576674699783325,1.049999991664663e-05,0.3390745520591736,0.9986493587493896,0.9707225561141968,0.9987256526947021,0.9764594435691833,0.9985775947570801,0.9588631987571716,0.9902148246765137,0.9275119304656982,0.9806273579597473,0.8706830739974976,0.34541717171669006,0.9901235103607178,0.9067099690437317,0.9903111457824707,0.9536832571029663
64,0.9998435974121094,0.9934394359588623,0.9989544153213501,0.9879245162010193,0.9979122877120972,0.9762939214706421,5.249999958323315e-06,0.3389337956905365,0.9989650249481201,0.9848766326904297,0.9989445209503174,0.9911758303642273,0.9985864162445068,0.9613916873931885,0.9902644157409668,0.9325190782546997,0.9807238578796387,0.878783106803894,0.34532153606414795,0.990549623966217,0.9234578609466553,0.9899854063987732,0.9457026720046997
65,0.9998754858970642,0.993401288986206,0.9991647601127625,0.9876371622085571,0.9983317852020264,0.9759243726730347,5.249999958323315e-06,0.33879971504211426,0.9991540312767029,0.9847360253334045,0.9991759657859802,0.9907740950584412,0.9986013770103455,0.9616488814353943,0.9903945326805115,0.9329030513763428,0.9809786081314087,0.8788952827453613,0.34533926844596863,0.9902408123016357,0.9209687113761902,0.9905542731285095,0.9484337568283081
66,0.9998754262924194,0.9885023236274719,0.9991819858551025,0.9778227806091309,0.998366117477417,0.9661884307861328,5.249999958323315e-06,0.3387722074985504,0.9991899132728577,0.9758392572402954,0.9991744756698608,0.980053186416626,0.9985992312431335,0.9605432152748108,0.990368664264679,0.9307178258895874,0.9809284210205078,0.875710666179657,0.34530648589134216,0.9900344610214233,0.9195637702941895,0.9907089471817017,0.9460973143577576
67,0.9998800158500671,0.9882048964500427,0.9992030262947083,0.9772064685821533,0.9984079599380493,0.9652513265609741,5.249999958323315e-06,0.33873704075813293,0.9991958141326904,0.9770689606666565,0.9992108345031738,0.9777071475982666,0.998598039150238,0.9614183306694031,0.9903612732887268,0.9324752688407898,0.9809136986732483,0.8780871629714966,0.34538203477859497,0.9907610416412354,0.9223030209541321,0.9899681210517883,0.9461811184883118
68,0.9998863339424133,0.9941961765289307,0.9992363452911377,0.9891560077667236,0.9984744191169739,0.9789652824401855,5.249999958323315e-06,0.33868300914764404,0.9992087483406067,0.9863384962081909,0.9992643594741821,0.9923180937767029,0.9985901117324829,0.9613707661628723,0.9903007745742798,0.9324406981468201,0.980795681476593,0.8787484169006348,0.3453604578971863,0.9901589751243591,0.921438992023468,0.9904483556747437,0.9476789236068726
69,0.9999037981033325,0.993021547794342,0.9993581175804138,0.986685037612915,0.9987168908119202,0.9751567840576172,2.6249999791616574e-06,0.3386091887950897,0.9993555545806885,0.9841638803482056,0.9993604421615601,0.9895689487457275,0.9985949993133545,0.9610980749130249,0.9903345704078674,0.931861400604248,0.980861485004425,0.8773065805435181,0.34534716606140137,0.9902278780937195,0.9221168756484985,0.9904477000236511,0.9452193379402161
70,0.9999157190322876,0.9959253668785095,0.9994387030601501,0.9924123883247375,0.9988783001899719,0.9850265979766846,2.6249999791616574e-06,0.3385581970214844,0.9994314312934875,0.9904522895812988,0.9994458556175232,0.9944382309913635,0.9986041188240051,0.962211549282074,0.9903968572616577,0.9340258836746216,0.9809833765029907,0.8804855942726135,0.34536129236221313,0.9904897809028625,0.923778772354126,0.9903096556663513,0.9472090005874634
0,0.8932036757469177,0.39273518323898315,0.7830280065536499,0.002442378783598542,0.6650787591934204,0.0012305827112868428,4.199999966658652e-05,0.9936420321464539,0.7454625964164734,0.008199874311685562,0.8483309149742126,0.051173850893974304,0.5191177129745483,0.11643418669700623,0.23286837339401245,3.156621852795638e-09,0.13219639658927917,3.156621852795638e-09,2.277845859527588,0.13302849233150482,0.0,0.9575908184051514,0.0
1,0.9860373139381409,0.4971309304237366,0.9089200496673584,0.08534165471792221,0.8341100215911865,0.05316298082470894,4.199999966658652e-05,0.5095359683036804,0.8981762528419495,0.31087204813957214,0.9236704111099243,0.05508384853601456,0.8385635614395142,0.1499711126089096,0.29994210600852966,1.3226724604464835e-07,0.17729021608829498,1.3226724604464835e-07,1.4763305187225342,0.22104966640472412,0.0,0.4763339161872864,0.0
2,0.9895856976509094,0.6849603056907654,0.931978166103363,0.4379425048828125,0.8729932904243469,0.31648972630500793,4.199999966658652e-05,0.4592325985431671,0.9261623620986938,0.6683661937713623,0.9405179619789124,0.35555198788642883,0.8861004710197449,0.2377764731645584,0.47555282711982727,1.3226724604464835e-07,0.31322312355041504,1.3226724604464835e-07,1.0703576803207397,0.35995447635650635,0.0,0.7130271196365356,0.0
3,0.991657018661499,0.7555858492851257,0.9451128244400024,0.5660587549209595,0.8963025808334351,0.4344819188117981,4.199999966658652e-05,0.43339070677757263,0.9408146142959595,0.719658374786377,0.9509005546569824,0.5015145540237427,0.937308669090271,0.16031096875667572,0.3206218481063843,1.3226724604464835e-07,0.19677817821502686,1.3226724604464835e-07,0.735388994216919,0.8075098395347595,0.0,0.2047293484210968,0.0
4,0.9918642640113831,0.7842461466789246,0.9466723799705505,0.6218204498291016,0.8991642594337463,0.488881379365921,4.199999966658652e-05,0.42254146933555603,0.9441158771514893,0.7449089884757996,0.9514232873916626,0.5673666000366211,0.9617224335670471,0.3493098020553589,0.6834436058998108,0.015176046639680862,0.5225889086723328,0.009154384955763817,0.5816149711608887,0.8815950155258179,0.0799998939037323,0.561129629611969,0.009154253639280796
5,0.9941462874412537,0.8215635418891907,0.9611675143241882,0.681959867477417,0.9253888726234436,0.5500006675720215,4.199999966658652e-05,0.40348348021507263,0.9578432440757751,0.7755661010742188,0.9652475118637085,0.6410999894142151,0.9875433444976807,0.6618205308914185,0.9137793779373169,0.40986156463623047,0.8416740298271179,0.2901206910610199,0.4493935704231262,0.9263449907302856,0.7164223194122314,0.9020767211914062,0.313937246799469
6,0.9946792125701904,0.8412163257598877,0.9650464057922363,0.7173861861228943,0.9325553774833679,0.5914082527160645,4.199999966658652e-05,0.3953365981578827,0.9621806144714355,0.8056373596191406,0.9686117768287659,0.6751085519790649,0.9933703541755676,0.798575758934021,0.954578161239624,0.6425731778144836,0.9132027626037598,0.5205160975456238,0.40551167726516724,0.981116771697998,0.7855989933013916,0.929523229598999,0.5608136653900146
7,0.9951025247573853,0.8619303107261658,0.9676860570907593,0.7561743855476379,0.93748939037323,0.6316378116607666,4.199999966658652e-05,0.38906168937683105,0.9649443626403809,0.8252557516098022,0.9710171222686768,0.7172914147377014,0.9949429035186768,0.8424439430236816,0.9655444622039795,0.7193434238433838,0.9334477186203003,0.5902916789054871,0.39054569602012634,0.9750968217849731,0.66546630859375,0.9563823938369751,0.8132225275039673
8,0.9952379465103149,0.8624386787414551,0.9682048559188843,0.7566719651222229,0.9385002851486206,0.6330859661102295,4.199999966658652e-05,0.38567501306533813,0.9663072228431702,0.8269468545913696,0.9707627296447754,0.7243478894233704,0.9954443573951721,0.8554292321205139,0.9690856337547302,0.7417728304862976,0.9400697946548462,0.6281041502952576,0.38343170285224915,0.9821306467056274,0.8719220161437988,0.9564266800880432,0.6971374750137329
9,0.9959580898284912,0.8814948201179504,0.9731921553611755,0.7897975444793701,0.947849452495575,0.6760362386703491,4.199999966658652e-05,0.37948551774024963,0.9711812734603882,0.8422412872314453,0.9755222201347351,0.7632136344909668,0.9953442215919495,0.8744967579841614,0.9681133031845093,0.7808799743652344,0.938260018825531,0.6579031348228455,0.3811831772327423,0.9862584471702576,0.7524632811546326,0.9506852030754089,0.8300631642341614
10,0.9961743950843811,0.8808267116546631,0.9745786190032959,0.7870742678642273,0.9504939913749695,0.668971836566925,4.199999966658652e-05,0.3762231171131134,0.9733039736747742,0.8365007638931274,0.9761329889297485,0.769206166267395,0.9961330890655518,0.8689997792243958,0.9743440747261047,0.7636555433273315,0.9499955773353577,0.642600953578949,0.3754805624485016,0.9604641795158386,0.9022396802902222,0.9886570572853088,0.6897310018539429
11,0.9965046048164368,0.8837056159973145,0.9768309593200684,0.7905802130699158,0.9547668695449829,0.6818903088569641,4.199999966658652e-05,0.37232887744903564,0.9750336408615112,0.8381423354148865,0.9789158701896667,0.7635253667831421,0.9961108565330505,0.8892179131507874,0.9734319448471069,0.805003821849823,0.9482876658439636,0.6935253143310547,0.37355518341064453,0.9885982275009155,0.795734167098999,0.958802342414856,0.8473399877548218
12,0.996799111366272,0.9015333652496338,0.9788426160812378,0.8242236971855164,0.9586014747619629,0.7155968546867371,4.199999966658652e-05,0.36917054653167725,0.9774656891822815,0.8675908446311951,0.9804290533065796,0.8051744699478149,0.9968231320381165,0.8820043802261353,0.9784300327301025,0.7855785489082336,0.9577957391738892,0.6743289232254028,0.3691226840019226,0.9863597750663757,0.7655767798423767,0.9706717133522034,0.8564715385437012
13,0.9967962503433228,0.8960318565368652,0.9785935282707214,0.813469648361206,0.9581454992294312,0.708936333656311,4.199999966658652e-05,0.36776378750801086,0.9778231978416443,0.8365226984024048,0.9795902967453003,0.8026695847511292,0.9965389966964722,0.9056895971298218,0.9763976335525513,0.8349816799163818,0.9538971185684204,0.7343989610671997,0.367943674325943,0.989238977432251,0.8230358958244324,0.9639165997505188,0.8541809320449829
14,0.9969992637634277,0.9005261063575745,0.9800771474838257,0.8209754228591919,0.9609711170196533,0.7222427129745483,4.199999966658652e-05,0.3654172420501709,0.9790927171707153,0.8431280255317688,0.9812265038490295,0.8076256513595581,0.9956439137458801,0.884538471698761,0.9700968861579895,0.7989799976348877,0.9419651031494141,0.6793866753578186,0.3707491159439087,0.9933896064758301,0.7546449899673462,0.9479198455810547,0.8712781667709351
15,0.9971384406089783,0.8988456130027771,0.981203019618988,0.81648850440979,0.9631314277648926,0.7125192880630493,4.199999966658652e-05,0.36365631222724915,0.9804796576499939,0.8533608913421631,0.9820343852043152,0.8073766827583313,0.9971499443054199,0.8817569613456726,0.9809597730636597,0.7825546264648438,0.962645411491394,0.6743055582046509,0.3633047044277191,0.9807787537574768,0.9149696826934814,0.9811610579490662,0.7111252546310425
16,0.9973684549331665,0.904268205165863,0.9825952053070068,0.825940728187561,0.9658088088035583,0.7336591482162476,4.199999966658652e-05,0.3614729344844818,0.9820374846458435,0.8437911868095398,0.9832629561424255,0.8178433179855347,0.9971676468849182,0.9221987128257751,0.9809345006942749,0.8634629845619202,0.9625976085662842,0.7685848474502563,0.36179837584495544,0.9860515594482422,0.8992303609848022,0.9758992791175842,0.8377178311347961
17,0.9974667429924011,0.9239594340324402,0.9833280444145203,0.864591121673584,0.9672245979309082,0.7706712484359741,4.199999966658652e-05,0.3599900007247925,0.9829698204994202,0.8826061487197876,0.9838013648986816,0.8542278409004211,0.9970098733901978,0.8964285850524902,0.9800073504447937,0.8128498792648315,0.9608215093612671,0.7160619497299194,0.3615347146987915,0.9694867134094238,0.8471561670303345,0.990800142288208,0.7949973940849304
18,0.9975476264953613,0.9130882024765015,0.9839060306549072,0.8422710299491882,0.9683472514152527,0.7539449334144592,4.199999966658652e-05,0.35890820622444153,0.9831311702728271,0.8690671324729919,0.984779953956604,0.828918993473053,0.9971994161605835,0.9133681654930115,0.981120765209198,0.8456153273582458,0.962963342666626,0.7409349083900452,0.36031290888786316,0.9898515939712524,0.7939079403877258,0.9725685119628906,0.9092901349067688
19,0.9977409839630127,0.9257458448410034,0.9852499961853027,0.8662418127059937,0.9709452986717224,0.7755749225616455,4.199999966658652e-05,0.35706210136413574,0.9850599765777588,0.8817212581634521,0.9855013489723206,0.8612231612205505,0.9975836277008057,0.9256999492645264,0.9837497472763062,0.8676502108573914,0.9680299162864685,0.7771448493003845,0.3575548231601715,0.9822086095809937,0.8871254920959473,0.9853201508522034,0.8579416871070862
20,0.9977651238441467,0.9183223247528076,0.9853368997573853,0.8513074517250061,0.9711175560951233,0.7623331546783447,4.199999966658652e-05,0.3562711477279663,0.9850550889968872,0.8633863925933838,0.9856774806976318,0.8496708869934082,0.9975927472114563,0.9241697192192078,0.9836767315864563,0.8646625280380249,0.9678944945335388,0.7728347778320312,0.35653766989707947,0.9878769516944885,0.8747785091400146,0.979526162147522,0.8664577007293701
21,0.997825026512146,0.9310941100120544,0.9855294823646545,0.8766588568687439,0.9714924693107605,0.7974492907524109,4.199999966658652e-05,0.35521599650382996,0.9850115180015564,0.8855850696563721,0.9861322045326233,0.8733841776847839,0.9974667429924011,0.9139229655265808,0.9828803539276123,0.8449655771255493,0.9663514494895935,0.7444830536842346,0.35663697123527527,0.9887134432792664,0.9250836968421936,0.9771296977996826,0.788161039352417
22,0.9979650974273682,0.9218806624412537,0.9864728450775146,0.8572883009910583,0.9733254909515381,0.7745127081871033,4.199999966658652e-05,0.3542529046535492,0.986115574836731,0.8699450492858887,0.9868872165679932,0.855509877204895,0.9973272681236267,0.9204151630401611,0.9818398356437683,0.8589903116226196,0.9643522500991821,0.767574667930603,0.3573506474494934,0.9905430674552917,0.9034721851348877,0.97332763671875,0.8351048231124878
23,0.9977579712867737,0.9328232407569885,0.9849682450294495,0.8806782364845276,0.9704199433326721,0.7981818914413452,4.199999966658652e-05,0.3546316921710968,0.9846088290214539,0.9015676975250244,0.9854674339294434,0.8694082498550415,0.997524082660675,0.9284241199493408,0.9831170439720154,0.8737313747406006,0.9668112993240356,0.786410927772522,0.3554607331752777,0.9876907467842102,0.8938271999359131,0.9786271452903748,0.8663145303726196
24,0.9981424808502197,0.941977858543396,0.9874675869941711,0.8964878916740417,0.975260853767395,0.8227019309997559,4.199999966658652e-05,0.35234424471855164,0.987216591835022,0.9008802771568298,0.9877626299858093,0.8961127996444702,0.9977468848228455,0.9312992691993713,0.984801173210144,0.8777973651885986,0.9700713157653809,0.7929123640060425,0.35394489765167236,0.9882121086120605,0.8671686053276062,0.9814395308494568,0.9008521437644958
25,0.9980855584144592,0.937518835067749,0.9871324300765991,0.8879051208496094,0.9746127128601074,0.8127915263175964,4.199999966658652e-05,0.3522394299507141,0.9868486523628235,0.895941972732544,0.98746657371521,0.8866174817085266,0.9979199171066284,0.9375743269920349,0.985954761505127,0.8891937136650085,0.9723079800605774,0.8082475066184998,0.3529522716999054,0.985150933265686,0.9027060866355896,0.9867720603942871,0.8864227533340454
26,0.9982483386993408,0.9379400014877319,0.9883906841278076,0.8874887228012085,0.9770560264587402,0.8126498460769653,4.199999966658652e-05,0.3508852422237396,0.9881778955459595,0.8927298188209534,0.9886343479156494,0.8879663944244385,0.9975820779800415,0.9095718264579773,0.9836995005607605,0.8354442715644836,0.9679352641105652,0.7273916006088257,0.3538573086261749,0.9758669137954712,0.9267401695251465,0.9916815161705017,0.7750259637832642
27,0.9981967210769653,0.9382913112640381,0.9878933429718018,0.8886892795562744,0.9760923981666565,0.8145507574081421,4.199999966658652e-05,0.35074469447135925,0.9876812100410461,0.8954941630363464,0.9881494641304016,0.8876314759254456,0.9977993965148926,0.9383711814880371,0.9851785898208618,0.8915637731552124,0.9708009958267212,0.8102048635482788,0.35255661606788635,0.9868776798248291,0.9011965990066528,0.983502209186554,0.8845897912979126
28,0.9982632398605347,0.9375277757644653,0.9884423017501831,0.886613130569458,0.9771634936332703,0.8126645088195801,4.199999966658652e-05,0.35018861293792725,0.9882907867431641,0.9062789678573608,0.9886398315429688,0.8807185888290405,0.9979327321052551,0.9325405955314636,0.9859978556632996,0.8790832757949829,0.972395658493042,0.7996430993080139,0.3517282009124756,0.9830869436264038,0.9096648693084717,0.9889407157897949,0.8586013317108154
29,0.9979970455169678,0.9271535277366638,0.9868042469024658,0.8675031065940857,0.9739842414855957,0.7864008545875549,4.199999966658652e-05,0.3511022627353668,0.9867410063743591,0.8787639141082764,0.9869450926780701,0.8679845929145813,0.9977242946624756,0.9295779466629028,0.9845439195632935,0.8746120929718018,0.9695709347724915,0.784903883934021,0.3524693548679352,0.9808564782142639,0.9054170250892639,0.9882768392562866,0.854973554611206
30,0.9984275698661804,0.9454553127288818,0.9895840287208557,0.9013263583183289,0.979393720626831,0.8334134817123413,4.199999966658652e-05,0.3487643897533417,0.9894511699676514,0.9022951722145081,0.9897392988204956,0.9060715436935425,0.9979315400123596,0.9261996746063232,0.9859941005706787,0.8664052486419678,0.9723870754241943,0.7726144194602966,0.3512921631336212,0.9844467043876648,0.9324833750724792,0.9875618815422058,0.8123495578765869
31,0.9984556436538696,0.953665018081665,0.9897472262382507,0.917582631111145,0.9797134399414062,0.8525110483169556,4.199999966658652e-05,0.34831345081329346,0.9897036552429199,0.9225283265113831,0.9898216724395752,0.9165197610855103,0.9980642795562744,0.939913272857666,0.9868956804275513,0.8929309248924255,0.9741401672363281,0.8131735920906067,0.3501584231853485,0.9849414825439453,0.9114487171173096,0.9888635873794556,0.882964015007019
32,0.9985820651054382,0.9568203091621399,0.9906730651855469,0.9229679107666016,0.9815265536308289,0.8611514568328857,4.199999966658652e-05,0.3475148677825928,0.9904940724372864,0.9268040657043457,0.9908674359321594,0.9229753613471985,0.9980642795562744,0.9378409385681152,0.9868517518043518,0.8888303637504578,0.9740550518035889,0.8111856579780579,0.3497825562953949,0.9883033633232117,0.8964032530784607,0.9854183793067932,0.8926028609275818
33,0.99854576587677,0.9591729640960693,0.9902887940406799,0.9280572533607483,0.9807760119438171,0.8683179616928101,4.199999966658652e-05,0.34744203090667725,0.9901058673858643,0.9293351173400879,0.9905000329017639,0.9287044405937195,0.9979318380355835,0.9401910901069641,0.9860641360282898,0.8943179845809937,0.9725215435028076,0.8158214092254639,0.3501875400543213,0.9843595027923584,0.9037923216819763,0.9877873063087463,0.8948171138763428
34,0.9986475110054016,0.9421462416648865,0.9910818338394165,0.8932098150253296,0.982327938079834,0.8324541449546814,4.199999966658652e-05,0.346731960773468,0.9908670783042908,0.8935915231704712,0.9913114905357361,0.8986273407936096,0.9980242848396301,0.9374681711196899,0.9865232706069946,0.8884129524230957,0.9734166860580444,0.806958019733429,0.3498273193836212,0.9904984831809998,0.8412017822265625,0.982595682144165,0.9512432217597961
35,0.9985167980194092,0.9525114297866821,0.9900891184806824,0.9149342179298401,0.9803842306137085,0.8489500284194946,4.199999966658652e-05,0.3470957279205322,0.9901193976402283,0.9262970089912415,0.990098774433136,0.9106809496879578,0.9977975487709045,0.9315832257270813,0.9849300384521484,0.8782364130020142,0.9703211188316345,0.7960631847381592,0.3504701256752014,0.9925280809402466,0.846403956413269,0.9774646759033203,0.9265234470367432
36,0.9986263513565063,0.9568172693252563,0.9908501505851746,0.9227844476699829,0.9818745255470276,0.867473840713501,4.199999966658652e-05,0.3464495837688446,0.9907296895980835,0.9271706342697144,0.9909912943840027,0.9219410419464111,0.9981979131698608,0.947052001953125,0.9876986145973206,0.9064055681228638,0.9757052659988403,0.8348071575164795,0.3485182225704193,0.9872433543205261,0.9253473877906799,0.9881648421287537,0.8915923237800598
37,0.9987484812736511,0.9540353417396545,0.9916984438896179,0.9163724780082703,0.9835407733917236,0.8571346998214722,4.199999966658652e-05,0.3456759750843048,0.9916161298751831,0.9170039892196655,0.9917985796928406,0.919731080532074,0.9981970191001892,0.9456266760826111,0.9877782464027405,0.903475284576416,0.9758603572845459,0.8314350247383118,0.34822317957878113,0.9876044988632202,0.9018328189849854,0.987959086894989,0.9109426140785217
38,0.9988119006156921,0.9620280265808105,0.9921014308929443,0.9319552779197693,0.9843317270278931,0.8774632811546326,4.199999966658652e-05,0.3452658951282501,0.9919793009757996,0.937613308429718,0.9922397136688232,0.9337229132652283,0.9981850981712341,0.9418503642082214,0.9876201748847961,0.8960803747177124,0.9755540490150452,0.820854663848877,0.34838321805000305,0.9884805083274841,0.8813865184783936,0.9867689609527588,0.9203022122383118
39,0.9987666606903076,0.9555562734603882,0.991852879524231,0.9192595481872559,0.9838449954986572,0.8621722459793091,4.199999966658652e-05,0.3452480435371399,0.9916766285896301,0.9189397692680359,0.9920493960380554,0.9242734313011169,0.9980444312095642,0.9456364512443542,0.9866760969161987,0.9045969247817993,0.9737094640731812,0.8328344821929932,0.34855392575263977,0.9895043969154358,0.9241321086883545,0.9838752746582031,0.8903450965881348
40,0.9988754987716675,0.9673798084259033,0.9925962090492249,0.9421632289886475,0.9853046536445618,0.892333447933197,4.199999966658652e-05,0.3446793854236603,0.9925824999809265,0.9437079429626465,0.9926218390464783,0.9431397318840027,0.9981381297111511,0.9465509653091431,0.9873284101486206,0.9057733416557312,0.9749821424484253,0.8341178894042969,0.34816738963127136,0.9894378185272217,0.8823474049568176,0.9852352738380432,0.9339288473129272
41,0.9987983703613281,0.9668216109275818,0.9919480085372925,0.9416956305503845,0.9840338230133057,0.8913695812225342,4.199999966658652e-05,0.3447923958301544,0.9918084144592285,0.9386070370674133,0.9921084642410278,0.9471695423126221,0.9981341361999512,0.942370593547821,0.9872201681137085,0.8975212574005127,0.9747738838195801,0.8222155570983887,0.3482624292373657,0.9870443940162659,0.914844810962677,0.9874120950698853,0.8913486003875732
42,0.9992011189460754,0.9719029068946838,0.9946631789207458,0.9491427540779114,0.9893892407417297,0.9071682095527649,2.099999983329326e-05,0.3431602716445923,0.9945724010467529,0.9498298168182373,0.9947618842124939,0.9532127380371094,0.9985131621360779,0.9563153982162476,0.9898520112037659,0.9227787852287292,0.9799151420593262,0.8616691827774048,0.3462897539138794,0.9887576103210449,0.9352489709854126,0.9909531474113464,0.9137794971466064
43,0.9993741512298584,0.9710389971733093,0.9958480000495911,0.9462307691574097,0.9917332530021667,0.909137487411499,2.099999983329326e-05,0.34239619970321655,0.995781421661377,0.9430108070373535,0.9959191083908081,0.9528926014900208,0.9984915256500244,0.957599401473999,0.9897066354751587,0.9254924058914185,0.9796295166015625,0.8667469024658203,0.3462928831577301,0.991007924079895,0.922173261642456,0.9884166717529297,0.9319344162940979
44,0.9994378685951233,0.9742419719696045,0.9963260889053345,0.9521576166152954,0.9926810264587402,0.9184257984161377,2.099999983329326e-05,0.34204864501953125,0.9962368607521057,0.948615312576294,0.9964180588722229,0.9563683867454529,0.9985412359237671,0.9561879634857178,0.9900696277618408,0.9223065972328186,0.9803408980369568,0.8627969622612,0.3460923433303833,0.9904678463935852,0.9274042248725891,0.989678144454956,0.9200686812400818
45,0.9994717240333557,0.9739664196968079,0.9965073466300964,0.9514254927635193,0.9930404424667358,0.9180474281311035,2.099999983329326e-05,0.3418114185333252,0.9964191913604736,0.9533754587173462,0.9965978264808655,0.9519513845443726,0.9985461235046387,0.9583659172058105,0.9900738596916199,0.9266581535339355,0.9803491234779358,0.8675267696380615,0.3459649980068207,0.9889553785324097,0.9274330735206604,0.9912006258964539,0.9290212988853455
46,0.9994651675224304,0.9796042442321777,0.9964728355407715,0.9627357721328735,0.9929717779159546,0.929913341999054,2.099999983329326e-05,0.34172236919403076,0.9963998198509216,0.9599315524101257,0.9965488314628601,0.9663889408111572,0.9985223412513733,0.9555985927581787,0.9899261593818665,0.9212709665298462,0.9800605773925781,0.8604670763015747,0.3461453914642334,0.9907144904136658,0.9231807589530945,0.9891449213027954,0.9225752353668213
47,0.9994972944259644,0.980815052986145,0.9967046976089478,0.9649247527122498,0.9934329986572266,0.9345324039459229,2.099999983329326e-05,0.34155237674713135,0.9966568946838379,0.9621446132659912,0.9967553615570068,0.9681233763694763,0.9985204935073853,0.9564751386642456,0.9898499846458435,0.9231002926826477,0.979911744594574,0.8637347221374512,0.3460913598537445,0.9907541871070862,0.8990671038627625,0.9889553189277649,0.9553207159042358
48,0.9995044469833374,0.9784082174301147,0.9966747164726257,0.960142195224762,0.9933744072914124,0.9326326251029968,2.099999983329326e-05,0.3414210379123688,0.9966034889221191,0.9537352919578552,0.9967479109764099,0.9673892259597778,0.9985177516937256,0.9586275219917297,0.9898356795310974,0.9274197220802307,0.9798827171325684,0.8681700229644775,0.3461145758628845,0.9885416626930237,0.9536821246147156,0.9911395907402039,0.9032688736915588
49,0.9995332956314087,0.9751297831535339,0.9969133138656616,0.953346848487854,0.9938473701477051,0.9216625094413757,2.099999983329326e-05,0.3412317931652069,0.9967710971832275,0.9500153064727783,0.9970575571060181,0.9574750661849976,0.9985021948814392,0.953159511089325,0.9897627830505371,0.9165560007095337,0.9797409176826477,0.8544788360595703,0.3461889624595642,0.9889286160469055,0.9012982845306396,0.9906070232391357,0.9384750127792358
50,0.9995049834251404,0.9766595363616943,0.9966729879379272,0.9566466808319092,0.9933698773384094,0.9221822619438171,2.099999983329326e-05,0.34126392006874084,0.9965593218803406,0.9573127031326294,0.9967899322509766,0.9615804553031921,0.9984771609306335,0.9572402238845825,0.9895628094673157,0.9249176979064941,0.9793481230735779,0.865929365158081,0.34640106558799744,0.9913615584373474,0.9292755722999573,0.9877777099609375,0.9242643117904663
51,0.9994614124298096,0.974810779094696,0.9964321851730347,0.953189492225647,0.9928926825523376,0.9220883250236511,2.099999983329326e-05,0.34135568141937256,0.9964315295219421,0.9537238478660583,0.9964359998703003,0.9541579484939575,0.998475968837738,0.9567321538925171,0.9895616769790649,0.9239024519920349,0.9793474674224854,0.8636616468429565,0.3463467061519623,0.9917532205581665,0.9040854573249817,0.9873871803283691,0.9495382905006409
52,0.9994980692863464,0.9673486948013306,0.9966485500335693,0.9380490183830261,0.9933213591575623,0.9101535677909851,2.099999983329326e-05,0.34111228585243225,0.9965532422065735,0.9374473094940186,0.9967464208602905,0.9411861300468445,0.9984725713729858,0.9556443095207214,0.9895763397216797,0.9217122793197632,0.9793742299079895,0.8609566688537598,0.3463400602340698,0.991535484790802,0.9156825542449951,0.9876316785812378,0.9315088391304016
53,0.9994627237319946,0.9783377647399902,0.9964711666107178,0.9602043032646179,0.9929694533348083,0.9253240823745728,2.099999983329326e-05,0.3412000238895416,0.9964843988418579,0.9572738409042358,0.9964615702629089,0.9661276340484619,0.9984661936759949,0.9583953022956848,0.9895349740982056,0.927255392074585,0.9792938828468323,0.8676643967628479,0.3462439477443695,0.9903204441070557,0.9208480715751648,0.9887573719024658,0.9361392259597778
54,0.9995988607406616,0.9815594553947449,0.9973297119140625,0.9657889604568481,0.9946765899658203,0.9379934072494507,1.049999991664663e-05,0.34065768122673035,0.9972469806671143,0.9723537564277649,0.9974149465560913,0.9628762006759644,0.9985470771789551,0.9561143517494202,0.9900565147399902,0.922171950340271,0.9803164005279541,0.8623577952384949,0.3457530736923218,0.992218017578125,0.8986819982528687,0.9879108667373657,0.9515219926834106
55,0.9997064471244812,0.9832738637924194,0.9980441927909851,0.9685033559799194,0.9960976243019104,0.9483280181884766,1.049999991664663e-05,0.3402186334133148,0.9980303049087524,0.9638180732727051,0.9980592131614685,0.9735333919525146,0.9986032247543335,0.959199070930481,0.9904499053955078,0.9279483556747437,0.981086790561676,0.8705745935440063,0.3454950451850891,0.9899386763572693,0.9150558710098267,0.9909681081771851,0.9457449913024902
56,0.9997571706771851,0.9880797863006592,0.9984011054039001,0.9777581095695496,0.996808648109436,0.9572005271911621,1.049999991664663e-05,0.3399738073348999,0.9983630180358887,0.9758651256561279,0.9984398484230042,0.9803425669670105,0.9985989332199097,0.960793137550354,0.9904180765151978,0.9311678409576416,0.9810245633125305,0.8760672807693481,0.3455040454864502,0.9912148118019104,0.9184063673019409,0.9896281957626343,0.9475080966949463
57,0.9997928738594055,0.9887993335723877,0.9986530542373657,0.9789458513259888,0.9973104596138,0.9603275060653687,1.049999991664663e-05,0.3398202061653137,0.9986204504966736,0.9757482409477234,0.998685896396637,0.9828126430511475,0.9986022710800171,0.9602361917495728,0.9904392957687378,0.9300330281257629,0.981065571308136,0.8745651245117188,0.3455653786659241,0.9919779896736145,0.9257044792175293,0.9889119863510132,0.9362519979476929
58,0.9997888207435608,0.9898812770843506,0.9986353516578674,0.9811275005340576,0.9972754716873169,0.9632870554924011,1.049999991664663e-05,0.3397669196128845,0.9986692667007446,0.9766427874565125,0.9986019730567932,0.9859929084777832,0.9986026287078857,0.9602255821228027,0.9904370307922363,0.9300140142440796,0.9810616374015808,0.8734931945800781,0.34554553031921387,0.9895886778831482,0.9258125424385071,0.991292417049408,0.9372009038925171
59,0.9997920393943787,0.9859308004379272,0.998622715473175,0.9732387661933899,0.9972500801086426,0.9531586170196533,1.049999991664663e-05,0.3397151231765747,0.9986217021942139,0.9724948406219482,0.9986239671707153,0.9782904982566833,0.99859619140625,0.9626666307449341,0.9903453588485718,0.9349877834320068,0.9808824062347412,0.8819125890731812,0.34561610221862793,0.9910646080970764,0.9290696978569031,0.9896335601806641,0.943693995475769
60,0.9997857809066772,0.9882268309593201,0.9986026883125305,0.977851390838623,0.997210681438446,0.9583078026771545,1.049999991664663e-05,0.3396818935871124,0.9985772967338562,0.9750210046768188,0.9986288547515869,0.9812439680099487,0.9986038208007812,0.9594080448150635,0.9904260039329529,0.9283900260925293,0.981039822101593,0.8735646605491638,0.3456730544567108,0.989128053188324,0.9244635105133057,0.9917333126068115,0.9367286562919617
61,0.9998112320899963,0.9907703995704651,0.9987578392028809,0.9827839136123657,0.9975190162658691,0.9670023918151855,1.049999991664663e-05,0.3395618498325348,0.9986830949783325,0.9803559184074402,0.9988330602645874,0.9854855537414551,0.9985772967338562,0.9610986113548279,0.9902243614196777,0.9319725632667542,0.9806455373764038,0.8769228458404541,0.34577006101608276,0.9897400140762329,0.9192659258842468,0.9907155632972717,0.9479870796203613
62,0.9997850656509399,0.9875006675720215,0.9986070394515991,0.9763946533203125,0.9972180128097534,0.955769419670105,1.049999991664663e-05,0.33961087465286255,0.9985945224761963,0.9722720980644226,0.998619794845581,0.9820597767829895,0.9985684156417847,0.9591102600097656,0.9901690483093262,0.9280512928962708,0.9805360436439514,0.8724564909934998,0.3458322584629059,0.9903315901756287,0.9132153391838074,0.9900123476982117,0.949238121509552
63,0.9997740387916565,0.9867905974388123,0.9985451698303223,0.9750363230705261,0.9970951676368713,0.9532644152641296,1.049999991664663e-05,0.3395938575267792,0.9985030293464661,0.97178053855896,0.9985882639884949,0.9791717529296875,0.9985830783843994,0.9612893462181091,0.9902850389480591,0.9322936534881592,0.9807640910148621,0.8778620362281799,0.34580788016319275,0.9892551302909851,0.9287134408950806,0.9913225769996643,0.9394133687019348
64,0.9997865557670593,0.9908332824707031,0.9985984563827515,0.9830682277679443,0.9972010850906372,0.9670655727386475,1.049999991664663e-05,0.3395116329193115,0.9985767602920532,0.981208086013794,0.9986209273338318,0.9853076338768005,0.9985580444335938,0.9577353596687317,0.9901145100593567,0.9253564476966858,0.9804295301437378,0.8673194646835327,0.34586888551712036,0.9910419583320618,0.9156860113143921,0.9891943335533142,0.9383167028427124
65,0.9998457431793213,0.9877700209617615,0.9989853501319885,0.9765540957450867,0.9979738593101501,0.963803768157959,5.249999958323315e-06,0.3392622768878937,0.9989831447601318,0.9744090437889099,0.9989885091781616,0.9789682626724243,0.998604416847229,0.9621409773826599,0.9904327988624573,0.9338488578796387,0.9810535311698914,0.8801494836807251,0.3456116020679474,0.989871621131897,0.9288586378097534,0.991001307964325,0.9416146874427795
66,0.9998853206634521,0.9911245107650757,0.9992788434028625,0.9829703569412231,0.9985590577125549,0.9680418968200684,5.249999958323315e-06,0.3390866219997406,0.9992988705635071,0.9828806519508362,0.999259352684021,0.9848512411117554,0.9985977411270142,0.9620830416679382,0.9903669953346252,0.933799147605896,0.9809246063232422,0.879991888999939,0.3456166088581085,0.9893715381622314,0.9291735887527466,0.9913701415061951,0.9411337971687317
67,0.9998819231987,0.9935907125473022,0.9992241859436035,0.9879570007324219,0.9984503388404846,0.9764851927757263,5.249999958323315e-06,0.33908241987228394,0.9992149472236633,0.9873296618461609,0.9992337822914124,0.9888730645179749,0.99860018491745,0.9596777558326721,0.9903967976570129,0.9289588332176208,0.9809837341308594,0.87324059009552,0.34567737579345703,0.9906025528907776,0.9219095706939697,0.9901972413063049,0.9388614892959595
68,0.9998814463615417,0.9885995388031006,0.9992173910140991,0.9779816269874573,0.9984371066093445,0.9665359258651733,5.249999958323315e-06,0.3390488028526306,0.999224841594696,0.9751001596450806,0.99921053647995,0.981032133102417,0.9986050128936768,0.9606485962867737,0.9904376268386841,0.9308597445487976,0.9810625314712524,0.875752866268158,0.3456730246543884,0.989760160446167,0.921882152557373,0.9911218285560608,0.9435369372367859
69,0.9998887777328491,0.9836320281028748,0.9992685914039612,0.9679955244064331,0.9985395073890686,0.9565812945365906,5.249999958323315e-06,0.3390085697174072,0.9992669820785522,0.9656156301498413,0.9992713332176208,0.9707229137420654,0.9985937476158142,0.9617162942886353,0.9903420805931091,0.9330908060073853,0.9808757901191711,0.8792792558670044,0.34577786922454834,0.9893821477890015,0.928470253944397,0.9913104772567749,0.9407245516777039
70,0.9999115467071533,0.9946168661117554,0.9994510412216187,0.9897825717926025,0.9989029169082642,0.9799603819847107,2.6249999791616574e-06,0.33889779448509216,0.9994686245918274,0.9884117841720581,0.9994333386421204,0.9912899136543274,0.9985998272895813,0.9605270624160767,0.990383505821228,0.9306706190109253,0.9809568524360657,0.8753666877746582,0.34566715359687805,0.9903144240379333,0.9172746539115906,0.9904599785804749,0.9478884339332581
71,0.9999067187309265,0.989317774772644,0.9994045495986938,0.9792306423187256,0.998809814453125,0.9690048098564148,2.6249999791616574e-06,0.3389202952384949,0.9994085431098938,0.9774262309074402,0.9993999004364014,0.9813050031661987,0.9986004829406738,0.9596492052078247,0.9903945326805115,0.9289036393165588,0.9809777736663818,0.8728258609771729,0.34570828080177307,0.9905227422714233,0.9153741598129272,0.9902723431587219,0.9469576478004456
72,0.9999217987060547,0.995159387588501,0.9995049834251404,0.9908136129379272,0.9990108609199524,0.9820551872253418,2.6249999791616574e-06,0.33884045481681824,0.9994967579841614,0.9909683465957642,0.9995136260986328,0.9909065365791321,0.9985870122909546,0.9599204063415527,0.9902803301811218,0.9295606017112732,0.9807543754577637,0.8739447593688965,0.3457159101963043,0.9910989999771118,0.9153454303741455,0.9894692301750183,0.9482141733169556
73,0.9999237060546875,0.9954952001571655,0.9995255470275879,0.9914657473564148,0.9990512132644653,0.9832818508148193,2.6249999791616574e-06,0.3388045132160187,0.999540388584137,0.98830246925354,0.9995103478431702,0.9948217868804932,0.9985946416854858,0.9604955315589905,0.990336000919342,0.9306548237800598,0.9808638691902161,0.8764395117759705,0.34573185443878174,0.9904826879501343,0.9232815504074097,0.9901959896087646,0.9408755302429199
74,0.9999246001243591,0.9887863397598267,0.9995111227035522,0.9780608415603638,0.9990234971046448,0.967301607131958,2.6249999791616574e-06,0.3387739062309265,0.9995146989822388,0.974934458732605,0.9995078444480896,0.9814324378967285,0.9985882639884949,0.9605838060379028,0.9903081655502319,0.9308594465255737,0.9808087944984436,0.875985860824585,0.3457334637641907,0.9905003309249878,0.9147328734397888,0.9901224374771118,0.9518062472343445
75,0.9999379515647888,0.9962189197540283,0.9996016025543213,0.9928362369537354,0.999204158782959,0.9858918190002441,1.3124999895808287e-06,0.33871349692344666,0.9996301531791687,0.9911255836486816,0.9995732307434082,0.9946354627609253,0.9985949993133545,0.9605574607849121,0.9903466105461121,0.9307679533958435,0.9808845520019531,0.8757297992706299,0.34570980072021484,0.9903479218482971,0.9194658398628235,0.9903517961502075,0.9459164142608643
76,0.9999395608901978,0.9953847527503967,0.9996095895767212,0.9911600351333618,0.9992198348045349,0.9828066229820251,1.3124999895808287e-06,0.33869144320487976,0.9996119737625122,0.9889466762542725,0.9996075630187988,0.9937229156494141,0.9986093044281006,0.9606598615646362,0.9904586672782898,0.9308612942695618,0.9811036586761475,0.8760839700698853,0.34570202231407166,0.99029141664505,0.9234883785247803,0.9906314015388489,0.9420872330665588
77,0.9999399781227112,0.9961588978767395,0.9996150732040405,0.9927033185958862,0.9992302656173706,0.985758364200592,1.3124999895808287e-06,0.33868950605392456,0.9996196031570435,0.9903461933135986,0.9996103048324585,0.9951866269111633,0.9985973834991455,0.9615298509597778,0.9903571605682373,0.9327021837234497,0.9809051752090454,0.8788117170333862,0.3457264006137848,0.9908483624458313,0.9240099191665649,0.9898722767829895,0.9450517892837524
78,0.9999356269836426,0.9912868738174438,0.999591588973999,0.982982337474823,0.9991834759712219,0.9761466383934021,1.3124999895808287e-06,0.3387189507484436,0.9996042847633362,0.9814904928207397,0.9995787739753723,0.9845430254936218,0.9986093044281006,0.9618010520935059,0.9904330968856812,0.9331691265106201,0.9810543656349182,0.8792672157287598,0.3457549810409546,0.990080714225769,0.9252614378929138,0.9907920956611633,0.9441667795181274
79,0.9999352097511292,0.99102783203125,0.9995838403701782,0.9824725985527039,0.9991678595542908,0.9752322435379028,1.3124999895808287e-06,0.3387071490287781,0.9995912909507751,0.9814452528953552,0.9995755553245544,0.9835742712020874,0.9986026287078857,0.9604810476303101,0.9904106855392456,0.9305513501167297,0.9810096621513367,0.8755427598953247,0.3457593023777008,0.9903709888458252,0.9200921058654785,0.9904569387435913,0.9449209570884705
0,0.9242532849311829,0.4203422963619232,0.7677509784698486,0.07293345779180527,0.6528856158256531,0.04392344132065773,4.199999966658652e-05,0.847667396068573,0.7331175804138184,0.23713138699531555,0.8729122877120972,0.061511460691690445,0.8577456474304199,0.1646060049533844,0.3292118310928345,1.3226724604464835e-07,0.19807443022727966,1.3226724604464835e-07,1.479148507118225,0.25277483463287354,0.0,0.48026591539382935,0.0
1,0.9866700768470764,0.6398930549621582,0.9118028283119202,0.36798331141471863,0.8388349413871765,0.2597023844718933,4.199999966658652e-05,0.48026344180107117,0.9068825244903564,0.6249907612800598,0.9203746318817139,0.2926241457462311,0.890637218952179,0.14252756536006927,0.2850550413131714,1.3226724604464835e-07,0.1674473136663437,1.3226724604464835e-07,0.9958945512771606,0.27735406160354614,0.0,0.2979796528816223,0.0
2,0.9903748035430908,0.7605063915252686,0.9364149570465088,0.5845977663993835,0.8807395696640015,0.45087894797325134,4.199999966658652e-05,0.4371364712715149,0.9338047504425049,0.7335900068283081,0.9407127499580383,0.5246509909629822,0.9310705661773682,0.23168571293354034,0.46337130665779114,1.3226724604464835e-07,0.3040502071380615,1.3226724604464835e-07,0.7734712958335876,0.5471011996269226,0.0,0.4059186577796936,0.0
3,0.9922745227813721,0.7953930497169495,0.9492001533508301,0.6415860056877136,0.9035153985023499,0.5105546712875366,4.199999966658652e-05,0.41597115993499756,0.9461836218833923,0.756142258644104,0.9532901048660278,0.5904256701469421,0.9498095512390137,0.2858031392097473,0.5701998472213745,0.0014064449351280928,0.4013071060180664,0.0007075697067193687,0.6772762537002563,0.7866741418838501,0.009904422797262669,0.44998785853385925,0.0007655259687453508
4,0.9922412037849426,0.8138139247894287,0.9490130543708801,0.6786148548126221,0.9032750725746155,0.5488921999931335,4.199999966658652e-05,0.4086960554122925,0.9483394026756287,0.7705979347229004,0.9513931274414062,0.6367430090904236,0.965531587600708,0.39412984251976013,0.743755578994751,0.04450402781367302,0.5950071215629578,0.024856053292751312,0.573225736618042,0.814983606338501,0.26644274592399597,0.6875929236412048,0.02497655339539051
5,0.9940329790115356,0.8466782569885254,0.9601795077323914,0.7331764698028564,0.9235720038414001,0.6083325743675232,4.199999966658652e-05,0.3947451412677765,0.958461582660675,0.7914949655532837,0.9626591205596924,0.7091677188873291,0.9853341579437256,0.6510753631591797,0.9042084217071533,0.3979424238204956,0.8257110714912415,0.2842092514038086,0.4605516195297241,0.8531091809272766,0.6661061644554138,0.962436318397522,0.30342376232147217
6,0.9946779012680054,0.8591265082359314,0.9650663137435913,0.7531867027282715,0.9325874447822571,0.6346027851104736,4.199999966658652e-05,0.38741225004196167,0.9635230898857117,0.8076920509338379,0.9672061800956726,0.7267500162124634,0.993989884853363,0.7992788553237915,0.9596318602561951,0.6389257311820984,0.9224600195884705,0.5084589123725891,0.39571163058280945,0.9656087756156921,0.8066068887710571,0.9538179636001587,0.5477794408798218
7,0.9950904846191406,0.8790748119354248,0.9673619866371155,0.7907877564430237,0.9368757605552673,0.674227237701416,4.199999966658652e-05,0.38240447640419006,0.9662559032440186,0.8388132452964783,0.9690173268318176,0.7655689716339111,0.9951324462890625,0.8427178263664246,0.9679425954818726,0.7174932956695557,0.9379380941390991,0.6006550788879395,0.382590651512146,0.9566064476966858,0.7195216417312622,0.979656994342804,0.7334185838699341
8,0.9954492449760437,0.8883768320083618,0.9696117639541626,0.8071423172950745,0.9411144256591797,0.690905749797821,4.199999966658652e-05,0.37863510847091675,0.9687209129333496,0.8484565019607544,0.9710480570793152,0.7882358431816101,0.9951950311660767,0.8466686010360718,0.9673413634300232,0.7259957790374756,0.9368084073066711,0.6200427412986755,0.3778468370437622,0.9685308933258057,0.8020017743110657,0.9662855267524719,0.6749918460845947
9,0.9958754777908325,0.8887061476707458,0.972482442855835,0.8049299120903015,0.9465155601501465,0.695077121257782,4.199999966658652e-05,0.3745693564414978,0.971098005771637,0.8403580188751221,0.9741885662078857,0.7923150062561035,0.9955966472625732,0.8540982007980347,0.9699990153312683,0.738197386264801,0.9418027400970459,0.6302945613861084,0.37428024411201477,0.9805756211280823,0.7642813324928284,0.9596911072731018,0.7265621423721313
10,0.9960833191871643,0.8866554498672485,0.9737909436225891,0.7995197176933289,0.9490076303482056,0.6847866177558899,4.199999966658652e-05,0.3720019459724426,0.9730333685874939,0.8366844058036804,0.9748255014419556,0.7891054749488831,0.996390700340271,0.8920509815216064,0.9759477972984314,0.8081539869308472,0.9530705213546753,0.7005527019500732,0.36992132663726807,0.9732928276062012,0.8665931820869446,0.9786835312843323,0.7930726408958435
11,0.9965739250183105,0.9022353291511536,0.9771775007247925,0.8272928595542908,0.955425500869751,0.7244049310684204,4.199999966658652e-05,0.3678538501262665,0.9758977293968201,0.8671774864196777,0.9787102341651917,0.8088793754577637,0.9958499073982239,0.8849951028823853,0.9716635346412659,0.7983264923095703,0.9449388384819031,0.6795345544815063,0.3698420822620392,0.9861095547676086,0.7418934106826782,0.9577838778495789,0.8788711428642273
12,0.9966509342193604,0.907183825969696,0.9777131080627441,0.8366544842720032,0.9564582109451294,0.7332335114479065,4.199999966658652e-05,0.36624786257743835,0.9770178198814392,0.8646630644798279,0.978661298751831,0.8252530694007874,0.9965594410896301,0.88507080078125,0.9764782190322876,0.7936633229255676,0.9540776610374451,0.6698963642120361,0.36607882380485535,0.9827678203582764,0.7078413963317871,0.9703130125999451,0.9228656888008118
13,0.9967871904373169,0.9018150568008423,0.9783973693847656,0.8252326250076294,0.9577721357345581,0.7277159690856934,4.199999966658652e-05,0.36434879899024963,0.9777422547340393,0.847679853439331,0.9792954921722412,0.8221048712730408,0.9966885447502136,0.9036684632301331,0.9776815176010132,0.8296554088592529,0.9563630819320679,0.727598249912262,0.36428695917129517,0.9809190630912781,0.8416890501976013,0.9745362997055054,0.8476855754852295
14,0.9969239830970764,0.9124172329902649,0.9794021844863892,0.8454320430755615,0.9596884250640869,0.7576751708984375,4.199999966658652e-05,0.3627605438232422,0.9789378643035889,0.8617932200431824,0.9800322651863098,0.8397186398506165,0.996293306350708,0.9036827087402344,0.9746971130371094,0.8326684832572937,0.9506803154945374,0.7294222116470337,0.3650589883327484,0.9848390817642212,0.8622956275939941,0.964831531047821,0.8245869278907776
15,0.9971652030944824,0.9130677580833435,0.9811376929283142,0.8449981212615967,0.9630063772201538,0.7568405866622925,4.199999966658652e-05,0.36064815521240234,0.9804849028587341,0.8661857843399048,0.9819039106369019,0.838817298412323,0.9972048997879028,0.9172677397727966,0.9811241626739502,0.8534114956855774,0.9629656076431274,0.756733775138855,0.36034879088401794,0.9852080345153809,0.8655776381492615,0.9771003723144531,0.8622108697891235
16,0.9972741007804871,0.9143725633621216,0.981863796710968,0.8468810319900513,0.9644021391868591,0.7646963000297546,4.199999966658652e-05,0.35917556285858154,0.9816970825195312,0.8544485569000244,0.9821622967720032,0.8462238311767578,0.9967312812805176,0.9128050208091736,0.9780094623565674,0.8476006388664246,0.9569960236549377,0.748216986656189,0.3609800338745117,0.9873294830322266,0.9135596752166748,0.9688952565193176,0.805483341217041
17,0.9974178075790405,0.93072509765625,0.9826706647872925,0.8787793517112732,0.9659576416015625,0.791423499584198,4.199999966658652e-05,0.3578105568885803,0.9825114607810974,0.8946741223335266,0.9829358458518982,0.8722727298736572,0.9968475103378296,0.917177140712738,0.9788719415664673,0.8554824590682983,0.9586467146873474,0.7552438974380493,0.3598620295524597,0.9663863182067871,0.889722466468811,0.9917342662811279,0.8285934329032898
18,0.9974899888038635,0.9289675354957581,0.9832592606544495,0.8746750354766846,0.9670971035957336,0.7927530407905579,4.199999966658652e-05,0.35668808221817017,0.9828309416770935,0.8923783898353577,0.9838204979896545,0.8715330362319946,0.9964611530303955,0.9190333485603333,0.9765464663505554,0.8615201711654663,0.9542059898376465,0.7700819969177246,0.36167004704475403,0.9649753570556641,0.8687206506729126,0.9884403944015503,0.8697208166122437
19,0.9974482655525208,0.9283698797225952,0.98297119140625,0.8737685680389404,0.966545820236206,0.7950848340988159,4.199999966658652e-05,0.35639312863349915,0.9827170372009277,0.8896862864494324,0.983335554599762,0.8682177066802979,0.9968429803848267,0.9159303307533264,0.9789425134658813,0.8529180884361267,0.9587676525115967,0.7515995502471924,0.35879582166671753,0.9710458517074585,0.8373734354972839,0.98698890209198,0.8766089677810669
20,0.9976350665092468,0.9267029762268066,0.9842735528945923,0.869132399559021,0.9690601825714111,0.7824867367744446,4.199999966658652e-05,0.35487765073776245,0.9839550852775574,0.8802538514137268,0.9846791625022888,0.8668264150619507,0.9974374175071716,0.9219229817390442,0.9825952649116516,0.8612505197525024,0.9657992720603943,0.7728154063224792,0.3557966351509094,0.9865836501121521,0.8625479936599731,0.9786635041236877,0.8882458209991455
21,0.9977672696113586,0.927797257900238,0.9851924180984497,0.8704022765159607,0.9708303213119507,0.7907074093818665,4.199999966658652e-05,0.35387110710144043,0.9850552082061768,0.8836462497711182,0.9854053258895874,0.8721510171890259,0.9972469806671143,0.9252915978431702,0.9812313914299011,0.8693517446517944,0.963172972202301,0.7758409976959229,0.3556182086467743,0.9904528260231018,0.9172172546386719,0.9722045660018921,0.8367769718170166
22,0.9978337287902832,0.9421265125274658,0.9854387044906616,0.8988143801689148,0.9713156819343567,0.8215980529785156,4.199999966658652e-05,0.35302627086639404,0.9854360818862915,0.907067060470581,0.985500693321228,0.8975897431373596,0.9975424408912659,0.9301998019218445,0.9834625720977783,0.8769370913505554,0.9674724340438843,0.787587583065033,0.35404711961746216,0.9782791137695312,0.9187049865722656,0.9887188673019409,0.840003490447998
23,0.998099148273468,0.9400899410247803,0.9872338175773621,0.8929466009140015,0.9748022556304932,0.8225811123847961,4.199999966658652e-05,0.3514789938926697,0.9869690537452698,0.9085349440574646,0.9875449538230896,0.8899455070495605,0.9975939989089966,0.9364721179008484,0.983614981174469,0.8893296122550964,0.9677695631980896,0.8084547519683838,0.3533063232898712,0.9894151091575623,0.8779361844062805,0.9778956770896912,0.9068153500556946
24,0.9976407885551453,0.9389476776123047,0.9838767051696777,0.8940181732177734,0.968324601650238,0.8229047656059265,4.199999966658652e-05,0.35333186388015747,0.9838354587554932,0.9049310088157654,0.9840136766433716,0.8943571448326111,0.9975771903991699,0.9266740679740906,0.9836364984512329,0.8697117567062378,0.967811107635498,0.7832292914390564,0.353628933429718,0.9839449524879456,0.8793187737464905,0.9833603501319885,0.8768771886825562
25,0.9980124831199646,0.945117712020874,0.9867348670959473,0.903500497341156,0.9738358855247498,0.8314009308815002,4.199999966658652e-05,0.35096409916877747,0.9868908524513245,0.9088326096534729,0.9866461753845215,0.9049928784370422,0.9977868795394897,0.9319976568222046,0.9851129651069641,0.8788823485374451,0.9706752896308899,0.7923513650894165,0.3520711660385132,0.9852553009986877,0.8628912568092346,0.9849885702133179,0.8992549180984497
26,0.9981533288955688,0.9503226280212402,0.9877502918243408,0.912895143032074,0.9758092761039734,0.8464526534080505,4.199999966658652e-05,0.3499864339828491,0.9875657558441162,0.9236049652099609,0.9879899621009827,0.912395715713501,0.9977749586105347,0.9410503506660461,0.9848129153251648,0.8972878456115723,0.9700939655303955,0.8195254802703857,0.3513503968715668,0.9890376329421997,0.8907383680343628,0.9806545376777649,0.9093692898750305
27,0.9981541633605957,0.9457682967185974,0.9877509474754333,0.9037846922874451,0.9758110642433167,0.8355371952056885,4.199999966658652e-05,0.3496655523777008,0.9876888990402222,0.9079791903495789,0.9878839254379272,0.9072766304016113,0.9976651072502136,0.9173058867454529,0.9842355847358704,0.8503763675689697,0.9689737558364868,0.7556206583976746,0.351858526468277,0.9780676960945129,0.9330175518989563,0.9905003309249878,0.7953881621360779
28,0.9982792735099792,0.9509297013282776,0.9885045886039734,0.9133550524711609,0.977286696434021,0.8523700833320618,4.199999966658652e-05,0.34891045093536377,0.9883398413658142,0.9168911576271057,0.9887062311172485,0.9147524237632751,0.9970160126686096,0.9263203144073486,0.9797512888908386,0.8728893995285034,0.9603402018547058,0.7813432216644287,0.35582101345062256,0.9668150544166565,0.9189286231994629,0.9930790662765503,0.8397858142852783
29,0.9981762766838074,0.9438745975494385,0.987799882888794,0.8999486565589905,0.9759112000465393,0.837726354598999,4.199999966658652e-05,0.34906136989593506,0.9878033995628357,0.90362948179245,0.9878538250923157,0.9039789438247681,0.9977966547012329,0.9383591413497925,0.9851409196853638,0.8915773034095764,0.9707269072532654,0.8122429847717285,0.35062626004219055,0.9847115874290466,0.9126924276351929,0.9855886697769165,0.8749487400054932
30,0.9982654452323914,0.9546483755111694,0.9883355498313904,0.9209607839584351,0.9769545793533325,0.8583202362060547,4.199999966658652e-05,0.3485123813152313,0.9882514476776123,0.9202611446380615,0.9884616136550903,0.9241678714752197,0.9977572560310364,0.9391382336616516,0.9846723675727844,0.8936040997505188,0.9698290824890137,0.8144025206565857,0.35080796480178833,0.9910678267478943,0.9071548581123352,0.978380560874939,0.888813853263855
31,0.9984199404716492,0.9437909722328186,0.989470362663269,0.8981109857559204,0.979167640209198,0.8381572961807251,4.199999966658652e-05,0.3475550413131714,0.9895685315132141,0.9024127125740051,0.9894015789031982,0.899239718914032,0.9979822039604187,0.9421005249023438,0.9862310886383057,0.8979701995849609,0.9728462100028992,0.8212626576423645,0.3494137227535248,0.985979437828064,0.9103308320045471,0.9865010976791382,0.8878181576728821
32,0.9985559582710266,0.9577128887176514,0.9903309345245361,0.9250943064689636,0.9808558821678162,0.8636205196380615,4.199999966658652e-05,0.3467147946357727,0.9902474284172058,0.9258534908294678,0.9904345870018005,0.9296460747718811,0.9980657696723938,0.9430651068687439,0.9869301319122314,0.899199903011322,0.9742075204849243,0.8236544728279114,0.34892699122428894,0.9894856810569763,0.8788232207298279,0.9843975901603699,0.9253210425376892
33,0.9985719919204712,0.9559258222579956,0.990397572517395,0.9214537739753723,0.9809888601303101,0.8595212697982788,4.199999966658652e-05,0.3464786112308502,0.990339457988739,0.9268863797187805,0.9904773235321045,0.9205706119537354,0.9978442192077637,0.9443274140357971,0.9852133989334106,0.9034412503242493,0.9708701372146606,0.8293477892875671,0.3496840000152588,0.9919708371162415,0.8650054335594177,0.9785652160644531,0.949155330657959
34,0.9986129999160767,0.9514568448066711,0.9906013607978821,0.9123119115829468,0.981387197971344,0.856304943561554,4.199999966658652e-05,0.34611770510673523,0.9904564619064331,0.9100800156593323,0.9907656908035278,0.9169335961341858,0.998060941696167,0.9439770579338074,0.9869180917739868,0.9010357856750488,0.9741817712783813,0.8266908526420593,0.34862980246543884,0.9902634620666504,0.8715460300445557,0.9836117625236511,0.9410569071769714
35,0.9986315369606018,0.9573376178741455,0.9909043908119202,0.9237706661224365,0.9819798469543457,0.8683778643608093,4.199999966658652e-05,0.34585806727409363,0.9909343123435974,0.9196109175682068,0.9908971190452576,0.9304314255714417,0.9980331659317017,0.9413292407989502,0.9865499138832092,0.8961089253425598,0.97347092628479,0.8173988461494446,0.3487050533294678,0.9875743389129639,0.9007527232170105,0.9855400919914246,0.8972228169441223
36,0.9987209439277649,0.9631051421165466,0.9913147687911987,0.9348950982093811,0.9827905297279358,0.8804451823234558,4.199999966658652e-05,0.3452966809272766,0.9913305640220642,0.9393943548202515,0.9913160800933838,0.9328426122665405,0.9982107281684875,0.9513001441955566,0.9877983927726746,0.914801836013794,0.9758996367454529,0.8470454216003418,0.34777188301086426,0.9870399236679077,0.9233567714691162,0.9885695576667786,0.9103695750236511
37,0.998657763004303,0.9600744843482971,0.9909720420837402,0.9291770458221436,0.9821128845214844,0.8718156218528748,4.199999966658652e-05,0.3454955220222473,0.9909790754318237,0.9348359107971191,0.9909856915473938,0.9312596321105957,0.997672438621521,0.9216638207435608,0.9842988848686218,0.8590289354324341,0.9690960049629211,0.7638745307922363,0.35019761323928833,0.9761704802513123,0.9547334313392639,0.9925830960273743,0.7928114533424377
38,0.9986051917076111,0.9607828259468079,0.9906142354011536,0.9309510588645935,0.9814131855964661,0.8752376437187195,4.199999966658652e-05,0.34553244709968567,0.9906861186027527,0.9393355846405029,0.9905744791030884,0.9296913743019104,0.9979891777038574,0.9507926106452942,0.9863265156745911,0.9152586460113525,0.9730344414710999,0.848080039024353,0.34844550490379333,0.9856456518173218,0.9082505702972412,0.9870196580886841,0.9234423637390137
39,0.9986144304275513,0.9556745290756226,0.9907387495040894,0.9206104278564453,0.9816548228263855,0.8666055798530579,4.199999966658652e-05,0.34535303711891174,0.9905706644058228,0.9209201335906982,0.9909393787384033,0.927602231502533,0.9980160593986511,0.9460278153419495,0.9864968657493591,0.9055586457252502,0.9733701944351196,0.8369146585464478,0.34836944937705994,0.9878895282745361,0.9168350696563721,0.9851333498954773,0.9089497327804565
40,0.9986398816108704,0.9634444713592529,0.9909416437149048,0.9359472393989563,0.9820567965507507,0.8823611736297607,4.199999966658652e-05,0.34509891271591187,0.991230309009552,0.93671053647995,0.9906918406486511,0.937700629234314,0.9978375434875488,0.9435473680496216,0.9851009249687195,0.9019939303398132,0.9706524014472961,0.8313554525375366,0.3490069508552551,0.9938296675682068,0.8785948753356934,0.976542055606842,0.9377533197402954
41,0.9987618327140808,0.9636160135269165,0.9917891025543213,0.935443103313446,0.9837167263031006,0.8845784664154053,4.199999966658652e-05,0.3444964587688446,0.9917263984680176,0.9356938004493713,0.9918714761734009,0.9382752776145935,0.9979476928710938,0.9418109059333801,0.9860144853591919,0.8976075649261475,0.9724247455596924,0.8208233118057251,0.34863924980163574,0.9828532338142395,0.885701596736908,0.9892149567604065,0.9153881072998047
42,0.9988150596618652,0.9690091609954834,0.9919869899749756,0.9460321068763733,0.984108567237854,0.8990734815597534,4.199999966658652e-05,0.3441685438156128,0.9919676780700684,0.9438683986663818,0.9920210242271423,0.9505138993263245,0.998201310634613,0.9551498889923096,0.9877530932426453,0.922546923160553,0.9758110046386719,0.8595073819160461,0.3470776081085205,0.9858316779136658,0.9436230659484863,0.9896935820579529,0.9036900997161865
43,0.9988675713539124,0.9643338918685913,0.9923907518386841,0.9362768530845642,0.9849042296409607,0.8902631998062134,4.199999966658652e-05,0.34385162591934204,0.9923642873764038,0.9316422939300537,0.9924356937408447,0.9435437917709351,0.9981918334960938,0.9510136246681213,0.98768150806427,0.9143458604812622,0.9756709337234497,0.8492017984390259,0.3470638692378998,0.9877882599830627,0.8979222774505615,0.9875872731208801,0.9367342591285706
44,0.9987955689430237,0.96527099609375,0.9919257164001465,0.9386155009269714,0.9839873313903809,0.8886749148368835,4.199999966658652e-05,0.3441252112388611,0.9919270277023315,0.9464067220687866,0.9919432997703552,0.9374954104423523,0.9980490207672119,0.9503147602081299,0.9866529107093811,0.9139764904975891,0.9736679792404175,0.8469075560569763,0.3477499783039093,0.9844951033592224,0.9043022394180298,0.9888358116149902,0.9277794361114502
45,0.9988572597503662,0.966360867023468,0.9922546148300171,0.9404672980308533,0.9846345782279968,0.8914264440536499,4.199999966658652e-05,0.3437696397304535,0.9923127889633179,0.9427250027656555,0.9922111630439758,0.9428645372390747,0.9981667995452881,0.9550821185112,0.9873908758163452,0.9227731227874756,0.975105881690979,0.860307514667511,0.34714633226394653,0.9903820753097534,0.9087033271789551,0.9844305515289307,0.9384266138076782
46,0.998935878276825,0.9672604203224182,0.992880642414093,0.9416404962539673,0.9858675599098206,0.9009981751441956,4.199999966658652e-05,0.3431912660598755,0.9929932951927185,0.941648006439209,0.9927780628204346,0.9449894428253174,0.9981597661972046,0.9481242299079895,0.9874504208564758,0.9087979793548584,0.9752208590507507,0.8411913514137268,0.34711888432502747,0.9848779439926147,0.9187335968017578,0.9900480508804321,0.9072551727294922
47,0.9989736676216125,0.9708312153816223,0.9931420683860779,0.9485198855400085,0.9863820672035217,0.9034757018089294,4.199999966658652e-05,0.3429970145225525,0.9930643439292908,0.9492065906524658,0.9932266473770142,0.9499813914299011,0.9982147216796875,0.9513715505599976,0.9877941608428955,0.9149488210678101,0.9758895039558411,0.8505968451499939,0.3467242419719696,0.986817479133606,0.9020460247993469,0.9887855052947998,0.9355136156082153
48,0.9990192651748657,0.9678497314453125,0.9934787750244141,0.942220151424408,0.9870444536209106,0.9009758830070496,4.199999966658652e-05,0.342754065990448,0.9935505390167236,0.9388468861579895,0.993416965007782,0.9483173489570618,0.9982253909111023,0.9518042802810669,0.987786054611206,0.9158225059509277,0.9758802056312561,0.850185215473175,0.3468097448348999,0.9906074404716492,0.8739992380142212,0.984998345375061,0.969930112361908
49,0.9989399909973145,0.9721574187278748,0.9928444623947144,0.9514707326889038,0.9857960343360901,0.9099107980728149,4.199999966658652e-05,0.3429916799068451,0.992767870426178,0.9514005780220032,0.9929434061050415,0.955546498298645,0.9979293942451477,0.9469004273414612,0.9858688116073608,0.9079318046569824,0.9721401333808899,0.839386522769928,0.34806907176971436,0.9940028190612793,0.8897008299827576,0.977878212928772,0.9333007335662842
50,0.9989730715751648,0.9713518619537354,0.9930310845375061,0.9496732354164124,0.9861644506454468,0.906379759311676,4.199999966658652e-05,0.34282344579696655,0.9931266903877258,0.9459403157234192,0.9929534196853638,0.9567277431488037,0.9979141354560852,0.9461438059806824,0.9858368635177612,0.9064508676528931,0.9720811247825623,0.8317807912826538,0.3489777445793152,0.9775486588478088,0.9517707228660583,0.9942768812179565,0.86847323179245
51,0.9992864727973938,0.9749744534492493,0.9952369928359985,0.9547123908996582,0.9905236959457397,0.922909677028656,2.099999983329326e-05,0.3415466547012329,0.9951898455619812,0.9527134895324707,0.9952915906906128,0.958263635635376,0.9985311627388,0.9597503542900085,0.9899559020996094,0.9295446872711182,0.9801183342933655,0.8725745677947998,0.34501102566719055,0.9889948964118958,0.9116131067276001,0.9909248352050781,0.9519953727722168
52,0.9995242953300476,0.9808954000473022,0.9967918992042542,0.9649987816810608,0.9936063289642334,0.9418182373046875,2.099999983329326e-05,0.34055474400520325,0.9967935085296631,0.9604074358940125,0.9967918992042542,0.9701955318450928,0.9985436797142029,0.9576713442802429,0.9899866580963135,0.9253561496734619,0.9801774024963379,0.868095338344574,0.34498435258865356,0.9913172125816345,0.8999377489089966,0.9886654019355774,0.9566129446029663
53,0.9995871186256409,0.9846791625022888,0.9971746802330017,0.9721840023994446,0.9943668246269226,0.947217583656311,2.099999983329326e-05,0.3402828574180603,0.9971568584442139,0.9656928777694702,0.997195303440094,0.9796693921089172,0.998563826084137,0.9629979729652405,0.9901478290557861,0.93584805727005,0.9804944396018982,0.8831053376197815,0.34494030475616455,0.9888535141944885,0.9233444333076477,0.9914524555206299,0.9522804021835327
54,0.9996163845062256,0.9874398112297058,0.9974432587623596,0.9774364233016968,0.9949008226394653,0.956373393535614,2.099999983329326e-05,0.34010711312294006,0.9974266886711121,0.9739531874656677,0.9974613785743713,0.9814347624778748,0.998586118221283,0.9624410271644592,0.9902915954589844,0.9345905780792236,0.9807767271995544,0.8811293244361877,0.34485504031181335,0.9907975792884827,0.9179435968399048,0.9897964596748352,0.9558181166648865
55,0.999636173248291,0.9861685037612915,0.9975327253341675,0.9748042225837708,0.9950792789459229,0.9529917240142822,2.099999983329326e-05,0.33999520540237427,0.9975561499595642,0.9690253734588623,0.997510552406311,0.9811611175537109,0.9985714554786682,0.961565375328064,0.9901949167251587,0.9329359531402588,0.9805862307548523,0.8795814514160156,0.34483256936073303,0.9906257390975952,0.9266648888587952,0.9897733926773071,0.9418132901191711
56,0.9996397495269775,0.9878201484680176,0.9975817203521729,0.978058934211731,0.9951764941215515,0.957673966884613,2.099999983329326e-05,0.3398948609828949,0.9975273013114929,0.9739370942115784,0.9976370930671692,0.9827791452407837,0.998555600643158,0.9609900116920471,0.9900978207588196,0.9318825602531433,0.9803968667984009,0.8760929703712463,0.34506919980049133,0.9899068474769592,0.919221818447113,0.9902971386909485,0.9478235840797424
57,0.9996289014816284,0.9864208102226257,0.9974937438964844,0.9753480553627014,0.9950022101402283,0.9526197910308838,2.099999983329326e-05,0.3398708701133728,0.9974838495254517,0.9712246656417847,0.9975059628486633,0.9805134534835815,0.99853515625,0.962898313999176,0.9899337291717529,0.935863196849823,0.9800745248794556,0.8824594020843506,0.34527602791786194,0.9886495471000671,0.9462125301361084,0.991228461265564,0.9282311201095581
58,0.9996351599693298,0.9790817499160767,0.9975500702857971,0.9606131911277771,0.9951135516166687,0.9425732493400574,2.099999983329326e-05,0.33980005979537964,0.9975190758705139,0.9588222503662109,0.9975827932357788,0.9628134369850159,0.9985223412513733,0.9613107442855835,0.9898632764816284,0.9327583312988281,0.9799371957778931,0.8774402141571045,0.34530866146087646,0.9890104532241821,0.9266815185546875,0.9907242059707642,0.9413060545921326
59,0.9997222423553467,0.9870828986167908,0.9981306195259094,0.9760348796844482,0.996269941329956,0.962684154510498,1.049999991664663e-05,0.33946162462234497,0.9981721639633179,0.9731276035308838,0.9980907440185547,0.979179859161377,0.9985855221748352,0.9633366465568542,0.9902670979499817,0.9364060163497925,0.9807291626930237,0.8847408294677734,0.34488651156425476,0.9903643727302551,0.9270416498184204,0.9901765584945679,0.9497947096824646
60,0.9997762441635132,0.9803287982940674,0.998482346534729,0.9621755480766296,0.9969708919525146,0.9457805752754211,1.049999991664663e-05,0.33926355838775635,0.9985253810882568,0.9570862054824829,0.9984400272369385,0.9679632782936096,0.9985855221748352,0.9631142616271973,0.9902790784835815,0.9359495639801025,0.9807518720626831,0.8846349120140076,0.34501609206199646,0.9900385141372681,0.9235696196556091,0.9905284643173218,0.9528132081031799
61,0.9998211860656738,0.9872074723243713,0.9987855553627014,0.9756289124488831,0.9975754022598267,0.962329626083374,1.049999991664663e-05,0.3390824794769287,0.9987713098526001,0.9716113805770874,0.9988011717796326,0.980217456817627,0.9986199736595154,0.9638994336128235,0.9904954433441162,0.9373037815093994,0.9811771512031555,0.8857865333557129,0.34481266140937805,0.9903303384780884,0.9309834837913513,0.9906665086746216,0.9465876221656799
62,0.9998311400413513,0.9929348230361938,0.9988141655921936,0.9870555400848389,0.9976323843002319,0.9747867584228516,1.049999991664663e-05,0.33900052309036255,0.9987877607345581,0.9846638441085815,0.9988408088684082,0.9896501898765564,0.9986242651939392,0.9627900123596191,0.9905003309249878,0.9350797533988953,0.981187105178833,0.8825156688690186,0.34484055638313293,0.98970627784729,0.9225053191184998,0.9913029670715332,0.9516892433166504
63,0.9998345375061035,0.9928144812583923,0.9988865852355957,0.9867417812347412,0.9977760910987854,0.9741222262382507,1.049999991664663e-05,0.3389318585395813,0.9988899230957031,0.9833251237869263,0.9988839626312256,0.9905011057853699,0.9985904097557068,0.9627876281738281,0.9903002381324768,0.9352751970291138,0.9807941317558289,0.8829506039619446,0.34502848982810974,0.9902929663658142,0.9184145331382751,0.9903145432472229,0.9568912386894226
64,0.9998195767402649,0.989238977432251,0.9987847805023193,0.9796931743621826,0.9975737929344177,0.9697411060333252,1.049999991664663e-05,0.3389799892902374,0.9988079071044922,0.976746678352356,0.9987621307373047,0.982789158821106,0.9986129999160767,0.9642074704170227,0.9904367327690125,0.9379784464836121,0.9810613393783569,0.8869187235832214,0.3449244797229767,0.9896904230117798,0.926543116569519,0.991190493106842,0.9531311988830566
65,0.9998291730880737,0.99373459815979,0.9988563060760498,0.9886134266853333,0.9977155923843384,0.9777128100395203,1.049999991664663e-05,0.3388771414756775,0.9988572597503662,0.9851133823394775,0.9988555312156677,0.9924119710922241,0.9986111521720886,0.9650056958198547,0.990431547164917,0.9395795464515686,0.9810519218444824,0.8898299336433411,0.3449031412601471,0.9903743267059326,0.9295511841773987,0.9904959201812744,0.9529878497123718
66,0.9998496174812317,0.9940122961997986,0.998975396156311,0.9890491962432861,0.9979533553123474,0.9786622524261475,1.049999991664663e-05,0.3387768268585205,0.9989901781082153,0.9864594340324402,0.9989601969718933,0.991935670375824,0.9986096024513245,0.9627971649169922,0.9904067516326904,0.9351876974105835,0.9810025691986084,0.8828065991401672,0.34494563937187195,0.989981472492218,0.9245991706848145,0.9908390641212463,0.9496414065361023
67,0.9998562335968018,0.9892096519470215,0.9990297555923462,0.9793895483016968,0.9980621933937073,0.9692418575286865,1.049999991664663e-05,0.3387579321861267,0.9990414381027222,0.9773818254470825,0.9990186095237732,0.9815908074378967,0.9985815286636353,0.961497962474823,0.9902147054672241,0.932780921459198,0.9806270599365234,0.8787457942962646,0.3451065421104431,0.9908263683319092,0.9216724634170532,0.9896100759506226,0.9477201104164124
68,0.9998438358306885,0.993578314781189,0.9989716410636902,0.9881850481033325,0.9979461431503296,0.9770842790603638,1.049999991664663e-05,0.33872947096824646,0.9989869594573975,0.9840924143791199,0.9989568591117859,0.9927539825439453,0.9985852241516113,0.9620363116264343,0.9902799725532532,0.9337930083274841,0.9807532429695129,0.8804865479469299,0.3451806604862213,0.9908123016357422,0.9163775444030762,0.9897559881210327,0.9560757279396057
69,0.9998577833175659,0.9940096139907837,0.999035656452179,0.9889833331108093,0.9980730414390564,0.9784296154975891,1.049999991664663e-05,0.33864808082580566,0.9990068078041077,0.9877123236656189,0.9990646243095398,0.9904463291168213,0.9985793828964233,0.963538646697998,0.9902065396308899,0.9368708729743958,0.9806104898452759,0.8845948576927185,0.34524279832839966,0.991190493106842,0.9316708445549011,0.9892314672470093,0.9447791576385498
70,0.9998552799224854,0.9929254055023193,0.9990291595458984,0.9868218898773193,0.9980605244636536,0.9746360778808594,1.049999991664663e-05,0.3386407792568207,0.9990301728248596,0.9846814870834351,0.9990285634994507,0.9895858764648438,0.9985894560813904,0.962145984172821,0.9902845621109009,0.9340074062347412,0.9807628393173218,0.8808921575546265,0.34518858790397644,0.9912769794464111,0.9136164784431458,0.9892998337745667,0.9596442580223083
71,0.9998947381973267,0.9945548176765442,0.9992691874504089,0.9898396134376526,0.9985400438308716,0.9806481003761292,5.249999958323315e-06,0.3384549021720886,0.9992570281028748,0.9869178533554077,0.9992820620536804,0.9935616254806519,0.9986251592636108,0.9628311991691589,0.9905198812484741,0.9351425170898438,0.9812250733375549,0.8828157186508179,0.34500908851623535,0.9903237223625183,0.9283633232116699,0.9907218813896179,0.9461103081703186
72,0.9999086856842041,0.9957212209701538,0.9993842840194702,0.9920580387115479,0.9987697601318359,0.984470009803772,5.249999958323315e-06,0.3384048342704773,0.9993895888328552,0.9889065623283386,0.9993792772293091,0.9954463839530945,0.9986178874969482,0.9612389206886292,0.9904597997665405,0.9320182800292969,0.981106698513031,0.8775903582572937,0.34501323103904724,0.9906683564186096,0.9179513454437256,0.9902580380439758,0.9505814909934998
73,0.9999212026596069,0.9968762397766113,0.9994785189628601,0.9942741990089417,0.9989575147628784,0.9886986017227173,5.249999958323315e-06,0.3383309543132782,0.9995198845863342,0.9925827980041504,0.9994372725486755,0.9960436224937439,0.9986215233802795,0.9636595845222473,0.9904792308807373,0.9368399977684021,0.9811457991600037,0.8855764865875244,0.3451186418533325,0.9897862076759338,0.9256335496902466,0.9911795854568481,0.9521989226341248
74,0.9999134540557861,0.9916190505027771,0.9994047284126282,0.9838330745697021,0.998810350894928,0.9778404235839844,5.249999958323315e-06,0.33833780884742737,0.9994007349014282,0.9823327660560608,0.9994087219238281,0.9854141473770142,0.998612642288208,0.9625042080879211,0.990416407585144,0.9345917701721191,0.9810226559638977,0.8818026781082153,0.3452235460281372,0.9894388318061829,0.9192856550216675,0.9914030432701111,0.9545111060142517
75,0.9999304413795471,0.992225170135498,0.9995416402816772,0.9849083423614502,0.9990845322608948,0.9799535870552063,5.249999958323315e-06,0.33825013041496277,0.9995421767234802,0.9829221367835999,0.9995412230491638,0.986966609954834,0.9986081123352051,0.9621332287788391,0.9903744459152222,0.9338916540145874,0.9809404611587524,0.8807727694511414,0.34521999955177307,0.9901705384254456,0.9190895557403564,0.9905861020088196,0.9532209634780884
76,0.9999375939369202,0.9862123727798462,0.9995623826980591,0.9728620052337646,0.999125599861145,0.9662129282951355,2.6249999791616574e-06,0.33823055028915405,0.9995597004890442,0.9697118401527405,0.9995654225349426,0.9764577746391296,0.9986105561256409,0.9613721370697021,0.9904199242591858,0.932324230670929,0.9810284972190857,0.8779931664466858,0.3451233208179474,0.9904871582984924,0.9184545278549194,0.9903597235679626,0.9507663249969482
77,0.9999419450759888,0.997002363204956,0.9996130466461182,0.9943920373916626,0.999226450920105,0.9890618920326233,2.6249999791616574e-06,0.33817994594573975,0.9996265172958374,0.9918671250343323,0.9995994567871094,0.9971698522567749,0.9986108541488647,0.962246298789978,0.9904085397720337,0.9340841770172119,0.981006920337677,0.8808054327964783,0.3451734185218811,0.9902091026306152,0.9185436367988586,0.9906159043312073,0.9545356631278992
78,0.9999467730522156,0.9966833591461182,0.9996210336685181,0.9937458038330078,0.9992424845695496,0.9878610372543335,2.6249999791616574e-06,0.3381560444831848,0.9996169805526733,0.9918403029441833,0.999625027179718,0.9958360195159912,0.9986117482185364,0.9620845317840576,0.9904009103775024,0.9337683320045471,0.9809922575950623,0.8804153203964233,0.3452029824256897,0.9904202222824097,0.9158540368080139,0.9903889298439026,0.9563665986061096
79,0.9999430179595947,0.9970165491104126,0.9995942711830139,0.994438648223877,0.9991894364356995,0.9891159534454346,2.6249999791616574e-06,0.3381645083427429,0.9995948672294617,0.9925765991210938,0.99959397315979,0.9963789582252502,0.9986068606376648,0.9620947241783142,0.9903770685195923,0.9338120222091675,0.9809451103210449,0.8805288076400757,0.3452051281929016,0.9901871681213379,0.9156426191329956,0.9905741810798645,0.9570257067680359
80,0.9999493360519409,0.9919575452804565,0.9996528625488281,0.9842619895935059,0.999306321144104,0.9787943363189697,2.6249999791616574e-06,0.33813872933387756,0.9996337890625,0.9834079146385193,0.9996726512908936,0.9852531552314758,0.9986175298690796,0.9625781178474426,0.9904480576515198,0.9347085356712341,0.9810842871665955,0.8818828463554382,0.345194935798645,0.9908537268638611,0.9203383922576904,0.990049421787262,0.9536356925964355
81,0.999956488609314,0.9980629682540894,0.9997019171714783,0.9964243173599243,0.9994043111801147,0.9929195642471313,1.3124999895808287e-06,0.33808624744415283,0.9997130036354065,0.9951581358909607,0.9996912479400635,0.9977384805679321,0.9986099004745483,0.961789071559906,0.9904032349586487,0.9331749677658081,0.9809960722923279,0.8793425559997559,0.3452036678791046,0.9904485940933228,0.9173935055732727,0.9903647899627686,0.9536759257316589
82,0.9999541640281677,0.9975776076316833,0.999695897102356,0.9954593777656555,0.9993926882743835,0.9911656975746155,1.3124999895808287e-06,0.3380858600139618,0.9997084736824036,0.9934566617012024,0.9996834397315979,0.9975807666778564,0.9986132979393005,0.9612438678741455,0.9904157519340515,0.9320719838142395,0.9810211658477783,0.877564013004303,0.34523239731788635,0.9903861284255981,0.9158254265785217,0.9904525279998779,0.9532911777496338
83,0.9999628663063049,0.9929302930831909,0.9997485876083374,0.986112117767334,0.9994975328445435,0.9823365807533264,1.3124999895808287e-06,0.33805590867996216,0.9997711181640625,0.9841570854187012,0.9997261762619019,0.9881584644317627,0.9986120462417603,0.9612199664115906,0.9904233813285828,0.9320163726806641,0.9810362458229065,0.8775039911270142,0.345239520072937,0.9904190301895142,0.9166972637176514,0.9904346466064453,0.9526001811027527
84,0.9999634027481079,0.9933706521987915,0.9997591376304626,0.9869816303253174,0.9995182752609253,0.984015703201294,1.3124999895808287e-06,0.3380361795425415,0.9997801780700684,0.9856213927268982,0.9997380971908569,0.988375723361969,0.9986138939857483,0.9618009328842163,0.9904265403747559,0.9331749677658081,0.9810423851013184,0.8794488310813904,0.3452569842338562,0.9903295636177063,0.9160136580467224,0.9905307292938232,0.9556356072425842
85,0.9999534487724304,0.9977472424507141,0.9997006058692932,0.9957938194274902,0.9994022250175476,0.9917389750480652,1.3124999895808287e-06,0.33807602524757385,0.9997382164001465,0.9945614337921143,0.9996634721755981,0.9971174597740173,0.9986059665679932,0.9620619416236877,0.9903768301010132,0.9337470531463623,0.980944037437439,0.8803093433380127,0.3452715277671814,0.9901788234710693,0.919423520565033,0.9905813336372375,0.9530051350593567
